"","ES","ci.lb","ci.ub"
"1",0.268595899367634,0.116292431201453,0.420899367533814
"2",0.268595899367634,0.116292431201453,0.420899367533814
"3",0.494173781195505,0.201822159199837,0.786525403191173
"4",0.268595899367634,0.116292431201453,0.420899367533814
"5",0.384733070175216,-0.150466711272277,0.919932851622709
"6",0.225577881827871,-0.0599588710303355,0.511114634686078
"7",0.268595899367634,0.116292431201453,0.420899367533814
"8",0.268595899367634,0.116292431201453,0.420899367533814
"9",0.268595899367634,0.116292431201453,0.420899367533814
"10",0.268595899367634,0.116292431201453,0.420899367533814
"11",0.225577881827871,-0.0599588710303355,0.511114634686078
"12",0.268595899367634,0.116292431201453,0.420899367533814
"13",0.268595899367634,0.116292431201453,0.420899367533814
"14",0.268595899367634,0.116292431201453,0.420899367533814
"15",0.494173781195505,0.201822159199837,0.786525403191173
"16",0.268595899367634,0.116292431201453,0.420899367533814
"17",0.268595899367634,0.116292431201453,0.420899367533814
"18",0.374745942207764,-0.103123670411908,0.852615554827436
"19",0.268595899367634,0.116292431201453,0.420899367533814
"20",0.268595899367634,0.116292431201453,0.420899367533814
"21",0.268595899367634,0.116292431201453,0.420899367533814
"22",0.384733070175216,-0.150466711272277,0.919932851622709
"23",0.268595899367634,0.116292431201453,0.420899367533814
"24",-0.276000000000001,-0.998270403943001,0.446270403942999
"25",0.268595899367634,0.116292431201453,0.420899367533814
"26",0.268595899367634,0.116292431201453,0.420899367533814
"27",0.268595899367634,0.116292431201453,0.420899367533814
"28",0.225577881827871,-0.0599588710303355,0.511114634686078
"29",0.268595899367634,0.116292431201453,0.420899367533814
"30",0.494173781195505,0.201822159199837,0.786525403191173
"31",0.268595899367634,0.116292431201453,0.420899367533814
"32",0.225577881827871,-0.0599588710303355,0.511114634686078
"33",0.374745942207764,-0.103123670411908,0.852615554827436
