,id,study,outcome,treat1,treat2,n1,n2,y1,y2,sd1,sd2,age_mean1,age_mean2,age_sd1,age_sd2,total1,total2,male1,male2,female1,female2,follow-up_mo1,follow-up_mo2,follow-up_yr1,follow-up_yr2,TE,seTE
0,3,"Ahldén et al., 2009",lysholm,BPTB,HT,25,22,80.7,79.16,21.64,13.35,27.41,28.6,8.9,6.36,22.0,25.0,14,18,8.0,7.0,90.27,86.79,7.5,7.2,0.084,0.292
1,9,"Barenius et al., 2010",lysholm,BPTB,HT,78,75,85.82,86.42,11.83,12.53,33.0,35.0,6.3,7.5,78.0,75.0,38,51,40.0,24.0,96.0,96.0,8.0,8.0,0.049,0.162
2,10,"Barié et al., 2020",lysholm,BPTB,QT,43,43,95.2,95.6,6.6,7.8,30.6,30.5,7.5,7.8,30.0,30.0,17,17,13.0,13.0,122.4,123.6,10.2,10.3,0.055,0.216
3,13,"Björnsson et al., 2016",lysholm,BPTB,HT,61,86,79.4,80.7,16.9,15.3,28.2,26.8,9.1,7.6,61.0,86.0,42,53,19.0,33.0,202.6,191.9,16.9,16.0,0.081,0.167
4,18,"Butt et al., 2024",lysholm,HT,PLT,30,30,95.1,94.5,5.2,6.4,29.17,27.73,5.03,4.14,30.0,30.0,29,30,1.0,0.0,60.0,60.0,5.0,5.0,0.103,0.258
5,19,"Calvert et al., 2025",lysholm,HT,QT,92,89,94.0,93.0,7.0,8.0,29.4,28.1,7.7,8.2,55.0,57.0,28,28,27.0,29.0,24.0,24.0,2.0,2.0,0.133,0.149
6,23,"Ejerhed et al., 2003",lysholm,BPTB,HT,32,34,89.96,86.79,13.06,11.72,27.26,30.77,8.47,10.52,32.0,34.0,21,25,11.0,9.0,24.0,24.0,2.0,2.0,0.256,0.247
7,32,"Guglielmetti et al., 2021",lysholm,BPTB,HT,31,31,89.87,91.26,9.17,9.36,25.2,24.64,5.48,5.33,31.0,31.0,23,19,8.0,12.0,24.0,24.0,2.0,2.0,0.15,0.254
8,33,"Harilainen et al., 2006",lysholm,BPTB,HT,37,37,89.11,95.0,15.53,15.53,,,,,,,,,,,60.6,60.6,5.1,5.1,0.379,0.235
9,35,"Holm et al., 2010",lysholm,BPTB,HT,28,29,84.2,86.1,15.4,15.1,33.9,37.9,6.2,9.1,28.0,29.0,18,15,10.0,14.0,10.2,10.7,0.9,0.9,0.125,0.265
10,36,"Horstmann et al., 2022",lysholm,HT,QT,26,23,83.5,90.4,17.4,11.9,32.7,24.1,11.4,3.6,27.0,24.0,12,21,15.0,3.0,24.0,24.0,2.0,2.0,0.458,0.29
11,37,"Ibrahim et al., 2005",lysholm,BPTB,HT,40,46,91.6,92.7,3.94,3.62,22.3,22.3,3.94,3.84,40.0,46.0,40,46,0.0,0.0,81.0,81.0,6.8,6.8,0.292,0.217
12,38,"Iliopoulos et al., 2017",lysholm,BPTB,HT,45,45,95.8,94.0,2.4,3.6,24.8,26.7,5.0,7.2,10.0,10.0,10,10,0.0,0.0,9.0,9.0,0.8,0.8,0.588,0.215
13,43,"Kautzner et al., 2015",lysholm,BPTB,HT,74,73,88.0,90.0,7.5,7.6,26.0,26.0,6.28,6.29,74.0,73.0,0,0,74.0,73.0,24.0,24.0,2.0,2.0,0.265,0.166
14,44,"Komzak et al., 2022",lysholm,BPTB,QT,36,36,93.4,90.1,9.6,6.7,31.0,29.8,9.46,9.46,40.0,40.0,23,21,17.0,19.0,28.0,28.0,2.3,2.3,0.399,0.238
15,45,"Konrads et al., 2016",lysholm,BPTB,HT,24,23,92.0,91.8,8.99,9.33,29.8,29.8,6.33,6.33,31.0,31.0,22,23,9.0,8.0,120.0,120.0,10.0,10.0,0.022,0.292
16,49,"Laxdal et al., 2005",lysholm,BPTB,HT,40,78,94.0,92.0,18.09,13.4,28.0,25.0,8.35,5.6,,,,,,,26.0,26.0,2.2,2.2,0.132,0.195
17,51,"Li et al., 2015",lysholm,HT,TA,32,32,91.3,88.7,11.5,8.6,29.8,30.5,7.9,6.1,32.0,32.0,17,15,15.0,17.0,69.6,73.2,5.8,6.1,0.256,0.251
18,52,"Lidén et al., 2007",lysholm,BPTB,HT,30,32,81.0,90.0,18.38,12.1,28.0,29.0,8.37,10.35,34.0,37.0,23,26,11.0,11.0,87.11,87.05,7.3,7.3,0.582,0.26
19,54,"Lucidi et al., 2025",lysholm,BPTB,HT,19,20,84.8,88.6,10.3,8.3,52.8,54.5,7.3,7.5,,,,,,,240.0,240.0,20.0,20.0,0.407,0.324
20,55,"Lui et al., 2012",lysholm,BPTB,HT,14,17,84.0,80.0,13.47,15.59,26.5,24.63,5.0,4.6,14.0,38.0,14,38,0.0,0.0,12.0,12.0,1.0,1.0,0.273,0.363
21,58,"Malik et al., 2026",lysholm,HT,PLT,25,25,85.1,89.4,6.4,5.8,28.12,27.84,5.21,4.92,25.0,25.0,18,17,7.0,8.0,6.0,6.0,0.5,0.5,0.704,0.292
22,68,"Moraiti et al., 2010",lysholm,BPTB,HT,6,6,96.0,95.0,3.0,5.0,23.0,24.0,2.0,3.0,6.0,6.0,6,6,0.0,0.0,21.0,25.0,1.8,2.1,0.243,0.58
23,70,"Noh et al., 2011",lysholm,HT,AT,33,32,98.0,99.0,3.61,3.63,25.81,25.55,7.46,8.47,33.0,32.0,30,26,3.0,6.0,28.1,31.6,2.3,2.6,0.276,0.249
24,73,"Papalia et al., 2015",lysholm,BPTB,HT,20,20,87.4,93.17,13.8,10.3,24.7,25.4,,,20.0,20.0,0,0,20.0,20.0,6.0,6.0,0.5,0.5,0.474,0.321
25,77,"Popovic et al., 2024",lysholm,BPTB,HT,38,33,82.0,85.0,15.45,14.67,27.0,27.0,6.82,6.3,0.0,,`,,,,228.0,228.0,19.0,19.0,0.199,0.239
26,87,"Sonnery-cottet et al., 2026",lysholm,BPTB,HT,296,297,89.0,91.1,12.4,11.9,24.8,25.2,4.4,4.6,283.0,273.0,214,233,69.0,40.0,61.5,63.9,5.1,5.3,0.173,0.082
27,89,"Tang et al., 2023",lysholm,HT,QT,16,17,90.06,90.0,7.33,4.26,28.31,28.06,8.55,6.24,16.0,17.0,13,17,3.0,0.0,24.0,24.0,2.0,2.0,0.01,0.348
28,90,"Taylor et al., 2009",lysholm,BPTB,HT,21,23,90.3,90.4,12.19,12.75,21.7,22.1,4.6,6.53,32.0,32.0,25,28,7.0,4.0,32.4,38.4,2.7,3.2,0.008,0.302
29,93,"Vilchez-cavazos et al., 2020",lysholm,BPTB,QT,14,14,96.0,95.33,2.93,2.64,,24.46,,9.06,,14.0,,11,,3.0,,12.0,,1.0,0.24,0.379
30,96,"Wipfler et al., 2011",lysholm,BPTB,HT,29,25,87.28,91.82,1.76,1.71,29.87,34.23,7.3,9.25,31.0,31.0,19,18,12.0,13.0,108.0,108.0,9.0,9.0,2.614,0.374
31,97,"Yadav et al., 2025",lysholm,HT,QT,36,33,92.4,88.2,0.0,0.0,30.06,28.73,8.87,8.8,36.0,33.0,32,30,4.0,3.0,12.0,12.0,1.0,1.0,inf,inf
32,98,"Yoo et al., 2017",lysholm,HT,TA,68,64,96.0,93.0,6.99,5.78,30.0,24.0,9.96,8.35,68.0,64.0,61,59,7.0,5.0,32.8,34.5,2.7,2.9,0.466,0.177
