,Unnamed: 0,study,treat1,treat2,n1,n2,y1,y2,age1,age2,male1,male2,female1,female2,follow_up1,follow_up2,TE,seTE
0,0,"Aglietti et al., 2004",BPTB,HT,60.5,60.5,10.5,11.5,25.0,25.0,46,46,14.0,14.0,24.0,24.0,0.895,0.472
1,1,"Anderson et al., 2001",BPTB,HT,35.5,70.5,18.5,36.5,23.6,21.0,23,45,12.0,23.0,34.6,35.8,1.014,0.412
2,2,"Beynnon et al., 2002",BPTB,HT,22.5,22.5,3.5,9.5,28.5,29.9,18,13,10.0,15.0,36.0,36.0,0.252,0.721
3,3,"Bi et al., 2018",HT,PLT,62.5,62.5,4.5,5.5,27.9,29.1,31,34,31.0,28.0,30.3,29.7,0.804,0.662
4,4,"Björnsson et al., 2016",BPTB,HT,60.5,86.5,26.5,28.5,28.2,26.8,42,53,19.0,33.0,202.6,191.9,1.586,0.346
5,5,"Eriksson et al., 2001",BPTB,HT,42.5,47.5,6.5,19.5,27.0,27.0,0,0,0.0,0.0,6.7,6.7,0.259,0.518
6,6,"Feller & Webster, 2003",BPTB,HT,42.5,47.5,2.5,9.5,25.8,26.3,23,24,8.0,10.0,36.0,36.0,0.25,0.746
7,7,"Guglielmetti et al., 2021",BPTB,HT,31.5,31.5,7.5,10.5,25.2,24.6,23,19,8.0,12.0,24.0,24.0,0.625,0.564
8,8,"Harilainen et al., 2006",BPTB,HT,37.5,37.5,4.5,4.5,0.0,0.0,0,0,0.0,0.0,60.6,60.6,1.0,0.711
9,9,"Heijne & Werner, 2010",BPTB,HT,30.5,29.5,13.5,22.5,29.0,30.0,22,14,12.0,20.0,24.7,24.7,0.247,0.566
10,10,"Horstmann et al., 2022",HT,QT,26.5,23.5,0.5,0.5,32.7,24.1,12,21,15.0,3.0,24.0,24.0,0.885,2.02
11,11,"Ibrahim et al., 2005",BPTB,HT,40.5,45.5,5.5,8.5,22.3,22.3,40,46,0.0,0.0,81.0,81.0,0.684,0.596
12,12,"Jansson et al., 2003",BPTB,HT,43.5,46.5,3.5,3.5,0.0,0.0,0,0,0.0,0.0,24.0,24.0,1.075,0.787
13,13,"Laoruengthana et al., 2009",BPTB,HT,15.5,13.5,2.5,2.5,29.9,28.7,0,0,0.0,0.0,19.0,19.0,0.846,0.984
14,14,"Lawhorn et al., 2012",HT,TA,54.5,48.5,6.5,4.5,32.0,33.0,32,38,22.0,10.0,24.0,24.0,1.324,0.648
15,15,"Li et al., 2015",HT,TA,32.5,32.5,4.5,9.5,29.8,30.5,17,15,15.0,17.0,69.6,73.2,0.389,0.638
16,16,"Lind et al., 2020",HT,QT,49.5,47.5,11.5,8.5,27.1,27.2,25,29,24.0,21.0,24.0,24.0,1.389,0.507
17,17,"Lund et al., 2014",BPTB,QT,25.5,26.5,4.5,10.5,31.0,30.0,15,17,3.0,4.0,24.0,24.0,0.327,0.654
18,18,"Malik et al., 2026",HT,PLT,25.5,25.5,4.5,3.5,28.1,27.8,18,17,7.0,8.0,6.0,6.0,1.347,0.775
19,19,"Noh et al., 2011",HT,AT,33.5,32.5,6.5,11.5,25.8,25.6,30,26,3.0,6.0,28.1,31.6,0.44,0.57
20,20,"Pinczewski et al., 2007",BPTB,HT,53.5,58.5,5.5,8.5,25.0,24.0,48,47,42.0,43.0,120.0,120.0,0.674,0.583
21,21,"Popovic et al., 2024",BPTB,HT,38.5,33.5,1.5,3.5,27.0,27.0,`,0,0.0,0.0,228.0,228.0,0.347,1.006
22,22,"Sajovic et al., 2018",BPTB,HT,24.5,24.5,5.5,6.5,45.5,42.5,15,13,9.0,11.0,204.0,204.0,0.802,0.666
23,23,"Yadav et al., 2025",HT,QT,36.5,33.5,5.5,0.5,30.1,28.7,32,30,4.0,3.0,12.0,12.0,11.71,1.498
24,24,"Yoo et al., 2017",HT,TA,68.5,64.5,26.5,33.5,30.0,24.0,61,59,7.0,5.0,32.8,34.5,0.584,0.352
