id,study,subgroup,outcome,data_type,ni,yi,sdi,min,q1,median,q3,max,age_mean,age_sd,male,female,follow-up_mo,follow-up_yr,screening
6,"Anz et al., 2023",BPTB,graft rupture,dichotomous,8,0,0.18,,,,,,29.40,7.34,4,6,12,1,included
6,"Anz et al., 2023",HT,graft rupture,dichotomous,8,0,0.18,,,,,,29.40,7.34,4,6,12,1,included
12,"Bi et al., 2018",HT,graft rupture,dichotomous,,,,,,,,,27.90,6.70,31,31,30,2.5,excluded
12,"Bi et al., 2018",PLT,graft rupture,dichotomous,,,,,,,,,27.90,6.70,31,31,30,2.5,excluded
22,"Cruz et al., 2022",HT,graft rupture,dichotomous,,,,,,,,,,,,,,,excluded
22,"Cruz et al., 2022",TA,graft rupture,dichotomous,,,,,,,,,,,,,,,excluded
43,"Kautzner et al., 2015",BPTB,graft rupture,dichotomous,74,0,0.06,,,,,,26.00,6.28,0,74,24,2,included
43,"Kautzner et al., 2015",HT,graft rupture,dichotomous,73,2,0.30,,,,,,26.00,6.28,0,74,24,2,included
49,"Laxdal et al., 2005",BPTB,graft rupture,dichotomous,40,1,0.24,,,,,,28.00,8.35,,,26,2.2,included
49,"Laxdal et al., 2005",HT,graft rupture,dichotomous,78,2,0.42,,,,,,28.00,8.35,,,26,2.2,included
54,"Lucidi et al., 2025",BPTB,graft rupture,dichotomous,19,7,2.72,,,,,,52.80,7.30,,,240,20,included
54,"Lucidi et al., 2025",HT,graft rupture,dichotomous,20,3,0.92,,,,,,52.80,7.30,,,240,20,included
66,"Mohtadi et al., 2016",BPTB,graft rupture,dichotomous,110,19,2.25,,,,,,28.70,9.90,63,47,24,2,included
66,"Mohtadi et al., 2016",HT,graft rupture,dichotomous,110,24,2.99,,,,,,28.70,9.90,63,47,24,2,included
67,"Mohtadi & Chan, 2019",BPTB,graft rupture,dichotomous,,,,,,,,,,,,,,,excluded
67,"Mohtadi & Chan, 2019",HT,graft rupture,dichotomous,,,,,,,,,,,,,,,excluded
68,"Moraiti et al., 2010",BPTB,graft rupture,dichotomous,,,,,,,,,23.00,2.00,6,0,21,1.8,excluded
68,"Moraiti et al., 2010",HT,graft rupture,dichotomous,,,,,,,,,23.00,2.00,6,0,21,1.8,excluded
70,"Noh et al., 2011",HT,graft rupture,dichotomous,,,,,,,,,25.81,7.46,30,3,28,2.3,excluded
70,"Noh et al., 2011",AT,graft rupture,dichotomous,,,,,,,,,25.81,7.46,30,3,28,2.3,excluded
76,"Pinczewski et al., 2007",BPTB,graft rupture,dichotomous,90,7,0.86,,,,,,25.00,5.49,48,42,120,10,included
76,"Pinczewski et al., 2007",HT,graft rupture,dichotomous,90,12,1.52,,,,,,25.00,5.49,48,42,120,10,included
77,"Popovic et al., 2024",BPTB,graft rupture,dichotomous,38,3,0.62,,,,,,27.00,6.82,,,228,19,included
77,"Popovic et al., 2024",HT,graft rupture,dichotomous,33,4,0.89,,,,,,27.00,6.82,,,228,19,included
85,"Smith et al., 2020",BPTB,graft rupture,dichotomous,32,0,0.09,,,,,,17.70,2.40,15,17,24,2,included
85,"Smith et al., 2020",HT,graft rupture,dichotomous,32,2,0.47,,,,,,17.70,2.40,15,17,24,2,included
87,"Sonnery-cottet et al., 2026",BPTB,graft rupture,dichotomous,273,12,0.79,,,,,,24.80,4.40,214,69,62,5.1,included
87,"Sonnery-cottet et al., 2026",HT,graft rupture,dichotomous,283,12,0.78,,,,,,24.80,4.40,214,69,62,5.1,included
90,"Taylor et al., 2009",BPTB,graft rupture,dichotomous,32,3,0.68,,,,,,21.70,4.60,25,7,32,2.7,included
90,"Taylor et al., 2009",HT,graft rupture,dichotomous,32,4,0.91,,,,,,21.70,4.60,25,7,32,2.7,included
96,"Wipfler et al., 2011",BPTB,graft rupture,dichotomous,29,3,0.72,,,,,,29.87,7.30,19,12,108,9,included
96,"Wipfler et al., 2011",HT,graft rupture,dichotomous,25,3,0.80,,,,,,29.87,7.30,19,12,108,9,included
97,"Yadav et al., 2025",HT,graft rupture,dichotomous,36,1,0.26,,,,,,30.06,8.87,32,4,12,1,included
97,"Yadav et al., 2025",QT,graft rupture,dichotomous,33,0,0.09,,,,,,30.06,8.87,32,4,12,1,included
3,"Ahldén et al., 2009",BPTB,ikdc_objective,dichotomous,,,,,,,,,27.41,8.90,14,8,90,7.5,excluded
3,"Ahldén et al., 2009",HT,ikdc_objective,dichotomous,,,,,,,,,27.41,8.90,14,8,90,7.5,excluded
5,"Anderson et al., 2001",BPTB,ikdc_objective,dichotomous,,,,,,,,,23.60,7.13,23,12,35,2.9,excluded
5,"Anderson et al., 2001",HT,ikdc_objective,dichotomous,,,,,,,,,23.60,7.13,23,12,35,2.9,excluded
11,"Beynnon et al., 2002",BPTB,ikdc_objective,dichotomous,,,,,,,,,28.50,6.96,18,10,36,3,excluded
11,"Beynnon et al., 2002",HT,ikdc_objective,dichotomous,,,,,,,,,28.50,6.96,18,10,36,3,excluded
26,"Feller & Webster, 2003",BPTB,ikdc_objective,dichotomous,,,,,,,,,25.80,6.00,23,8,36,3,excluded
26,"Feller & Webster, 2003",HT,ikdc_objective,dichotomous,,,,,,,,,25.80,6.00,23,8,36,3,excluded
31,"Gobbi & Francisco, 2006",BPTB,ikdc_objective,dichotomous,,,,,,,,,,,,,,,excluded
31,"Gobbi & Francisco, 2006",HT,ikdc_objective,dichotomous,,,,,,,,,,,,,,,excluded
33,"Harilainen et al., 2006",BPTB,ikdc_objective,dichotomous,,,,,,,,,,,,,61,5.1,excluded
33,"Harilainen et al., 2006",HT,ikdc_objective,dichotomous,,,,,,,,,,,,,61,5.1,excluded
45,"Konrads et al., 2016",BPTB,ikdc_objective,dichotomous,,,,,,,,,29.80,6.33,22,9,120,10,excluded
45,"Konrads et al., 2016",HT,ikdc_objective,dichotomous,,,,,,,,,29.80,6.33,22,9,120,10,excluded
46,"Laoruengthana et al., 2009",BPTB,ikdc_objective,dichotomous,,,,,,,,,29.93,8.91,,,19,1.6,excluded
46,"Laoruengthana et al., 2009",HT,ikdc_objective,dichotomous,,,,,,,,,29.93,8.91,,,19,1.6,excluded
47,"Lawhorn et al., 2012",HT,ikdc_objective,dichotomous,,,,,,,,,32.00,8.43,32,22,24,2,excluded
47,"Lawhorn et al., 2012",TA,ikdc_objective,dichotomous,,,,,,,,,32.00,8.43,32,22,24,2,excluded
49,"Laxdal et al., 2005",BPTB,ikdc_objective,dichotomous,,,,,,,,,28.00,8.35,,,26,2.2,excluded
49,"Laxdal et al., 2005",HT,ikdc_objective,dichotomous,,,,,,,,,28.00,8.35,,,26,2.2,excluded
52,"Lidén et al., 2007",BPTB,ikdc_objective,dichotomous,,,,,,,,,28.00,8.37,23,11,87,7.3,excluded
52,"Lidén et al., 2007",HT,ikdc_objective,dichotomous,,,,,,,,,28.00,8.37,23,11,87,7.3,excluded
57,"Maletis et al., 2007",BPTB,ikdc_objective,dichotomous,,,,,,,,,,,,,,,excluded
57,"Maletis et al., 2007",HT,ikdc_objective,dichotomous,,,,,,,,,,,,,,,excluded
67,"Mohtadi & Chan, 2019",BPTB,ikdc_objective,dichotomous,,,,,,,,,,,,,,,excluded
67,"Mohtadi & Chan, 2019",HT,ikdc_objective,dichotomous,,,,,,,,,,,,,,,excluded
70,"Noh et al., 2011",HT,ikdc_objective,dichotomous,,,,,,,,,25.81,7.46,30,3,28,2.3,excluded
70,"Noh et al., 2011",AT,ikdc_objective,dichotomous,,,,,,,,,25.81,7.46,30,3,28,2.3,excluded
72,"Oneill et al., 1996",BPTB,ikdc_objective,dichotomous,,,,,,,,,,,,,,,excluded
72,"Oneill et al., 1996",HT,ikdc_objective,dichotomous,,,,,,,,,,,,,,,excluded
76,"Pinczewski et al., 2007",BPTB,ikdc_objective,dichotomous,,,,,,,,,25.00,5.49,48,42,120,10,excluded
76,"Pinczewski et al., 2007",HT,ikdc_objective,dichotomous,,,,,,,,,25.00,5.49,48,42,120,10,excluded
82,"Sajovic et al., 2018",BPTB,ikdc_objective,dichotomous,,,,,,,,,45.50,8.70,15,9,204,17,excluded
82,"Sajovic et al., 2018",HT,ikdc_objective,dichotomous,,,,,,,,,45.50,8.70,15,9,204,17,excluded
90,"Taylor et al., 2009",BPTB,ikdc_objective,dichotomous,,,,,,,,,21.70,4.60,25,7,32,2.7,excluded
90,"Taylor et al., 2009",HT,ikdc_objective,dichotomous,,,,,,,,,21.70,4.60,25,7,32,2.7,excluded
95,"Webster et al., 2001",BPTB,ikdc_objective,dichotomous,,,,,,,,,26.00,6.30,20,8,24,2,excluded
95,"Webster et al., 2001",HT,ikdc_objective,dichotomous,,,,,,,,,26.00,6.30,20,8,24,2,excluded
10,"Barié et al., 2020",BPTB,ikdc_subjective,continuous,43,91.00,7.30,,,,,,30.60,7.50,17,13,122,10.2,included
10,"Barié et al., 2020",QT,ikdc_subjective,continuous,43,92.00,11.50,,,,,,30.60,7.50,17,13,122,10.2,included
12,"Bi et al., 2018",HT,ikdc_subjective,continuous,62,90.40,7.10,,,,,,27.90,6.70,31,31,30,2.5,included
12,"Bi et al., 2018",PLT,ikdc_subjective,continuous,62,89.30,8.40,,,,,,27.90,6.70,31,31,30,2.5,included
13,"Björnsson et al., 2016",BPTB,ikdc_subjective,continuous,61,67.30,20.80,,,,,,28.20,9.10,42,19,203,16.9,included
13,"Björnsson et al., 2016",HT,ikdc_subjective,continuous,86,74.00,18.80,,,,,,28.20,9.10,42,19,203,16.9,included
14,"Bottoni et al., 2015",HT,ikdc_subjective,continuous,44,79.50,24.70,,,,,,28.90,5.80,41,7,120,10,included
14,"Bottoni et al., 2015",TA,ikdc_subjective,continuous,36,81.10,23.10,,,,,,28.90,5.80,41,7,120,10,included
18,"Butt et al., 2024",HT,ikdc_subjective,continuous,30,89.70,5.70,,,,,,29.17,5.03,29,1,60,5,included
18,"Butt et al., 2024",PLT,ikdc_subjective,continuous,30,89.90,9.80,,,,,,29.17,5.03,29,1,60,5,included
19,"Calvert et al., 2025",HT,ikdc_subjective,continuous,92,92.00,8.00,,,,,,29.40,7.70,28,27,24,2,included
19,"Calvert et al., 2025",QT,ikdc_subjective,continuous,89,89.00,10.00,,,,,,29.40,7.70,28,27,24,2,included
32,"Guglielmetti et al., 2021",BPTB,ikdc_subjective,continuous,31,88.75,9.27,,,,,,25.20,5.48,23,8,24,2,included
32,"Guglielmetti et al., 2021",HT,ikdc_subjective,continuous,31,91.00,9.07,,,,,,25.20,5.48,23,8,24,2,included
36,"Horstmann et al., 2022",HT,ikdc_subjective,continuous,26,83.70,12.70,,,,,,32.70,11.40,12,15,24,2,included
36,"Horstmann et al., 2022",QT,ikdc_subjective,continuous,23,89.30,12.20,,,,,,32.70,11.40,12,15,24,2,included
38,"Iliopoulos et al., 2017",BPTB,ikdc_subjective,continuous,45,83.20,2.80,,,,,,24.80,5.00,10,0,9,0.8,included
38,"Iliopoulos et al., 2017",HT,ikdc_subjective,continuous,45,82.78,2.80,,,,,,24.80,5.00,10,0,9,0.8,included
44,"Komzak et al., 2022",BPTB,ikdc_subjective,continuous,36,74.20,10.20,,,,,,31.00,9.46,23,17,28,2.3,included
44,"Komzak et al., 2022",QT,ikdc_subjective,continuous,36,78.30,10.50,,,,,,31.00,9.46,23,17,28,2.3,included
51,"Li et al., 2015",HT,ikdc_subjective,continuous,32,87.50,3.20,,,,,,29.80,7.90,17,15,70,5.8,included
51,"Li et al., 2015",TA,ikdc_subjective,continuous,32,83.80,6.90,,,,,,29.80,7.90,17,15,70,5.8,included
53,"Lind et al., 2020",HT,ikdc_subjective,continuous,49,78.00,18.00,,,,,,27.10,6.10,25,24,24,2,included
53,"Lind et al., 2020",QT,ikdc_subjective,continuous,47,82.00,14.00,,,,,,27.10,6.10,25,24,24,2,included
54,"Lucidi et al., 2025",BPTB,ikdc_subjective,continuous,19,78.40,13.70,,,,,,52.80,7.30,,,240,20,included
54,"Lucidi et al., 2025",HT,ikdc_subjective,continuous,20,81.60,11.90,,,,,,52.80,7.30,,,240,20,included
55,"Lui et al., 2012",BPTB,ikdc_subjective,continuous,14,71.90,15.20,,,,,,26.50,5.00,14,0,12,1,included
55,"Lui et al., 2012",HT,ikdc_subjective,continuous,17,73.10,12.30,,,,,,26.50,5.00,14,0,12,1,included
56,"Lund et al., 2014",BPTB,ikdc_subjective,continuous,18,75.00,13.00,,,,,,31.00,8.00,15,3,24,2,included
56,"Lund et al., 2014",QT,ikdc_subjective,continuous,21,76.00,16.00,,,,,,31.00,8.00,15,3,24,2,included
58,"Malik et al., 2026",HT,ikdc_subjective,continuous,25,78.90,7.40,,,,,,28.12,5.21,18,7,6,0.5,included
58,"Malik et al., 2026",PLT,ikdc_subjective,continuous,25,82.60,6.30,,,,,,28.12,5.21,18,7,6,0.5,included
62,"Matsumoto et al., 2006",BPTB,ikdc_subjective,continuous,37,84.30,11.00,,,,,,23.70,7.70,21,16,87,7.3,included
62,"Matsumoto et al., 2006",HT,ikdc_subjective,continuous,35,86.80,8.30,,,,,,23.70,7.70,21,16,87,7.3,included
68,"Moraiti et al., 2010",BPTB,ikdc_subjective,continuous,6,92.00,7.00,,,,,,23.00,2.00,6,0,21,1.8,included
68,"Moraiti et al., 2010",HT,ikdc_subjective,continuous,6,90.00,10.00,,,,,,23.00,2.00,6,0,21,1.8,included
73,"Papalia et al., 2015",BPTB,ikdc_subjective,continuous,20,86.90,11.70,,,,,,24.70,,0,20,6,0.5,included
73,"Papalia et al., 2015",HT,ikdc_subjective,continuous,20,90.97,5.10,,,,,,24.70,,0,20,6,0.5,included
84,"Sinding et al., 2020",HT,ikdc_subjective,continuous,43,76.00,15.00,,,,,,28.30,6.20,23,20,13,1,included
84,"Sinding et al., 2020",QT,ikdc_subjective,continuous,42,76.00,17.00,,,,,,28.30,6.20,23,20,13,1,included
85,"Smith et al., 2020",BPTB,ikdc_subjective,continuous,32,89.40,9.20,,,,,,17.70,2.40,15,17,24,2,included
85,"Smith et al., 2020",HT,ikdc_subjective,continuous,32,94.80,6.40,,,,,,17.70,2.40,15,17,24,2,included
87,"Sonnery-cottet et al., 2026",BPTB,ikdc_subjective,continuous,296,89.40,10.90,,,,,,24.80,4.40,214,69,62,5.1,included
87,"Sonnery-cottet et al., 2026",HT,ikdc_subjective,continuous,297,91.00,10.30,,,,,,24.80,4.40,214,69,62,5.1,included
89,"Tang et al., 2023",HT,ikdc_subjective,continuous,16,90.13,6.99,,,92.5,,,28.31,8.55,13,3,24,2,included
89,"Tang et al., 2023",QT,ikdc_subjective,continuous,17,87.12,6.61,,,90,,,28.31,8.55,13,3,24,2,included
93,"Vilchez-cavazos et al., 2020",BPTB,ikdc_subjective,continuous,14,90.00,1.76,,87,90.00,93,,24.46,8.24,12,3,12,1,included
93,"Vilchez-cavazos et al., 2020",QT,ikdc_subjective,continuous,14,88.17,2.49,,83,90.00,91.5,,24.46,8.24,12,3,12,1,included
96,"Wipfler et al., 2011",BPTB,ikdc_subjective,continuous,29,86.72,2.27,,,,,,29.87,7.30,19,12,108,9,included
96,"Wipfler et al., 2011",HT,ikdc_subjective,continuous,25,92.95,1.99,,,,,,29.87,7.30,19,12,108,9,included
100,"Zaffagnini et al., 2011",BPTB,ikdc_subjective,continuous,40,82.00,20.00,,,,,,26.00,9.50,20,19,103,8.6,included
100,"Zaffagnini et al., 2011",HT,ikdc_subjective,continuous,39,88.00,9.00,,,,,,26.00,9.50,20,19,103,8.6,included
2,"Aglietti et al., 2004",BPTB,instrumented_laxity,continuous,60,2.20,1.08,0,,,,5,25.00,4.97,46,14,24,2,included
2,"Aglietti et al., 2004",HT,instrumented_laxity,continuous,60,1.95,1.30,-1,,,,5,25.00,4.97,46,14,24,2,included
3,"Ahldén et al., 2009",BPTB,instrumented_laxity,continuous,25,2.60,3.30,,,,,,27.41,8.90,14,8,90,7.5,included
3,"Ahldén et al., 2009",HT,instrumented_laxity,continuous,22,1.40,2.60,,,,,,27.41,8.90,14,8,90,7.5,included
4,"Akelman et al., 2016",BPTB,instrumented_laxity,continuous,,,,,,,,,,,,,,,excluded
4,"Akelman et al., 2016",HT,instrumented_laxity,continuous,,,,,,,,,,,,,,,excluded
5,"Anderson et al., 2001",BPTB,instrumented_laxity,continuous,35,2.10,2.00,,,,,,23.60,7.13,23,12,35,2.9,included
5,"Anderson et al., 2001",HT,instrumented_laxity,continuous,33,3.10,2.30,,,,,,23.60,7.13,23,12,35,2.9,included
7,"Aune et al., 2001",BPTB,instrumented_laxity,continuous,32,3.30,2.60,,,,,,25.00,7.00,19,16,24,2,included
7,"Aune et al., 2001",HT,instrumented_laxity,continuous,29,2.90,2.40,,,,,,25.00,7.00,19,16,24,2,included
9,"Barenius et al., 2010",BPTB,instrumented_laxity,continuous,,,,,,,,,33.00,6.30,38,40,96,8,excluded
9,"Barenius et al., 2010",HT,instrumented_laxity,continuous,,,,,,,,,33.00,6.30,38,40,96,8,excluded
10,"Barié et al., 2020",BPTB,instrumented_laxity,continuous,43,1.05,1.36,,,,,,30.60,7.50,17,13,122,10.2,included
10,"Barié et al., 2020",QT,instrumented_laxity,continuous,43,1.00,1.10,,,,,,30.60,7.50,17,13,122,10.2,included
11,"Beynnon et al., 2002",BPTB,instrumented_laxity,continuous,,,,,,,,,28.50,6.96,18,10,36,3,excluded
11,"Beynnon et al., 2002",HT,instrumented_laxity,continuous,,,,,,,,,28.50,6.96,18,10,36,3,excluded
12,"Bi et al., 2018",HT,instrumented_laxity,continuous,62,1.71,0.57,,,,,,27.90,6.70,31,31,30,2.5,included
12,"Bi et al., 2018",PLT,instrumented_laxity,continuous,62,1.85,0.77,,,,,,27.90,6.70,31,31,30,2.5,included
13,"Björnsson et al., 2016",BPTB,instrumented_laxity,continuous,,,,,,,,,28.20,9.10,42,19,203,16.9,excluded
13,"Björnsson et al., 2016",HT,instrumented_laxity,continuous,,,,,,,,,28.20,9.10,42,19,203,16.9,excluded
16,"Breker et al., 2025",BPTB,instrumented_laxity,continuous,,,,,,,,,,,,,,,excluded
16,"Breker et al., 2025",HT,instrumented_laxity,continuous,,,,,,,,,,,,,,,excluded
23,"Ejerhed et al., 2003",BPTB,instrumented_laxity,continuous,32,2.29,3.99,-5,,2,,11.5,27.26,8.47,21,11,24,2,included
23,"Ejerhed et al., 2003",HT,instrumented_laxity,continuous,34,2.47,3.47,-4,,2.25,,10.5,27.26,8.47,21,11,24,2,included
25,"Eriksson et al., 2001",BPTB,instrumented_laxity,continuous,42,0.95,0.91,,,,,,27.00,6.00,,,7,0.6,included
25,"Eriksson et al., 2001",HT,instrumented_laxity,continuous,47,1.10,0.95,,,,,,27.00,6.00,,,7,0.6,included
26,"Feller & Webster, 2003",BPTB,instrumented_laxity,continuous,27,0.50,1.00,,,,,,25.80,6.00,23,8,36,3,included
26,"Feller & Webster, 2003",HT,instrumented_laxity,continuous,21,1.10,1.20,,,,,,25.80,6.00,23,8,36,3,included
28,"Gerber et al., 2007",BPTB,instrumented_laxity,continuous,,,,,,,,,,,,,,,excluded
28,"Gerber et al., 2007",HT,instrumented_laxity,continuous,,,,,,,,,,,,,,,excluded
30,"Gifstad et al., 2013",BPTB,instrumented_laxity,continuous,41,1.40,1.80,,,,,,27.00,6.74,,,84,7,included
30,"Gifstad et al., 2013",HT,instrumented_laxity,continuous,36,1.40,1.40,,,,,,27.00,6.74,,,84,7,included
31,"Gobbi & Francisco, 2006",BPTB,instrumented_laxity,continuous,,,,,,,,,,,,,,,excluded
31,"Gobbi & Francisco, 2006",HT,instrumented_laxity,continuous,,,,,,,,,,,,,,,excluded
33,"Harilainen et al., 2006",BPTB,instrumented_laxity,continuous,37,1.50,3.00,,,,,,,,,,61,5.1,included
33,"Harilainen et al., 2006",HT,instrumented_laxity,continuous,37,1.20,3.90,,,,,,,,,,61,5.1,included
34,"Heijne & Werner, 2010",BPTB,instrumented_laxity,continuous,,,,,,,,,29.00,7.00,22,12,25,2.1,excluded
34,"Heijne & Werner, 2010",HT,instrumented_laxity,continuous,,,,,,,,,29.00,7.00,22,12,25,2.1,excluded
35,"Holm et al., 2010",BPTB,instrumented_laxity,continuous,28,3.00,3.20,,,,,,33.90,6.20,18,10,10,0.9,included
35,"Holm et al., 2010",HT,instrumented_laxity,continuous,29,2.00,3.50,,,,,,33.90,6.20,18,10,10,0.9,included
36,"Horstmann et al., 2022",HT,instrumented_laxity,continuous,26,0.20,2.20,,,,,,32.70,11.40,12,15,24,2,included
36,"Horstmann et al., 2022",QT,instrumented_laxity,continuous,23,0.70,1.10,,,,,,32.70,11.40,12,15,24,2,included
37,"Ibrahim et al., 2005",BPTB,instrumented_laxity,continuous,,,,,,,,,22.30,3.94,40,0,81,6.8,excluded
37,"Ibrahim et al., 2005",HT,instrumented_laxity,continuous,,,,,,,,,22.30,3.94,40,0,81,6.8,excluded
41,"Jansson et al., 2003",BPTB,instrumented_laxity,continuous,43,1.70,2.63,-3.7,,,,7.8,,,,,24,2,included
41,"Jansson et al., 2003",HT,instrumented_laxity,continuous,46,1.20,2.65,-4.3,,,,7.4,,,,,24,2,included
43,"Kautzner et al., 2015",BPTB,instrumented_laxity,continuous,74,0.60,0.21,0,,,,1,26.00,6.28,0,74,24,2,included
43,"Kautzner et al., 2015",HT,instrumented_laxity,continuous,73,0.50,0.42,0,,,,2,26.00,6.28,0,74,24,2,included
45,"Konrads et al., 2016",BPTB,instrumented_laxity,continuous,24,1.80,0.51,1,,,,3,29.80,6.33,22,9,120,10,included
45,"Konrads et al., 2016",HT,instrumented_laxity,continuous,23,2.20,0.78,1,,,,4,29.80,6.33,22,9,120,10,included
46,"Laoruengthana et al., 2009",BPTB,instrumented_laxity,continuous,15,1.22,0.69,0.3,,,,2.7,29.93,8.91,,,19,1.6,included
46,"Laoruengthana et al., 2009",HT,instrumented_laxity,continuous,13,0.96,0.42,0.2,,,,1.6,29.93,8.91,,,19,1.6,included
47,"Lawhorn et al., 2012",HT,instrumented_laxity,continuous,,,,,,,,,32.00,8.43,32,22,24,2,excluded
47,"Lawhorn et al., 2012",TA,instrumented_laxity,continuous,,,,,,,,,32.00,8.43,32,22,24,2,excluded
49,"Laxdal et al., 2005",BPTB,instrumented_laxity,continuous,40,1.00,3.01,-5,,,,8,28.00,8.35,,,26,2.2,included
49,"Laxdal et al., 2005",HT,instrumented_laxity,continuous,78,1.50,3.12,,,,,,28.00,8.35,,,26,2.2,included
50,"Leitgeb et al., 2014",BPTB,instrumented_laxity,continuous,,,,,,,,,,,,,,,excluded
50,"Leitgeb et al., 2014",HT,instrumented_laxity,continuous,,,,,,,,,,,,,,,excluded
51,"Li et al., 2015",HT,instrumented_laxity,continuous,32,2.10,1.60,,,,,,29.80,7.90,17,15,70,5.8,included
51,"Li et al., 2015",TA,instrumented_laxity,continuous,32,3.50,1.20,,,,,,29.80,7.90,17,15,70,5.8,included
52,"Lidén et al., 2007",BPTB,instrumented_laxity,continuous,30,2.30,3.06,-3.5,,,,9,28.00,8.37,23,11,87,7.3,included
52,"Lidén et al., 2007",HT,instrumented_laxity,continuous,32,2.70,3.39,-4.5,,,,9.5,28.00,8.37,23,11,87,7.3,included
53,"Lind et al., 2020",HT,instrumented_laxity,continuous,49,1.90,1.70,,,,,,27.10,6.10,25,24,24,2,included
53,"Lind et al., 2020",QT,instrumented_laxity,continuous,47,1.80,1.00,,,,,,27.10,6.10,25,24,24,2,included
54,"Lucidi et al., 2025",BPTB,instrumented_laxity,continuous,19,-0.10,1.60,,,,,,52.80,7.30,,,240,20,included
54,"Lucidi et al., 2025",HT,instrumented_laxity,continuous,20,1.50,1.20,,,,,,52.80,7.30,,,240,20,included
55,"Lui et al., 2012",BPTB,instrumented_laxity,continuous,14,3.70,1.40,,,,,,26.50,5.00,14,0,12,1,included
55,"Lui et al., 2012",HT,instrumented_laxity,continuous,17,3.10,1.60,,,,,,26.50,5.00,14,0,12,1,included
56,"Lund et al., 2014",BPTB,instrumented_laxity,continuous,18,1.10,1.40,,,,,,31.00,8.00,15,3,24,2,included
56,"Lund et al., 2014",QT,instrumented_laxity,continuous,21,0.80,1.70,,,,,,31.00,8.00,15,3,24,2,included
57,"Maletis et al., 2007",BPTB,instrumented_laxity,continuous,,,,,,,,,,,,,,,excluded
57,"Maletis et al., 2007",HT,instrumented_laxity,continuous,,,,,,,,,,,,,,,excluded
58,"Malik et al., 2026",HT,instrumented_laxity,continuous,25,2.10,1.00,,,,,,28.12,5.21,18,7,6,0.5,included
58,"Malik et al., 2026",PLT,instrumented_laxity,continuous,25,1.80,0.90,,,,,,28.12,5.21,18,7,6,0.5,included
62,"Matsumoto et al., 2006",BPTB,instrumented_laxity,continuous,37,1.20,2.10,,,,,,23.70,7.70,21,16,87,7.3,included
62,"Matsumoto et al., 2006",HT,instrumented_laxity,continuous,35,1.70,1.40,,,,,,23.70,7.70,21,16,87,7.3,included
66,"Mohtadi et al., 2016",BPTB,instrumented_laxity,continuous,,,,,,,,,28.70,9.90,63,47,24,2,excluded
66,"Mohtadi et al., 2016",HT,instrumented_laxity,continuous,,,,,,,,,28.70,9.90,63,47,24,2,excluded
67,"Mohtadi & Chan, 2019",BPTB,instrumented_laxity,continuous,,,,,,,,,,,,,,,excluded
67,"Mohtadi & Chan, 2019",HT,instrumented_laxity,continuous,,,,,,,,,,,,,,,excluded
68,"Moraiti et al., 2010",BPTB,instrumented_laxity,continuous,,,,,,,,,23.00,2.00,6,0,21,1.8,excluded
68,"Moraiti et al., 2010",HT,instrumented_laxity,continuous,,,,,,,,,23.00,2.00,6,0,21,1.8,excluded
70,"Noh et al., 2011",HT,instrumented_laxity,continuous,,,,,,,,,25.81,7.46,30,3,28,2.3,excluded
70,"Noh et al., 2011",AT,instrumented_laxity,continuous,,,,,,,,,25.81,7.46,30,3,28,2.3,excluded
72,"Oneill et al., 1996",BPTB,instrumented_laxity,continuous,,,,,,,,,,,,,,,excluded
72,"Oneill et al., 1996",HT,instrumented_laxity,continuous,,,,,,,,,,,,,,,excluded
76,"Pinczewski et al., 2007",BPTB,instrumented_laxity,continuous,54,1.20,1.69,,,,,,25.00,5.49,48,42,120,10,included
76,"Pinczewski et al., 2007",HT,instrumented_laxity,continuous,58,1.60,1.55,,,,,,25.00,5.49,48,42,120,10,included
77,"Popovic et al., 2024",BPTB,instrumented_laxity,continuous,38,1.30,2.20,-3,,,,5,27.00,6.82,,,228,19,included
77,"Popovic et al., 2024",HT,instrumented_laxity,continuous,33,1.50,3.30,-3,,,,12,27.00,6.82,,,228,19,included
85,"Smith et al., 2020",BPTB,instrumented_laxity,continuous,32,0.00,0.80,,,,,,17.70,2.40,15,17,24,2,included
85,"Smith et al., 2020",HT,instrumented_laxity,continuous,32,0.30,0.70,,,,,,17.70,2.40,15,17,24,2,included
87,"Sonnery-cottet et al., 2026",BPTB,instrumented_laxity,continuous,296,1.20,1.40,,,,,,24.80,4.40,214,69,62,5.1,included
87,"Sonnery-cottet et al., 2026",HT,instrumented_laxity,continuous,297,0.90,1.00,,,,,,24.80,4.40,214,69,62,5.1,included
89,"Tang et al., 2023",HT,instrumented_laxity,continuous,,,,,,,,,28.31,8.55,13,3,24,2,excluded
89,"Tang et al., 2023",QT,instrumented_laxity,continuous,,,,,,,,,28.31,8.55,13,3,24,2,excluded
90,"Taylor et al., 2009",BPTB,instrumented_laxity,continuous,,,,,,,,,21.70,4.60,25,7,32,2.7,excluded
90,"Taylor et al., 2009",HT,instrumented_laxity,continuous,,,,,,,,,21.70,4.60,25,7,32,2.7,excluded
93,"Vilchez-cavazos et al., 2020",BPTB,instrumented_laxity,continuous,,,,,,,,,24.46,8.24,12,3,12,1,excluded
93,"Vilchez-cavazos et al., 2020",QT,instrumented_laxity,continuous,,,,,,,,,24.46,8.24,12,3,12,1,excluded
95,"Webster et al., 2001",BPTB,instrumented_laxity,continuous,23,1.10,0.65,1,,,,3.5,26.00,6.30,20,8,24,2,included
95,"Webster et al., 2001",HT,instrumented_laxity,continuous,31,1.70,0.97,0,,,,4,26.00,6.30,20,8,24,2,included
96,"Wipfler et al., 2011",BPTB,instrumented_laxity,continuous,29,0.90,0.27,,,,,,29.87,7.30,19,12,108,9,included
96,"Wipfler et al., 2011",HT,instrumented_laxity,continuous,25,0.64,0.36,,,,,,29.87,7.30,19,12,108,9,included
97,"Yadav et al., 2025",HT,instrumented_laxity,continuous,36,3.77,2.01,,,,,,30.06,8.87,32,4,12,1,included
97,"Yadav et al., 2025",QT,instrumented_laxity,continuous,33,2.73,1.64,,,,,,30.06,8.87,32,4,12,1,included
98,"Yoo et al., 2017",HT,instrumented_laxity,continuous,68,2.20,0.00,,,,,,30.00,9.96,61,7,33,2.7,excluded
98,"Yoo et al., 2017",TA,instrumented_laxity,continuous,64,2.50,0.00,,,,,,30.00,9.96,61,7,33,2.7,excluded
100,"Zaffagnini et al., 2011",BPTB,instrumented_laxity,continuous,40,0.40,0.60,,,,,,26.00,9.50,20,19,103,8.6,included
100,"Zaffagnini et al., 2011",HT,instrumented_laxity,continuous,39,1.10,1.90,,,,,,26.00,9.50,20,19,103,8.6,included
2,"Aglietti et al., 2004",BPTB,lachman,dichotomous,60,0.00,0.06,,,,,,25.00,4.97,46,14,24,2,included
2,"Aglietti et al., 2004",HT,lachman,dichotomous,60,0.00,0.06,,,,,,25.00,4.97,46,14,24,2,included
9,"Barenius et al., 2010",BPTB,lachman,dichotomous,,,,,,,,,33.00,6.30,38,40,96,8,excluded
9,"Barenius et al., 2010",HT,lachman,dichotomous,,,,,,,,,33.00,6.30,38,40,96,8,excluded
11,"Beynnon et al., 2002",BPTB,lachman,dichotomous,22,2.00,0.59,,,,,,28.50,6.96,18,10,36,3,included
11,"Beynnon et al., 2002",HT,lachman,dichotomous,22,13.00,7.04,,,,,,28.50,6.96,18,10,36,3,included
13,"Björnsson et al., 2016",BPTB,lachman,dichotomous,61,7.00,1.08,,,,,,28.20,9.10,42,19,203,16.9,included
13,"Björnsson et al., 2016",HT,lachman,dichotomous,86,20.00,2.88,,,,,,28.20,9.10,42,19,203,16.9,included
18,"Butt et al., 2024",HT,lachman,dichotomous,,,,,,,,,29.17,5.03,29,1,60,5,excluded
18,"Butt et al., 2024",PLT,lachman,dichotomous,,,,,,,,,29.17,5.03,29,1,60,5,excluded
23,"Ejerhed et al., 2003",BPTB,lachman,dichotomous,32,15.00,5.16,,,,,,27.26,8.47,21,11,24,2,included
23,"Ejerhed et al., 2003",HT,lachman,dichotomous,34,14.00,4.23,,,,,,27.26,8.47,21,11,24,2,included
26,"Feller & Webster, 2003",BPTB,lachman,dichotomous,27,1.00,0.30,,,,,,25.80,6.00,23,8,36,3,included
26,"Feller & Webster, 2003",HT,lachman,dichotomous,21,0.00,0.11,,,,,,25.80,6.00,23,8,36,3,included
30,"Gifstad et al., 2013",BPTB,lachman,dichotomous,41,1.00,0.24,,,,,,27.00,6.74,,,84,7,included
30,"Gifstad et al., 2013",HT,lachman,dichotomous,36,1.00,0.26,,,,,,27.00,6.74,,,84,7,included
32,"Guglielmetti et al., 2021",BPTB,lachman,dichotomous,31,2.00,0.48,,,,,,25.20,5.48,23,8,24,2,included
32,"Guglielmetti et al., 2021",HT,lachman,dichotomous,31,3.00,0.70,,,,,,25.20,5.48,23,8,24,2,included
33,"Harilainen et al., 2006",BPTB,lachman,dichotomous,37,0.00,0.08,,,,,,,,,,61,5.1,included
33,"Harilainen et al., 2006",HT,lachman,dichotomous,37,1.00,0.25,,,,,,,,,,61,5.1,included
37,"Ibrahim et al., 2005",BPTB,lachman,dichotomous,40,5.00,0.99,,,,,,22.30,3.94,40,0,81,6.8,included
37,"Ibrahim et al., 2005",HT,lachman,dichotomous,46,7.00,1.30,,,,,,22.30,3.94,40,0,81,6.8,included
38,"Iliopoulos et al., 2017",BPTB,lachman,dichotomous,,,,,,,,,24.80,5.00,10,0,9,0.8,excluded
38,"Iliopoulos et al., 2017",HT,lachman,dichotomous,,,,,,,,,24.80,5.00,10,0,9,0.8,excluded
41,"Jansson et al., 2003",BPTB,lachman,dichotomous,43,8.00,1.59,,,,,,,,,,24,2,included
41,"Jansson et al., 2003",HT,lachman,dichotomous,46,8.00,1.52,,,,,,,,,,24,2,included
45,"Konrads et al., 2016",BPTB,lachman,dichotomous,24,8.00,2.60,,,,,,29.80,6.33,22,9,120,10,included
45,"Konrads et al., 2016",HT,lachman,dichotomous,23,11.00,4.60,,,,,,29.80,6.33,22,9,120,10,included
50,"Leitgeb et al., 2014",BPTB,lachman,dichotomous,,,,,,,,,,,,,,,excluded
50,"Leitgeb et al., 2014",HT,lachman,dichotomous,,,,,,,,,,,,,,,excluded
51,"Li et al., 2015",HT,lachman,dichotomous,32,6.00,1.41,,,,,,29.80,7.90,17,15,70,5.8,included
51,"Li et al., 2015",TA,lachman,dichotomous,32,13.00,4.02,,,,,,29.80,7.90,17,15,70,5.8,included
52,"Lidén et al., 2007",BPTB,lachman,dichotomous,30,22.00,15.40,,,,,,28.00,8.37,23,11,87,7.3,included
52,"Lidén et al., 2007",HT,lachman,dichotomous,32,25.00,20.61,,,,,,28.00,8.37,23,11,87,7.3,included
55,"Lui et al., 2012",BPTB,lachman,dichotomous,14,4.00,1.68,,,,,,26.50,5.00,14,0,12,1,included
55,"Lui et al., 2012",HT,lachman,dichotomous,17,3.00,1.03,,,,,,26.50,5.00,14,0,12,1,included
58,"Malik et al., 2026",HT,lachman,dichotomous,25,3.00,0.80,,,,,,28.12,5.21,18,7,6,0.5,included
58,"Malik et al., 2026",PLT,lachman,dichotomous,25,2.00,0.54,,,,,,28.12,5.21,18,7,6,0.5,included
66,"Mohtadi et al., 2016",BPTB,lachman,dichotomous,,,,,,,,,28.70,9.90,63,47,24,2,excluded
66,"Mohtadi et al., 2016",HT,lachman,dichotomous,,,,,,,,,28.70,9.90,63,47,24,2,excluded
67,"Mohtadi & Chan, 2019",BPTB,lachman,dichotomous,,,,,,,,,,,,,,,excluded
67,"Mohtadi & Chan, 2019",HT,lachman,dichotomous,,,,,,,,,,,,,,,excluded
68,"Moraiti et al., 2010",BPTB,lachman,dichotomous,,,,,,,,,23.00,2.00,6,0,21,1.8,excluded
68,"Moraiti et al., 2010",HT,lachman,dichotomous,,,,,,,,,23.00,2.00,6,0,21,1.8,excluded
70,"Noh et al., 2011",HT,lachman,dichotomous,33,6.00,1.38,,,,,,25.81,7.46,30,3,28,2.3,included
70,"Noh et al., 2011",AT,lachman,dichotomous,32,11.00,3.10,,,,,,25.81,7.46,30,3,28,2.3,included
76,"Pinczewski et al., 2007",BPTB,lachman,dichotomous,53,10.00,1.78,,,,,,25.00,5.49,48,42,120,10,included
76,"Pinczewski et al., 2007",HT,lachman,dichotomous,58,12.00,2.07,,,,,,25.00,5.49,48,42,120,10,included
77,"Popovic et al., 2024",BPTB,lachman,dichotomous,38,0.00,0.08,,,,,,27.00,6.82,,,228,19,included
77,"Popovic et al., 2024",HT,lachman,dichotomous,33,5.00,1.13,,,,,,27.00,6.82,,,228,19,included
82,"Sajovic et al., 2018",BPTB,lachman,dichotomous,24,5.00,1.42,,,,,,45.50,8.70,15,9,204,17,included
82,"Sajovic et al., 2018",HT,lachman,dichotomous,24,5.00,1.42,,,,,,45.50,8.70,15,9,204,17,included
96,"Wipfler et al., 2011",BPTB,lachman,dichotomous,29,,0.09,,,,,,29.87,7.30,19,12,108,9,excluded
96,"Wipfler et al., 2011",HT,lachman,dichotomous,25,,0.10,,,,,,29.87,7.30,19,12,108,9,excluded
98,"Yoo et al., 2017",HT,lachman,dichotomous,68,4.00,0.58,,,,,,30.00,9.96,61,7,33,2.7,included
98,"Yoo et al., 2017",TA,lachman,dichotomous,64,6.00,0.90,,,,,,30.00,9.96,61,7,33,2.7,included
3,"Ahldén et al., 2009",BPTB,lysholm,continuous,25,80.70,21.64,15,,89,,100,27.41,8.90,14,8,90,7.5,included
3,"Ahldén et al., 2009",HT,lysholm,continuous,22,79.16,13.35,49,,81,,100,27.41,8.90,14,8,90,7.5,included
9,"Barenius et al., 2010",BPTB,lysholm,continuous,78,85.82,11.83,43,,88,,100,33.00,6.30,38,40,96,8,included
9,"Barenius et al., 2010",HT,lysholm,continuous,75,86.42,12.53,40,,89,,100,33.00,6.30,38,40,96,8,included
10,"Barié et al., 2020",BPTB,lysholm,continuous,43,95.20,6.60,,,,,,30.60,7.50,17,13,122,10.2,included
10,"Barié et al., 2020",QT,lysholm,continuous,43,95.60,7.80,,,,,,30.60,7.50,17,13,122,10.2,included
13,"Björnsson et al., 2016",BPTB,lysholm,continuous,61,79.40,16.90,,,,,,28.20,9.10,42,19,203,16.9,included
13,"Björnsson et al., 2016",HT,lysholm,continuous,86,80.70,15.30,,,,,,28.20,9.10,42,19,203,16.9,included
18,"Butt et al., 2024",HT,lysholm,continuous,30,95.10,5.20,,,,,,29.17,5.03,29,1,60,5,included
18,"Butt et al., 2024",PLT,lysholm,continuous,30,94.50,6.40,,,,,,29.17,5.03,29,1,60,5,included
19,"Calvert et al., 2025",HT,lysholm,continuous,92,94.00,7.00,,,,,,29.40,7.70,28,27,24,2,included
19,"Calvert et al., 2025",QT,lysholm,continuous,89,93.00,8.00,,,,,,29.40,7.70,28,27,24,2,included
23,"Ejerhed et al., 2003",BPTB,lysholm,continuous,32,89.96,13.06,46,,95,,100,27.26,8.47,21,11,24,2,included
23,"Ejerhed et al., 2003",HT,lysholm,continuous,34,86.79,11.72,51,,90,,100,27.26,8.47,21,11,24,2,included
30,"Gifstad et al., 2013",BPTB,lysholm,continuous,,,,,,,,,27.00,6.74,,,84,7,excluded
30,"Gifstad et al., 2013",HT,lysholm,continuous,,,,,,,,,27.00,6.74,,,84,7,excluded
31,"Gobbi & Francisco, 2006",BPTB,lysholm,continuous,,,,,,,,,,,,,,,excluded
31,"Gobbi & Francisco, 2006",HT,lysholm,continuous,,,,,,,,,,,,,,,excluded
32,"Guglielmetti et al., 2021",BPTB,lysholm,continuous,31,89.87,9.17,,,,,,25.20,5.48,23,8,24,2,included
32,"Guglielmetti et al., 2021",HT,lysholm,continuous,31,91.26,9.36,,,,,,25.20,5.48,23,8,24,2,included
33,"Harilainen et al., 2006",BPTB,lysholm,continuous,37,89.11,15.53,34,,95,,100,,,,,61,5.1,included
33,"Harilainen et al., 2006",HT,lysholm,continuous,37,95.00,15.53,34,,95,,100,,,,,61,5.1,included
35,"Holm et al., 2010",BPTB,lysholm,continuous,28,84.20,15.40,,,,,,33.90,6.20,18,10,10,0.9,included
35,"Holm et al., 2010",HT,lysholm,continuous,29,86.10,15.10,,,,,,33.90,6.20,18,10,10,0.9,included
36,"Horstmann et al., 2022",HT,lysholm,continuous,26,83.50,17.40,,,,,,32.70,11.40,12,15,24,2,included
36,"Horstmann et al., 2022",QT,lysholm,continuous,23,90.40,11.90,,,,,,32.70,11.40,12,15,24,2,included
37,"Ibrahim et al., 2005",BPTB,lysholm,continuous,40,91.60,3.94,79,,,,96,22.30,3.94,40,0,81,6.8,included
37,"Ibrahim et al., 2005",HT,lysholm,continuous,46,92.70,3.62,81,,,,97,22.30,3.94,40,0,81,6.8,included
38,"Iliopoulos et al., 2017",BPTB,lysholm,continuous,45,95.80,2.40,,,,,,24.80,5.00,10,0,9,0.8,included
38,"Iliopoulos et al., 2017",HT,lysholm,continuous,45,94.00,3.60,,,,,,24.80,5.00,10,0,9,0.8,included
41,"Jansson et al., 2003",BPTB,lysholm,continuous,,,,,,,,,,,,,24,2,excluded
41,"Jansson et al., 2003",HT,lysholm,continuous,,,,,,,,,,,,,24,2,excluded
43,"Kautzner et al., 2015",BPTB,lysholm,continuous,74,88.00,7.50,,,,,,26.00,6.28,0,74,24,2,included
43,"Kautzner et al., 2015",HT,lysholm,continuous,73,90.00,7.60,,,,,,26.00,6.28,0,74,24,2,included
44,"Komzak et al., 2022",BPTB,lysholm,continuous,36,93.40,9.60,,,,,,31.00,9.46,23,17,28,2.3,included
44,"Komzak et al., 2022",QT,lysholm,continuous,36,90.10,6.70,,,,,,31.00,9.46,23,17,28,2.3,included
45,"Konrads et al., 2016",BPTB,lysholm,continuous,24,92.00,8.99,63,,,,98,29.80,6.33,22,9,120,10,included
45,"Konrads et al., 2016",HT,lysholm,continuous,23,91.80,9.33,62,,,,98,29.80,6.33,22,9,120,10,included
46,"Laoruengthana et al., 2009",BPTB,lysholm,continuous,,,,,,,,,29.93,8.91,,,19,1.6,excluded
46,"Laoruengthana et al., 2009",HT,lysholm,continuous,,,,,,,,,29.93,8.91,,,19,1.6,excluded
49,"Laxdal et al., 2005",BPTB,lysholm,continuous,40,94.00,18.09,22,,,,100,28.00,8.35,,,26,2.2,included
49,"Laxdal et al., 2005",HT,lysholm,continuous,78,92.00,13.40,,,,,,28.00,8.35,,,26,2.2,included
51,"Li et al., 2015",HT,lysholm,continuous,32,91.30,11.50,,,,,,29.80,7.90,17,15,70,5.8,included
51,"Li et al., 2015",TA,lysholm,continuous,32,88.70,8.60,,,,,,29.80,7.90,17,15,70,5.8,included
52,"Lidén et al., 2007",BPTB,lysholm,continuous,30,81.00,18.38,25,,,,100,28.00,8.37,23,11,87,7.3,included
52,"Lidén et al., 2007",HT,lysholm,continuous,32,90.00,12.10,50,,,,100,28.00,8.37,23,11,87,7.3,included
54,"Lucidi et al., 2025",BPTB,lysholm,continuous,19,84.80,10.30,,,,,,52.80,7.30,,,240,20,included
54,"Lucidi et al., 2025",HT,lysholm,continuous,20,88.60,8.30,,,,,,52.80,7.30,,,240,20,included
55,"Lui et al., 2012",BPTB,lysholm,continuous,14,84.00,13.47,54,,,,100,26.50,5.00,14,0,12,1,included
55,"Lui et al., 2012",HT,lysholm,continuous,17,80.00,15.59,43,,,,99,26.50,5.00,14,0,12,1,included
57,"Maletis et al., 2007",BPTB,lysholm,continuous,,,,,,,,,,,,,,,excluded
57,"Maletis et al., 2007",HT,lysholm,continuous,,,,,,,,,,,,,,,excluded
58,"Malik et al., 2026",HT,lysholm,continuous,25,85.10,6.40,,,,,,28.12,5.21,18,7,6,0.5,included
58,"Malik et al., 2026",PLT,lysholm,continuous,25,89.40,5.80,,,,,,28.12,5.21,18,7,6,0.5,included
68,"Moraiti et al., 2010",BPTB,lysholm,continuous,6,96.00,3.00,,,,,,23.00,2.00,6,0,21,1.8,included
68,"Moraiti et al., 2010",HT,lysholm,continuous,6,95.00,5.00,,,,,,23.00,2.00,6,0,21,1.8,included
70,"Noh et al., 2011",HT,lysholm,continuous,33,98.00,3.61,85,,,,100,25.81,7.46,30,3,28,2.3,included
70,"Noh et al., 2011",AT,lysholm,continuous,32,99.00,3.63,85,,,,100,25.81,7.46,30,3,28,2.3,included
72,"Oneill et al., 1996",BPTB,lysholm,continuous,,,,,,,,,,,,,,,excluded
72,"Oneill et al., 1996",HT,lysholm,continuous,,,,,,,,,,,,,,,excluded
73,"Papalia et al., 2015",BPTB,lysholm,continuous,20,87.40,13.80,,,,,,24.70,,0,20,6,0.5,included
73,"Papalia et al., 2015",HT,lysholm,continuous,20,93.17,10.30,,,,,,24.70,,0,20,6,0.5,included
76,"Pinczewski et al., 2007",BPTB,lysholm,continuous,,,,,,,,,25.00,5.49,48,42,120,10,excluded
76,"Pinczewski et al., 2007",HT,lysholm,continuous,,,,,,,,,25.00,5.49,48,42,120,10,excluded
77,"Popovic et al., 2024",BPTB,lysholm,continuous,38,82.00,15.45,34,,,,100,27.00,6.82,,,228,19,included
77,"Popovic et al., 2024",HT,lysholm,continuous,33,85.00,14.67,39,,,,100,27.00,6.82,,,228,19,included
87,"Sonnery-cottet et al., 2026",BPTB,lysholm,continuous,296,89.00,12.40,,,,,,24.80,4.40,214,69,62,5.1,included
87,"Sonnery-cottet et al., 2026",HT,lysholm,continuous,297,91.10,11.90,,,,,,24.80,4.40,214,69,62,5.1,included
89,"Tang et al., 2023",HT,lysholm,continuous,16,90.06,7.33,,,,,,28.31,8.55,13,3,24,2,included
89,"Tang et al., 2023",QT,lysholm,continuous,17,90.00,4.26,,,,,,28.31,8.55,13,3,24,2,included
90,"Taylor et al., 2009",BPTB,lysholm,continuous,21,90.30,12.19,,,,,,21.70,4.60,25,7,32,2.7,included
90,"Taylor et al., 2009",HT,lysholm,continuous,23,90.40,12.75,,,,,,21.70,4.60,25,7,32,2.7,included
93,"Vilchez-cavazos et al., 2020",BPTB,lysholm,continuous,14,96.00,2.93,,90,98.00,100,,24.46,8.24,12,3,12,1,included
93,"Vilchez-cavazos et al., 2020",QT,lysholm,continuous,14,95.33,2.64,,91,95.00,100,,24.46,8.24,12,3,12,1,included
96,"Wipfler et al., 2011",BPTB,lysholm,continuous,29,87.28,1.76,,,,,,29.87,7.30,19,12,108,9,included
96,"Wipfler et al., 2011",HT,lysholm,continuous,25,91.82,1.71,,,,,,29.87,7.30,19,12,108,9,included
97,"Yadav et al., 2025",HT,lysholm,continuous,36,92.40,0.00,,,,,,30.06,8.87,32,4,12,1,included
97,"Yadav et al., 2025",QT,lysholm,continuous,33,88.20,0.00,,,,,,30.06,8.87,32,4,12,1,included
98,"Yoo et al., 2017",HT,lysholm,continuous,68,96.00,6.99,67,,,,100,30.00,9.96,61,7,33,2.7,included
98,"Yoo et al., 2017",TA,lysholm,continuous,64,93.00,5.78,73,,,,100,30.00,9.96,61,7,33,2.7,included
2,"Aglietti et al., 2004",BPTB,pivot_shift,dichotomous,60,0,0.06,,,,,,25.00,4.97,46,14,24,2,included
2,"Aglietti et al., 2004",HT,pivot_shift,dichotomous,60,0,0.06,,,,,,25.00,4.97,46,14,24,2,included
5,"Anderson et al., 2001",BPTB,pivot_shift,dichotomous,35,7,1.58,,,,,,23.60,7.13,23,12,35,2.9,included
5,"Anderson et al., 2001",HT,pivot_shift,dichotomous,33,8,1.95,,,,,,23.60,7.13,23,12,35,2.9,included
9,"Barenius et al., 2010",BPTB,pivot_shift,dichotomous,,,,,,,,,33.00,6.30,38,40,96,8,excluded
9,"Barenius et al., 2010",HT,pivot_shift,dichotomous,,,,,,,,,33.00,6.30,38,40,96,8,excluded
11,"Beynnon et al., 2002",BPTB,pivot_shift,dichotomous,22,3,0.86,,,,,,28.50,6.96,18,10,36,3,included
11,"Beynnon et al., 2002",HT,pivot_shift,dichotomous,22,9,3.43,,,,,,28.50,6.96,18,10,36,3,included
12,"Bi et al., 2018",HT,pivot_shift,dichotomous,62,0,0.06,,,,,,27.90,6.70,31,31,30,2.5,included
12,"Bi et al., 2018",PLT,pivot_shift,dichotomous,62,0,0.06,,,,,,27.90,6.70,31,31,30,2.5,included
13,"Björnsson et al., 2016",BPTB,pivot_shift,dichotomous,61,12,1.99,,,,,,28.20,9.10,42,19,203,16.9,included
13,"Björnsson et al., 2016",HT,pivot_shift,dichotomous,86,13,1.71,,,,,,28.20,9.10,42,19,203,16.9,included
18,"Butt et al., 2024",HT,pivot_shift,dichotomous,,,,,,,,,29.17,5.03,29,1,60,5,excluded
18,"Butt et al., 2024",PLT,pivot_shift,dichotomous,,,,,,,,,29.17,5.03,29,1,60,5,excluded
25,"Eriksson et al., 2001",BPTB,pivot_shift,dichotomous,42,2,0.41,,,,,,27.00,6.00,,,7,0.6,included
25,"Eriksson et al., 2001",HT,pivot_shift,dichotomous,47,9,1.71,,,,,,27.00,6.00,,,7,0.6,included
26,"Feller & Webster, 2003",BPTB,pivot_shift,dichotomous,27,0,0.10,,,,,,25.80,6.00,23,8,36,3,included
26,"Feller & Webster, 2003",HT,pivot_shift,dichotomous,21,5,1.58,,,,,,25.80,6.00,23,8,36,3,included
32,"Guglielmetti et al., 2021",BPTB,pivot_shift,dichotomous,31,2,0.48,,,,,,25.20,5.48,23,8,24,2,included
32,"Guglielmetti et al., 2021",HT,pivot_shift,dichotomous,31,3,0.70,,,,,,25.20,5.48,23,8,24,2,included
33,"Harilainen et al., 2006",BPTB,pivot_shift,dichotomous,37,0,0.08,,,,,,,,,,61,5.1,included
33,"Harilainen et al., 2006",HT,pivot_shift,dichotomous,37,1,0.25,,,,,,,,,,61,5.1,included
34,"Heijne & Werner, 2010",BPTB,pivot_shift,dichotomous,30,3,0.71,,,,,,29.00,7.00,22,12,25,2.1,included
34,"Heijne & Werner, 2010",HT,pivot_shift,dichotomous,29,8,2.18,,,,,,29.00,7.00,22,12,25,2.1,included
36,"Horstmann et al., 2022",HT,pivot_shift,dichotomous,26,0,0.10,,,,,,32.70,11.40,12,15,24,2,included
36,"Horstmann et al., 2022",QT,pivot_shift,dichotomous,23,0,0.10,,,,,,32.70,11.40,12,15,24,2,included
37,"Ibrahim et al., 2005",BPTB,pivot_shift,dichotomous,40,5,0.99,,,,,,22.30,3.94,40,0,81,6.8,included
37,"Ibrahim et al., 2005",HT,pivot_shift,dichotomous,45,8,1.54,,,,,,22.30,3.94,40,0,81,6.8,included
38,"Iliopoulos et al., 2017",BPTB,pivot_shift,dichotomous,,,,,,,,,24.80,5.00,10,0,9,0.8,excluded
38,"Iliopoulos et al., 2017",HT,pivot_shift,dichotomous,,,,,,,,,24.80,5.00,10,0,9,0.8,excluded
41,"Jansson et al., 2003",BPTB,pivot_shift,dichotomous,43,3,0.57,,,,,,,,,,24,2,included
41,"Jansson et al., 2003",HT,pivot_shift,dichotomous,46,3,0.55,,,,,,,,,,24,2,included
45,"Konrads et al., 2016",BPTB,pivot_shift,dichotomous,,,,,,,,,29.80,6.33,22,9,120,10,excluded
45,"Konrads et al., 2016",HT,pivot_shift,dichotomous,,,,,,,,,29.80,6.33,22,9,120,10,excluded
46,"Laoruengthana et al., 2009",BPTB,pivot_shift,dichotomous,15,2,0.74,,,,,,29.93,8.91,,,19,1.6,included
46,"Laoruengthana et al., 2009",HT,pivot_shift,dichotomous,13,2,0.82,,,,,,29.93,8.91,,,19,1.6,included
47,"Lawhorn et al., 2012",HT,pivot_shift,dichotomous,44,6,1.13,,,,,,32.00,8.43,32,22,24,2,included
47,"Lawhorn et al., 2012",TA,pivot_shift,dichotomous,48,4,0.71,,,,,,32.00,8.43,32,22,24,2,included
51,"Li et al., 2015",HT,pivot_shift,dichotomous,32,4,0.91,,,,,,29.80,7.90,17,15,70,5.8,included
51,"Li et al., 2015",TA,pivot_shift,dichotomous,32,9,2.34,,,,,,29.80,7.90,17,15,70,5.8,included
53,"Lind et al., 2020",HT,pivot_shift,dichotomous,49,11,2.12,,,,,,27.10,6.10,25,24,24,2,included
53,"Lind et al., 2020",QT,pivot_shift,dichotomous,47,8,1.49,,,,,,27.10,6.10,25,24,24,2,included
54,"Lucidi et al., 2025",BPTB,pivot_shift,dichotomous,19,7,2.72,,,,,,52.80,7.30,,,240,20,included
54,"Lucidi et al., 2025",HT,pivot_shift,dichotomous,20,5,1.64,,,,,,52.80,7.30,,,240,20,included
56,"Lund et al., 2014",BPTB,pivot_shift,dichotomous,18,3,0.99,,,,,,31.00,8.00,15,3,24,2,included
56,"Lund et al., 2014",QT,pivot_shift,dichotomous,21,8,3.00,,,,,,31.00,8.00,15,3,24,2,included
58,"Malik et al., 2026",HT,pivot_shift,dichotomous,25,4,1.07,,,,,,28.12,5.21,18,7,6,0.5,included
58,"Malik et al., 2026",PLT,pivot_shift,dichotomous,25,3,0.80,,,,,,28.12,5.21,18,7,6,0.5,included
67,"Mohtadi & Chan, 2019",BPTB,pivot_shift,dichotomous,,,,,,,,,,,,,,,excluded
67,"Mohtadi & Chan, 2019",HT,pivot_shift,dichotomous,,,,,,,,,,,,,,,excluded
70,"Noh et al., 2011",HT,pivot_shift,dichotomous,33,6,1.38,,,,,,25.81,7.46,30,3,28,2.3,included
70,"Noh et al., 2011",AT,pivot_shift,dichotomous,32,6,1.41,,,,,,25.81,7.46,30,3,28,2.3,included
76,"Pinczewski et al., 2007",BPTB,pivot_shift,dichotomous,53,5,0.83,,,,,,25.00,5.49,48,42,120,10,included
76,"Pinczewski et al., 2007",HT,pivot_shift,dichotomous,58,8,1.29,,,,,,25.00,5.49,48,42,120,10,included
77,"Popovic et al., 2024",BPTB,pivot_shift,dichotomous,38,1,0.25,,,,,,27.00,6.82,,,228,19,included
77,"Popovic et al., 2024",HT,pivot_shift,dichotomous,33,3,0.67,,,,,,27.00,6.82,,,228,19,included
82,"Sajovic et al., 2018",BPTB,pivot_shift,dichotomous,24,6,1.77,,,,,,45.50,8.70,15,9,204,17,included
82,"Sajovic et al., 2018",HT,pivot_shift,dichotomous,24,5,1.42,,,,,,45.50,8.70,15,9,204,17,included
96,"Wipfler et al., 2011",BPTB,pivot_shift,dichotomous,29,,0.09,,,,,,29.87,7.30,19,12,108,9,excluded
96,"Wipfler et al., 2011",HT,pivot_shift,dichotomous,25,,0.10,,,,,,29.87,7.30,19,12,108,9,excluded
97,"Yadav et al., 2025",HT,pivot_shift,dichotomous,36,5,1.06,,,,,,30.06,8.87,32,4,12,1,included
97,"Yadav et al., 2025",QT,pivot_shift,dichotomous,33,0,0.09,,,,,,30.06,8.87,32,4,12,1,included
98,"Yoo et al., 2017",HT,pivot_shift,dichotomous,68,2,0.31,,,,,,30.00,9.96,61,7,33,2.7,included
98,"Yoo et al., 2017",TA,pivot_shift,dichotomous,64,3,0.46,,,,,,30.00,9.96,61,7,33,2.7,included
1,"Ageberg et al., 2009",BPTB,tegner,continuous,16,4.17,1.41,2,,4,,7,32.00,5.00,15,5,36,3,included
1,"Ageberg et al., 2009",HT,tegner,continuous,20,3.15,1.34,1,,3,,6,32.00,5.00,15,5,36,3,included
3,"Ahldén et al., 2009",BPTB,tegner,continuous,25,4.87,2.29,0,,5,,9,27.41,8.90,14,8,90,7.5,included
3,"Ahldén et al., 2009",HT,tegner,continuous,22,4.86,1.31,2,,5,,7,27.41,8.90,14,8,90,7.5,included
9,"Barenius et al., 2010",BPTB,tegner,continuous,78,5.80,1.87,0,,6,,9,33.00,6.30,38,40,96,8,included
9,"Barenius et al., 2010",HT,tegner,continuous,75,4.07,1.88,0,,4,,9,33.00,6.30,38,40,96,8,included
10,"Barié et al., 2020",BPTB,tegner,continuous,43,6.10,1.14,4,,6,,9,30.60,7.50,17,13,122,10.2,included
10,"Barié et al., 2020",QT,tegner,continuous,43,6.10,1.14,4,,6,,9,30.60,7.50,17,13,122,10.2,included
11,"Beynnon et al., 2002",BPTB,tegner,continuous,,,,,,,,,28.50,6.96,18,10,36,3,excluded
11,"Beynnon et al., 2002",HT,tegner,continuous,,,,,,,,,28.50,6.96,18,10,36,3,excluded
13,"Björnsson et al., 2016",BPTB,tegner,continuous,61,4.10,1.70,,,,,,28.20,9.10,42,19,203,16.9,included
13,"Björnsson et al., 2016",HT,tegner,continuous,86,4.00,1.70,,,,,,28.20,9.10,42,19,203,16.9,included
14,"Bottoni et al., 2015",HT,tegner,continuous,44,5.10,2.20,,,,,,28.90,5.80,41,7,120,10,included
14,"Bottoni et al., 2015",TA,tegner,continuous,36,5.10,2.00,,,,,,28.90,5.80,41,7,120,10,included
23,"Ejerhed et al., 2003",BPTB,tegner,continuous,32,5.77,1.94,1,,6,,9,27.26,8.47,21,11,24,2,included
23,"Ejerhed et al., 2003",HT,tegner,continuous,34,6.39,1.43,3,,6.5,,9,27.26,8.47,21,11,24,2,included
30,"Gifstad et al., 2013",BPTB,tegner,continuous,,,,,,,,,27.00,6.74,,,84,7,excluded
30,"Gifstad et al., 2013",HT,tegner,continuous,,,,,,,,,27.00,6.74,,,84,7,excluded
31,"Gobbi & Francisco, 2006",BPTB,tegner,continuous,,,,,,,,,,,,,,,excluded
31,"Gobbi & Francisco, 2006",HT,tegner,continuous,,,,,,,,,,,,,,,excluded
33,"Harilainen et al., 2006",BPTB,tegner,continuous,37,5.89,2.12,1,,6,,10,,,,,61,5.1,included
33,"Harilainen et al., 2006",HT,tegner,continuous,37,6.00,1.41,3,,6,,9,,,,,61,5.1,included
34,"Heijne & Werner, 2010",BPTB,tegner,continuous,30,6.64,2.21,1,,7,,10,29.00,7.00,22,12,25,2.1,included
34,"Heijne & Werner, 2010",HT,tegner,continuous,29,5.00,1.48,2,,5,,8,29.00,7.00,22,12,25,2.1,included
41,"Jansson et al., 2003",BPTB,tegner,continuous,43,5.98,1.60,2,,6.1,,9,,,,,24,2,included
41,"Jansson et al., 2003",HT,tegner,continuous,46,5.82,2.26,0,,6,,10,,,,,24,2,included
45,"Konrads et al., 2016",BPTB,tegner,continuous,24,5.90,1.28,4,,,,9,29.80,6.33,22,9,120,10,included
45,"Konrads et al., 2016",HT,tegner,continuous,23,5.10,1.04,3,,,,7,29.80,6.33,22,9,120,10,included
49,"Laxdal et al., 2005",BPTB,tegner,continuous,40,6.00,1.86,2,,,,10,28.00,8.35,,,26,2.2,included
49,"Laxdal et al., 2005",HT,tegner,continuous,78,4.00,1.64,,,,,,28.00,8.35,,,26,2.2,included
51,"Li et al., 2015",HT,tegner,continuous,32,7.30,1.30,,,,,,29.80,7.90,17,15,70,5.8,included
51,"Li et al., 2015",TA,tegner,continuous,32,7.00,2.10,,,,,,29.80,7.90,17,15,70,5.8,included
52,"Lidén et al., 2007",BPTB,tegner,continuous,30,5.00,1.72,0,,,,7,28.00,8.37,23,11,87,7.3,included
52,"Lidén et al., 2007",HT,tegner,continuous,32,6.00,1.69,2,,,,9,28.00,8.37,23,11,87,7.3,included
53,"Lind et al., 2020",HT,tegner,continuous,49,5.90,1.30,,,,,,27.10,6.10,25,24,24,2,included
53,"Lind et al., 2020",QT,tegner,continuous,47,6.00,1.50,,,,,,27.10,6.10,25,24,24,2,included
54,"Lucidi et al., 2025",BPTB,tegner,continuous,19,3.00,1.08,1,,,,5,52.80,7.30,,,240,20,included
54,"Lucidi et al., 2025",HT,tegner,continuous,20,4.00,0.80,3,,,,6,52.80,7.30,,,240,20,included
57,"Maletis et al., 2007",BPTB,tegner,continuous,,,,,,,,,,,,,,,excluded
57,"Maletis et al., 2007",HT,tegner,continuous,,,,,,,,,,,,,,,excluded
58,"Malik et al., 2026",HT,tegner,continuous,25,5.10,1.00,,,,,,28.12,5.21,18,7,6,0.5,included
58,"Malik et al., 2026",PLT,tegner,continuous,25,5.60,0.90,,,,,,28.12,5.21,18,7,6,0.5,included
68,"Moraiti et al., 2010",BPTB,tegner,continuous,,,,,,,,,23.00,2.00,6,0,21,1.8,excluded
68,"Moraiti et al., 2010",HT,tegner,continuous,,,,,,,,,23.00,2.00,6,0,21,1.8,excluded
70,"Noh et al., 2011",HT,tegner,continuous,33,6.00,0.96,5,,,,9,25.81,7.46,30,3,28,2.3,included
70,"Noh et al., 2011",AT,tegner,continuous,32,6.00,1.21,4,,,,9,25.81,7.46,30,3,28,2.3,included
77,"Popovic et al., 2024",BPTB,tegner,continuous,38,4.00,1.64,0,,,,7,27.00,6.82,,,228,19,included
77,"Popovic et al., 2024",HT,tegner,continuous,33,5.00,2.16,0,,,,9,27.00,6.82,,,228,19,included
87,"Sonnery-cottet et al., 2026",BPTB,tegner,continuous,296,6.60,1.60,,,,,,24.80,4.40,214,69,62,5.1,included
87,"Sonnery-cottet et al., 2026",HT,tegner,continuous,297,6.70,1.70,,,,,,24.80,4.40,214,69,62,5.1,included
90,"Taylor et al., 2009",BPTB,tegner,continuous,20,6.80,3.27,,,,,,21.70,4.60,25,7,32,2.7,included
90,"Taylor et al., 2009",HT,tegner,continuous,24,5.30,3.58,,,,,,21.70,4.60,25,7,32,2.7,included
93,"Vilchez-cavazos et al., 2020",BPTB,tegner,continuous,,,,,,,,,24.46,8.24,12,3,12,1,excluded
93,"Vilchez-cavazos et al., 2020",QT,tegner,continuous,,,,,,,,,24.46,8.24,12,3,12,1,excluded
96,"Wipfler et al., 2011",BPTB,tegner,continuous,29,6.20,0.35,,,,,,29.87,7.30,19,12,108,9,included
96,"Wipfler et al., 2011",HT,tegner,continuous,25,6.14,0.37,,,,,,29.87,7.30,19,12,108,9,included
98,"Yoo et al., 2017",HT,tegner,continuous,68,5.00,1.48,2,,,,9,30.00,9.96,61,7,33,2.7,included
98,"Yoo et al., 2017",TA,tegner,continuous,64,5.00,1.07,3,,,,8,30.00,9.96,61,7,33,2.7,included