,id,id1,id2,study1,subgroup1,subgroup2,outcome1,outcome2,ni1,ni2,yi1,yi2,sdi1,sdi2,age_mean1,age_mean2,age_sd1,age_sd2,male1,male2,female1,female2,follow-up_mo1,follow-up_mo2,follow-up_yr1,follow-up_yr2
0,6,6,6,"Anz et al., 2023",BPTB,HT,graft_failure,graft_failure,8.0,8.0,0.0,0.0,0.18,0.18,29.4,29.4,7.34,7.34,4.0,4.0,6.0,6.0,12.0,12.0,1.0,1.0
1,12,12,12,"Bi et al., 2018",HT,PLT,graft_failure,graft_failure,,,,,,,27.9,27.9,6.7,6.7,31.0,31.0,31.0,31.0,30.3,30.3,2.5,2.5
2,22,22,22,"Cruz et al., 2022",HT,TA,graft_failure,graft_failure,,,,,,,,,,,,,,,,,,
3,43,43,43,"Kautzner et al., 2015",BPTB,HT,graft_failure,graft_failure,74.0,73.0,0.0,2.0,0.06,0.3,26.0,26.0,6.28,6.28,0.0,0.0,74.0,74.0,24.0,24.0,2.0,2.0
4,49,49,49,"Laxdal et al., 2005",BPTB,HT,graft_failure,graft_failure,40.0,78.0,1.0,2.0,0.24,0.42,28.0,28.0,8.35,8.35,,,,,26.0,26.0,2.2,2.2
5,54,54,54,"Lucidi et al., 2025",BPTB,HT,graft_failure,graft_failure,19.0,20.0,7.0,3.0,2.72,0.92,52.8,52.8,7.3,7.3,,,,,240.0,240.0,20.0,20.0
6,66,66,66,"Mohtadi et al., 2016",BPTB,HT,graft_failure,graft_failure,110.0,110.0,19.0,24.0,2.25,2.99,28.7,28.7,9.9,9.9,63.0,63.0,47.0,47.0,24.0,24.0,2.0,2.0
7,67,67,67,"Mohtadi & Chan, 2019",BPTB,HT,graft_failure,graft_failure,,,,,,,,,,,,,,,,,,
8,68,68,68,"Moraiti et al., 2010",BPTB,HT,graft_failure,graft_failure,,,,,,,23.0,23.0,2.0,2.0,6.0,6.0,0.0,0.0,21.0,21.0,1.8,1.8
9,70,70,70,"Noh et al., 2011",HT,AT,graft_failure,graft_failure,,,,,,,25.81,25.81,7.46,7.46,30.0,30.0,3.0,3.0,28.1,28.1,2.3,2.3
10,76,76,76,"Pinczewski et al., 2007",BPTB,HT,graft_failure,graft_failure,90.0,90.0,7.0,12.0,0.86,1.52,25.0,25.0,5.49,5.49,48.0,48.0,42.0,42.0,120.0,120.0,10.0,10.0
11,77,77,77,"Popovic et al., 2024",BPTB,HT,graft_failure,graft_failure,38.0,33.0,3.0,4.0,0.62,0.89,27.0,27.0,6.82,6.82,,,,,228.0,228.0,19.0,19.0
12,85,85,85,"Smith et al., 2020",BPTB,HT,graft_failure,graft_failure,32.0,32.0,0.0,2.0,0.09,0.47,17.7,17.7,2.4,2.4,15.0,15.0,17.0,17.0,24.0,24.0,2.0,2.0
13,87,87,87,"Sonnery-cottet et al., 2026",BPTB,HT,graft_failure,graft_failure,273.0,283.0,12.0,12.0,0.79,0.78,24.8,24.8,4.4,4.4,214.0,214.0,69.0,69.0,61.5,61.5,5.1,5.1
14,90,90,90,"Taylor et al., 2009",BPTB,HT,graft_failure,graft_failure,32.0,32.0,3.0,4.0,0.68,0.91,21.7,21.7,4.6,4.6,25.0,25.0,7.0,7.0,32.4,32.4,2.7,2.7
15,96,96,96,"Wipfler et al., 2011",BPTB,HT,graft_failure,graft_failure,29.0,25.0,3.0,3.0,0.72,0.8,29.87,29.87,7.3,7.3,19.0,19.0,12.0,12.0,108.0,108.0,9.0,9.0
16,97,97,97,"Yadav et al., 2025",HT,QT,graft_failure,graft_failure,36.0,33.0,1.0,0.0,0.26,0.09,30.06,30.06,8.87,8.87,32.0,32.0,4.0,4.0,12.0,12.0,1.0,1.0
