id,study,study2,treat1,treat2,n1,n2,y1,y2,sd1,sd2,age1,age2,male1,male2,female1,female2,follow_up1,follow_up2
2,"Aglietti et al., 2004","Aglietti et al., 2004",BPTB,HT,60,60,0.0,0.0,0.06,0.06,25.0,25.0,46.0,46.0,14.0,14.0,24.0,24.0
5,"Anderson et al., 2001","Anderson et al., 2001",BPTB,HT,35,33,7.0,8.0,1.58,1.95,21.0,21.0,45.0,45.0,23.0,23.0,35.8,35.8
11,"Beynnon et al., 2002","Beynnon et al., 2002",BPTB,HT,22,22,3.0,9.0,0.86,3.43,29.9,29.9,13.0,13.0,15.0,15.0,36.0,36.0
12,"Bi et al., 2018","Bi et al., 2018",HT,PLT,62,62,0.0,0.0,0.06,0.06,29.1,29.1,34.0,34.0,28.0,28.0,29.7,29.7
13,"Björnsson et al., 2016","Björnsson et al., 2016",BPTB,HT,61,86,12.0,13.0,1.99,1.71,26.8,26.8,53.0,53.0,33.0,33.0,191.9,191.9
25,"Eriksson et al., 2001","Eriksson et al., 2001",BPTB,HT,42,47,2.0,9.0,0.41,1.71,27.0,27.0,,,,,6.7,6.7
26,"Feller & Webster, 2003","Feller & Webster, 2003",BPTB,HT,27,21,0.0,5.0,0.1,1.58,26.3,26.3,24.0,24.0,10.0,10.0,36.0,36.0
32,"Guglielmetti et al., 2021","Guglielmetti et al., 2021",BPTB,HT,31,31,2.0,3.0,0.48,0.7,24.6,24.6,19.0,19.0,12.0,12.0,24.0,24.0
33,"Harilainen et al., 2006","Harilainen et al., 2006",BPTB,HT,37,37,0.0,1.0,0.08,0.25,,,,,,,60.6,60.6
34,"Heijne & Werner, 2010","Heijne & Werner, 2010",BPTB,HT,30,29,3.0,8.0,0.71,2.18,30.0,30.0,14.0,14.0,20.0,20.0,24.7,24.7
36,"Horstmann et al., 2022","Horstmann et al., 2022",HT,QT,26,23,0.0,0.0,0.1,0.1,24.1,24.1,21.0,21.0,3.0,3.0,24.0,24.0
37,"Ibrahim et al., 2005","Ibrahim et al., 2005",BPTB,HT,40,45,5.0,8.0,0.99,1.54,22.3,22.3,46.0,46.0,0.0,0.0,81.0,81.0
41,"Jansson et al., 2003","Jansson et al., 2003",BPTB,HT,43,46,3.0,3.0,0.57,0.55,,,,,,,24.0,24.0
46,"Laoruengthana et al., 2009","Laoruengthana et al., 2009",BPTB,HT,15,13,2.0,2.0,0.74,0.82,28.7,28.7,,,,,19.0,19.0
47,"Lawhorn et al., 2012","Lawhorn et al., 2012",HT,TA,44,48,6.0,4.0,1.13,0.71,33.0,33.0,38.0,38.0,10.0,10.0,24.0,24.0
51,"Li et al., 2015","Li et al., 2015",HT,TA,32,32,4.0,9.0,0.91,2.34,30.5,30.5,15.0,15.0,17.0,17.0,73.2,73.2
53,"Lind et al., 2020","Lind et al., 2020",HT,QT,49,47,11.0,8.0,2.12,1.49,27.2,27.2,29.0,29.0,21.0,21.0,24.0,24.0
54,"Lucidi et al., 2025","Lucidi et al., 2025",BPTB,HT,19,20,7.0,5.0,2.72,1.64,54.5,54.5,,,,,240.0,240.0
56,"Lund et al., 2014","Lund et al., 2014",BPTB,QT,18,21,3.0,8.0,0.99,3.0,30.0,30.0,17.0,17.0,4.0,4.0,24.0,24.0
58,"Malik et al., 2026","Malik et al., 2026",HT,PLT,25,25,4.0,3.0,1.07,0.8,27.8,27.8,17.0,17.0,8.0,8.0,6.0,6.0
70,"Noh et al., 2011","Noh et al., 2011",HT,AT,33,32,6.0,6.0,1.38,1.41,25.6,25.6,26.0,26.0,6.0,6.0,31.6,31.6
76,"Pinczewski et al., 2007","Pinczewski et al., 2007",BPTB,HT,53,58,5.0,8.0,0.83,1.29,24.0,24.0,47.0,47.0,43.0,43.0,120.0,120.0
77,"Popovic et al., 2024","Popovic et al., 2024",BPTB,HT,38,33,1.0,3.0,0.25,0.67,27.0,27.0,,,,,228.0,228.0
82,"Sajovic et al., 2018","Sajovic et al., 2018",BPTB,HT,24,24,6.0,5.0,1.77,1.42,42.5,42.5,13.0,13.0,11.0,11.0,204.0,204.0
97,"Yadav et al., 2025","Yadav et al., 2025",HT,QT,36,33,5.0,0.0,1.06,0.09,28.7,28.7,30.0,30.0,3.0,3.0,12.0,12.0
98,"Yoo et al., 2017","Yoo et al., 2017",HT,TA,68,64,2.0,3.0,0.31,0.46,24.0,24.0,59.0,59.0,5.0,5.0,34.5,34.5
