,id,study,subgroup,total,age,male,female,follow_up
0,1,"Ageberg et al., 2009",BPTB,20,32.0,15,5.0,36.0
1,1,"Ageberg et al., 2009",HT,16,28.0,12,4.0,36.0
2,2,"Aglietti et al., 2004",BPTB,60,25.0,46,14.0,24.0
3,2,"Aglietti et al., 2004",HT,60,25.0,46,14.0,24.0
4,3,"Ahldén et al., 2009",BPTB,22,27.4,14,8.0,90.3
5,3,"Ahldén et al., 2009",HT,25,28.6,18,7.0,86.8
6,5,"Anderson et al., 2001",BPTB,35,23.6,23,12.0,34.6
7,5,"Anderson et al., 2001",HT,68,21.0,45,23.0,35.8
8,6,"Anz et al., 2023",BPTB,10,29.4,4,6.0,12.0
9,6,"Anz et al., 2023",HT,10,27.6,3,7.0,12.0
10,7,"Aune et al., 2001",BPTB,35,25.0,19,16.0,24.0
11,7,"Aune et al., 2001",HT,37,27.0,21,16.0,24.0
12,9,"Barenius et al., 2010",BPTB,78,33.0,38,40.0,96.0
13,9,"Barenius et al., 2010",HT,75,35.0,51,24.0,96.0
14,10,"Barié et al., 2020",BPTB,30,30.6,17,13.0,122.4
15,10,"Barié et al., 2020",QT,30,30.5,17,13.0,123.6
16,11,"Beynnon et al., 2002",BPTB,28,28.5,18,10.0,36.0
17,11,"Beynnon et al., 2002",HT,28,29.9,13,15.0,36.0
18,12,"Bi et al., 2018",HT,62,27.9,31,31.0,30.3
19,12,"Bi et al., 2018",PLT,62,29.1,34,28.0,29.7
20,13,"Björnsson et al., 2016",BPTB,61,28.2,42,19.0,202.6
21,13,"Björnsson et al., 2016",HT,86,26.8,53,33.0,191.9
22,14,"Bottoni et al., 2015",HT,48,28.9,41,7.0,120.0
23,14,"Bottoni et al., 2015",TA,49,29.2,43,6.0,120.0
24,18,"Butt et al., 2024",HT,30,29.2,29,1.0,60.0
25,18,"Butt et al., 2024",PLT,30,27.7,30,0.0,60.0
26,19,"Calvert et al., 2025",HT,55,29.4,28,27.0,24.0
27,19,"Calvert et al., 2025",QT,57,28.1,28,29.0,24.0
28,23,"Ejerhed et al., 2003",BPTB,32,27.3,21,11.0,24.0
29,23,"Ejerhed et al., 2003",HT,34,30.8,25,9.0,24.0
30,25,"Eriksson et al., 2001",BPTB,59,27.0,,,6.7
31,25,"Eriksson et al., 2001",HT,57,27.0,,,6.7
32,26,"Feller & Webster, 2003",BPTB,31,25.8,23,8.0,36.0
33,26,"Feller & Webster, 2003",HT,34,26.3,24,10.0,36.0
34,30,"Gifstad et al., 2013",BPTB,41,27.0,,,84.0
35,30,"Gifstad et al., 2013",HT,36,27.0,,,84.0
36,32,"Guglielmetti et al., 2021",BPTB,31,25.2,23,8.0,24.0
37,32,"Guglielmetti et al., 2021",HT,31,24.6,19,12.0,24.0
38,33,"Harilainen et al., 2006",BPTB,40,,,,60.6
39,33,"Harilainen et al., 2006",HT,39,,,,60.6
40,34,"Heijne & Werner, 2010",BPTB,34,29.0,22,12.0,24.7
41,34,"Heijne & Werner, 2010",HT,34,30.0,14,20.0,24.7
42,35,"Holm et al., 2010",BPTB,28,33.9,18,10.0,10.2
43,35,"Holm et al., 2010",HT,29,37.9,15,14.0,10.7
44,36,"Horstmann et al., 2022",HT,27,32.7,12,15.0,24.0
45,36,"Horstmann et al., 2022",QT,24,24.1,21,3.0,24.0
46,37,"Ibrahim et al., 2005",BPTB,40,22.3,40,0.0,81.0
47,37,"Ibrahim et al., 2005",HT,46,22.3,46,0.0,81.0
48,38,"Iliopoulos et al., 2017",BPTB,10,24.8,10,0.0,9.0
49,38,"Iliopoulos et al., 2017",HT,10,26.7,10,0.0,9.0
50,41,"Jansson et al., 2003",BPTB,43,,,,24.0
51,41,"Jansson et al., 2003",HT,46,,,,24.0
52,43,"Kautzner et al., 2015",BPTB,74,26.0,0,74.0,24.0
53,43,"Kautzner et al., 2015",HT,73,26.0,0,73.0,24.0
54,44,"Komzak et al., 2022",BPTB,36,31.0,23,17.0,28.0
55,44,"Komzak et al., 2022",QT,36,29.8,21,19.0,28.0
56,45,"Konrads et al., 2016",BPTB,31,29.8,22,9.0,120.0
57,45,"Konrads et al., 2016",HT,31,29.8,23,8.0,120.0
58,46,"Laoruengthana et al., 2009",BPTB,15,29.9,,,19.0
59,46,"Laoruengthana et al., 2009",HT,13,28.7,,,19.0
60,47,"Lawhorn et al., 2012",HT,44,32.0,32,22.0,24.0
61,47,"Lawhorn et al., 2012",TA,48,33.0,38,10.0,24.0
62,49,"Laxdal et al., 2005",BPTB,40,28.0,,,26.0
63,49,"Laxdal et al., 2005",HT,78,25.0,,,26.0
64,51,"Li et al., 2015",HT,32,29.8,17,15.0,69.6
65,51,"Li et al., 2015",TA,32,30.5,15,17.0,73.2
66,52,"Lidén et al., 2007",BPTB,34,28.0,23,11.0,87.1
67,52,"Lidén et al., 2007",HT,37,29.0,26,11.0,87.1
68,53,"Lind et al., 2020",HT,49,27.1,25,24.0,24.0
69,53,"Lind et al., 2020",QT,47,27.2,29,21.0,24.0
70,54,"Lucidi et al., 2025",BPTB,19,52.8,,,240.0
71,54,"Lucidi et al., 2025",HT,20,54.5,,,240.0
72,55,"Lui et al., 2012",BPTB,14,26.5,14,0.0,12.0
73,55,"Lui et al., 2012",HT,38,24.6,38,0.0,12.0
74,56,"Lund et al., 2014",BPTB,18,31.0,15,3.0,24.0
75,56,"Lund et al., 2014",QT,21,30.0,17,4.0,24.0
76,58,"Malik et al., 2026",HT,25,28.1,18,7.0,6.0
77,58,"Malik et al., 2026",PLT,25,27.8,17,8.0,6.0
78,62,"Matsumoto et al., 2006",BPTB,37,23.7,21,16.0,87.0
79,62,"Matsumoto et al., 2006",HT,35,24.4,20,15.0,80.7
80,66,"Mohtadi et al., 2016",BPTB,110,28.7,63,47.0,24.0
81,66,"Mohtadi et al., 2016",HT,220,28.4,120,100.0,24.0
82,68,"Moraiti et al., 2010",BPTB,6,23.0,6,0.0,21.0
83,68,"Moraiti et al., 2010",HT,6,24.0,6,0.0,25.0
84,70,"Noh et al., 2011",HT,33,25.8,30,3.0,28.1
85,70,"Noh et al., 2011",AT,32,25.6,26,6.0,31.6
86,73,"Papalia et al., 2015",BPTB,20,24.7,0,20.0,6.0
87,73,"Papalia et al., 2015",HT,20,25.4,0,20.0,6.0
88,76,"Pinczewski et al., 2007",BPTB,90,25.0,48,42.0,120.0
89,76,"Pinczewski et al., 2007",HT,90,24.0,47,43.0,120.0
90,77,"Popovic et al., 2024",BPTB,54,27.0,`,,228.0
91,77,"Popovic et al., 2024",HT,90,27.0,,,228.0
92,82,"Sajovic et al., 2018",BPTB,24,45.5,15,9.0,204.0
93,82,"Sajovic et al., 2018",HT,24,42.5,13,11.0,204.0
94,84,"Sinding et al., 2020",HT,43,28.3,23,20.0,12.5
95,84,"Sinding et al., 2020",QT,42,28.7,25,17.0,12.4
96,85,"Smith et al., 2020",BPTB,32,17.7,15,17.0,24.0
97,85,"Smith et al., 2020",HT,32,17.7,13,19.0,24.0
98,87,"Sonnery-Cottet et al., 2026",BPTB,283,24.8,214,69.0,61.5
99,87,"Sonnery-Cottet et al., 2026",HT,273,25.2,233,40.0,63.9
100,89,"Tang et al., 2023",HT,16,28.3,13,3.0,24.0
101,89,"Tang et al., 2023",QT,17,28.1,17,0.0,24.0
102,90,"Taylor et al., 2009",BPTB,32,21.7,25,7.0,32.4
103,90,"Taylor et al., 2009",HT,32,22.1,28,4.0,38.4
104,93,"Vilchez-Cavazos et al., 2020",HT,14,24.5,12,3.0,12.0
105,93,"Vilchez-Cavazos et al., 2020",QT,14,24.5,11,3.0,12.0
106,95,"Webster et al., 2001",BPTB,28,26.0,20,8.0,24.0
107,95,"Webster et al., 2001",HT,33,27.0,23,10.0,24.0
108,96,"Wipfler et al., 2011",BPTB,31,29.9,19,12.0,108.0
109,96,"Wipfler et al., 2011",HT,31,34.2,18,13.0,108.0
110,97,"Yadav et al., 2025",HT,36,30.1,32,4.0,12.0
111,97,"Yadav et al., 2025",QT,33,28.7,30,3.0,12.0
112,98,"Yoo et al., 2017",HT,68,30.0,61,7.0,32.8
113,98,"Yoo et al., 2017",TA,64,24.0,59,5.0,34.5
114,100,"Zaffagnini et al., 2011",BPTB,39,26.0,20,19.0,103.2
115,100,"Zaffagnini et al., 2011",HT,40,27.0,22,18.0,103.2
