,id,study,subgroup,outcome,data_type,ni,yi,sdi,min,q1,median,q3,max,age_mean,age_sd,male,female,follow-up_mo,follow-up_yr,follow-up_term
0,6,"Anz et al., 2023",BPTB,graft_failure,dichotomous,8.0,0.0,0.18,,,,,,29.4,7.34,4.0,6.0,12.0,1.0,short
1,6,"Anz et al., 2023",HT,graft_failure,dichotomous,8.0,0.0,0.18,,,,,,29.4,7.34,4.0,6.0,12.0,1.0,short
6,43,"Kautzner et al., 2015",BPTB,graft_failure,dichotomous,74.0,0.0,0.06,,,,,,26.0,6.28,,74.0,24.0,2.0,medium
7,43,"Kautzner et al., 2015",HT,graft_failure,dichotomous,73.0,2.0,0.3,,,,,,26.0,6.28,,74.0,24.0,2.0,medium
8,49,"Laxdal et al., 2005",BPTB,graft_failure,dichotomous,40.0,1.0,0.24,,,,,,28.0,8.35,,,26.0,2.2,medium
9,49,"Laxdal et al., 2005",HT,graft_failure,dichotomous,78.0,2.0,0.42,,,,,,28.0,8.35,,,26.0,2.2,medium
10,54,"Lucidi et al., 2025",BPTB,graft_failure,dichotomous,19.0,7.0,2.72,,,,,,52.8,7.3,,,240.0,20.0,long
11,54,"Lucidi et al., 2025",HT,graft_failure,dichotomous,20.0,3.0,0.92,,,,,,52.8,7.3,,,240.0,20.0,long
12,66,"Mohtadi et al., 2016",BPTB,graft_failure,dichotomous,110.0,19.0,2.25,,,,,,28.7,9.9,63.0,47.0,24.0,2.0,medium
13,66,"Mohtadi et al., 2016",HT,graft_failure,dichotomous,110.0,24.0,2.99,,,,,,28.7,9.9,63.0,47.0,24.0,2.0,medium
20,76,"Pinczewski et al., 2007",BPTB,graft_failure,dichotomous,90.0,7.0,0.86,,,,,,25.0,5.49,48.0,42.0,120.0,10.0,long
21,76,"Pinczewski et al., 2007",HT,graft_failure,dichotomous,90.0,12.0,1.52,,,,,,25.0,5.49,48.0,42.0,120.0,10.0,long
22,77,"Popovic et al., 2024",BPTB,graft_failure,dichotomous,38.0,3.0,0.62,,,,,,27.0,6.82,,,228.0,19.0,long
23,77,"Popovic et al., 2024",HT,graft_failure,dichotomous,33.0,4.0,0.89,,,,,,27.0,6.82,,,228.0,19.0,long
24,85,"Smith et al., 2020",BPTB,graft_failure,dichotomous,32.0,0.0,0.09,,,,,,17.7,2.4,15.0,17.0,24.0,2.0,medium
25,85,"Smith et al., 2020",HT,graft_failure,dichotomous,32.0,2.0,0.47,,,,,,17.7,2.4,15.0,17.0,24.0,2.0,medium
26,87,"Sonnery-cottet et al., 2026",BPTB,graft_failure,dichotomous,273.0,12.0,0.79,,,,,,24.8,4.4,214.0,69.0,62.0,5.1,long
27,87,"Sonnery-cottet et al., 2026",HT,graft_failure,dichotomous,283.0,12.0,0.78,,,,,,24.8,4.4,214.0,69.0,62.0,5.1,long
28,90,"Taylor et al., 2009",BPTB,graft_failure,dichotomous,32.0,3.0,0.68,,,,,,21.7,4.6,25.0,7.0,32.0,2.7,medium
29,90,"Taylor et al., 2009",HT,graft_failure,dichotomous,32.0,4.0,0.91,,,,,,21.7,4.6,25.0,7.0,32.0,2.7,medium
30,96,"Wipfler et al., 2011",BPTB,graft_failure,dichotomous,29.0,3.0,0.72,,,,,,29.87,7.3,19.0,12.0,108.0,9.0,long
31,96,"Wipfler et al., 2011",HT,graft_failure,dichotomous,25.0,3.0,0.8,,,,,,29.87,7.3,19.0,12.0,108.0,9.0,long
32,97,"Yadav et al., 2025",HT,graft_failure,dichotomous,36.0,1.0,0.26,,,,,,30.06,8.87,32.0,4.0,12.0,1.0,short
33,97,"Yadav et al., 2025",QT,graft_failure,dichotomous,33.0,0.0,0.09,,,,,,30.06,8.87,32.0,4.0,12.0,1.0,short
