,id,study,subgroup,composite_key,outcome,data_type,ni,yi,sdi,min,q1,median,q3,max,screening,age_mean,age_sd,total,missing,male,female,follow-up_mo,follow-up_yr,follow-up_term
2,12,"Bi et al., 2018",HT,"Bi et al., 2018, HT",graft_failure,dichotomous,,,,,,,,,excluded,27.9,6.7,62.0,62.0,31,31.0,30.3,2.5,medium
3,12,"Bi et al., 2018",PLT,"Bi et al., 2018, PLT",graft_failure,dichotomous,,,,,,,,,excluded,29.1,6.5,62.0,62.0,34,28.0,29.7,2.5,medium
4,22,"Cruz et al., 2022",HT,"Cruz et al., 2022, HT",graft_failure,dichotomous,,,,,,,,,excluded,,,,,,,,,
5,22,"Cruz et al., 2022",TA,"Cruz et al., 2022, TA",graft_failure,dichotomous,,,,,,,,,excluded,,,,,,,,,
14,67,"Mohtadi & Chan, 2019",BPTB,"Mohtadi & Chan, 2019, BPTB",graft_failure,dichotomous,,,,,,,,,excluded,,,,,,,,,
15,67,"Mohtadi & Chan, 2019",HT,"Mohtadi & Chan, 2019, HT",graft_failure,dichotomous,,,,,,,,,excluded,,,,,,,,,
16,68,"Moraiti et al., 2010",BPTB,"Moraiti et al., 2010, BPTB",graft_failure,dichotomous,,,,,,,,,excluded,23.0,2.0,6.0,6.0,6,0.0,21.0,1.8,medium
17,68,"Moraiti et al., 2010",HT,"Moraiti et al., 2010, HT",graft_failure,dichotomous,,,,,,,,,excluded,24.0,3.0,6.0,6.0,6,0.0,25.0,2.1,medium
18,70,"Noh et al., 2011",HT,"Noh et al., 2011, HT",graft_failure,dichotomous,,,,,,,,,excluded,25.81,7.46,33.0,33.0,30,3.0,28.1,2.3,medium
19,70,"Noh et al., 2011",AT,"Noh et al., 2011, AT",graft_failure,dichotomous,,,,,,,,,excluded,25.55,8.47,32.0,32.0,26,6.0,31.6,2.6,medium
34,3,"Ahldén et al., 2009",BPTB,"Ahldén et al., 2009, BPTB",ikdc_objective,dichotomous,,,,,,,,,excluded,27.41,8.9,22.0,22.0,14,8.0,90.27,7.5,long
35,3,"Ahldén et al., 2009",HT,"Ahldén et al., 2009, HT",ikdc_objective,dichotomous,,,,,,,,,excluded,28.6,6.36,25.0,25.0,18,7.0,86.79,7.2,long
36,5,"Anderson et al., 2001",BPTB,"Anderson et al., 2001, BPTB",ikdc_objective,dichotomous,,,,,,,,,excluded,23.6,7.13,35.0,35.0,23,12.0,34.6,2.9,medium
37,5,"Anderson et al., 2001",HT,"Anderson et al., 2001, HT",ikdc_objective,dichotomous,,,,,,,,,excluded,21.02,5.81,68.0,68.0,45,23.0,35.8,3.0,medium
38,11,"Beynnon et al., 2002",BPTB,"Beynnon et al., 2002, BPTB",ikdc_objective,dichotomous,,,,,,,,,excluded,28.5,6.96,28.0,28.0,18,10.0,36.0,3.0,medium
39,11,"Beynnon et al., 2002",HT,"Beynnon et al., 2002, HT",ikdc_objective,dichotomous,,,,,,,,,excluded,29.9,5.72,28.0,28.0,13,15.0,36.0,3.0,medium
40,26,"Feller & Webster, 2003",BPTB,"Feller & Webster, 2003, BPTB",ikdc_objective,dichotomous,,,,,,,,,excluded,25.8,6.0,31.0,31.0,23,8.0,36.0,3.0,medium
41,26,"Feller & Webster, 2003",HT,"Feller & Webster, 2003, HT",ikdc_objective,dichotomous,,,,,,,,,excluded,26.3,6.0,34.0,34.0,24,10.0,36.0,3.0,medium
42,31,"Gobbi & Francisco, 2006",BPTB,"Gobbi & Francisco, 2006, BPTB",ikdc_objective,dichotomous,,,,,,,,,excluded,,,,,,,,,
43,31,"Gobbi & Francisco, 2006",HT,"Gobbi & Francisco, 2006, HT",ikdc_objective,dichotomous,,,,,,,,,excluded,,,,,,,,,
44,33,"Harilainen et al., 2006",BPTB,"Harilainen et al., 2006, BPTB",ikdc_objective,dichotomous,,,,,,,,,excluded,,,,,,,60.6,5.1,long
45,33,"Harilainen et al., 2006",HT,"Harilainen et al., 2006, HT",ikdc_objective,dichotomous,,,,,,,,,excluded,,,,,,,60.6,5.1,long
46,45,"Konrads et al., 2016",BPTB,"Konrads et al., 2016, BPTB",ikdc_objective,dichotomous,,,,,,,,,excluded,29.8,6.33,31.0,31.0,22,9.0,120.0,10.0,long
47,45,"Konrads et al., 2016",HT,"Konrads et al., 2016, HT",ikdc_objective,dichotomous,,,,,,,,,excluded,29.8,6.33,31.0,31.0,23,8.0,120.0,10.0,long
48,46,"Laoruengthana et al., 2009",BPTB,"Laoruengthana et al., 2009, BPTB",ikdc_objective,dichotomous,,,,,,,,,excluded,29.93,8.91,,,,,19.0,1.6,medium
49,46,"Laoruengthana et al., 2009",HT,"Laoruengthana et al., 2009, HT",ikdc_objective,dichotomous,,,,,,,,,excluded,28.65,9.27,,,,,19.0,1.6,medium
50,47,"Lawhorn et al., 2012",HT,"Lawhorn et al., 2012, HT",ikdc_objective,dichotomous,,,,,,,,,excluded,32.0,8.43,54.0,54.0,32,22.0,24.0,2.0,medium
51,47,"Lawhorn et al., 2012",TA,"Lawhorn et al., 2012, TA",ikdc_objective,dichotomous,,,,,,,,,excluded,33.0,8.31,48.0,48.0,38,10.0,24.0,2.0,medium
52,49,"Laxdal et al., 2005",BPTB,"Laxdal et al., 2005, BPTB",ikdc_objective,dichotomous,,,,,,,,,excluded,28.0,8.35,,,,,26.0,2.2,medium
53,49,"Laxdal et al., 2005",HT,"Laxdal et al., 2005, HT",ikdc_objective,dichotomous,,,,,,,,,excluded,25.0,5.6,,,,,26.0,2.2,medium
54,52,"Lidén et al., 2007",BPTB,"Lidén et al., 2007, BPTB",ikdc_objective,dichotomous,,,,,,,,,excluded,28.0,8.37,34.0,34.0,23,11.0,87.11,7.3,long
55,52,"Lidén et al., 2007",HT,"Lidén et al., 2007, HT",ikdc_objective,dichotomous,,,,,,,,,excluded,29.0,10.35,37.0,37.0,26,11.0,87.05,7.3,long
56,57,"Maletis et al., 2007",BPTB,"Maletis et al., 2007, BPTB",ikdc_objective,dichotomous,,,,,,,,,excluded,,,,,,,,,
57,57,"Maletis et al., 2007",HT,"Maletis et al., 2007, HT",ikdc_objective,dichotomous,,,,,,,,,excluded,,,,,,,,,
58,67,"Mohtadi & Chan, 2019",BPTB,"Mohtadi & Chan, 2019, BPTB",ikdc_objective,dichotomous,,,,,,,,,excluded,,,,,,,,,
59,67,"Mohtadi & Chan, 2019",HT,"Mohtadi & Chan, 2019, HT",ikdc_objective,dichotomous,,,,,,,,,excluded,,,,,,,,,
60,70,"Noh et al., 2011",HT,"Noh et al., 2011, HT",ikdc_objective,dichotomous,,,,,,,,,excluded,25.81,7.46,33.0,33.0,30,3.0,28.1,2.3,medium
61,70,"Noh et al., 2011",AT,"Noh et al., 2011, AT",ikdc_objective,dichotomous,,,,,,,,,excluded,25.55,8.47,32.0,32.0,26,6.0,31.6,2.6,medium
62,72,"Oneill et al., 1996",BPTB,"Oneill et al., 1996, BPTB",ikdc_objective,dichotomous,,,,,,,,,excluded,,,,,,,,,
63,72,"Oneill et al., 1996",HT,"Oneill et al., 1996, HT",ikdc_objective,dichotomous,,,,,,,,,excluded,,,,,,,,,
64,76,"Pinczewski et al., 2007",BPTB,"Pinczewski et al., 2007, BPTB",ikdc_objective,dichotomous,,,,,,,,,excluded,25.0,5.49,90.0,90.0,48,42.0,120.0,10.0,long
65,76,"Pinczewski et al., 2007",HT,"Pinczewski et al., 2007, HT",ikdc_objective,dichotomous,,,,,,,,,excluded,24.0,7.92,90.0,90.0,47,43.0,120.0,10.0,long
66,82,"Sajovic et al., 2018",BPTB,"Sajovic et al., 2018, BPTB",ikdc_objective,dichotomous,,,,,,,,,excluded,45.5,8.7,24.0,24.0,15,9.0,204.0,17.0,long
67,82,"Sajovic et al., 2018",HT,"Sajovic et al., 2018, HT",ikdc_objective,dichotomous,,,,,,,,,excluded,42.5,7.5,24.0,24.0,13,11.0,204.0,17.0,long
68,90,"Taylor et al., 2009",BPTB,"Taylor et al., 2009, BPTB",ikdc_objective,dichotomous,,,,,,,,,excluded,21.7,4.6,32.0,32.0,25,7.0,32.4,2.7,medium
69,90,"Taylor et al., 2009",HT,"Taylor et al., 2009, HT",ikdc_objective,dichotomous,,,,,,,,,excluded,22.1,6.53,32.0,32.0,28,4.0,38.4,3.2,long
70,95,"Webster et al., 2001",BPTB,"Webster et al., 2001, BPTB",ikdc_objective,dichotomous,,,,,,,,,excluded,26.0,6.3,28.0,28.0,20,8.0,24.0,2.0,medium
71,95,"Webster et al., 2001",HT,"Webster et al., 2001, HT",ikdc_objective,dichotomous,,,,,,,,,excluded,27.0,6.1,33.0,33.0,23,10.0,24.0,2.0,medium
128,4,"Akelman et al., 2016",BPTB,"Akelman et al., 2016, BPTB",instrumented_laxity,continuous,,,,,,,,,excluded,,,,,,,,,
129,4,"Akelman et al., 2016",HT,"Akelman et al., 2016, HT",instrumented_laxity,continuous,,,,,,,,,excluded,,,,,,,,,
134,9,"Barenius et al., 2010",BPTB,"Barenius et al., 2010, BPTB",instrumented_laxity,continuous,,,,,,,,,excluded,33.0,6.3,78.0,78.0,38,40.0,96.0,8.0,long
135,9,"Barenius et al., 2010",HT,"Barenius et al., 2010, HT",instrumented_laxity,continuous,,,,,,,,,excluded,35.0,7.5,75.0,75.0,51,24.0,96.0,8.0,long
138,11,"Beynnon et al., 2002",BPTB,"Beynnon et al., 2002, BPTB",instrumented_laxity,continuous,,,,,,,,,excluded,28.5,6.96,28.0,28.0,18,10.0,36.0,3.0,medium
139,11,"Beynnon et al., 2002",HT,"Beynnon et al., 2002, HT",instrumented_laxity,continuous,,,,,,,,,excluded,29.9,5.72,28.0,28.0,13,15.0,36.0,3.0,medium
142,13,"Björnsson et al., 2016",BPTB,"Björnsson et al., 2016, BPTB",instrumented_laxity,continuous,,,,,,,,,excluded,28.2,9.1,61.0,61.0,42,19.0,202.6,16.9,long
143,13,"Björnsson et al., 2016",HT,"Björnsson et al., 2016, HT",instrumented_laxity,continuous,,,,,,,,,excluded,26.8,7.6,86.0,86.0,53,33.0,191.9,16.0,long
144,16,"Breker et al., 2025",BPTB,"Breker et al., 2025, BPTB",instrumented_laxity,continuous,,,,,,,,,excluded,,,,,,,,,
145,16,"Breker et al., 2025",HT,"Breker et al., 2025, HT",instrumented_laxity,continuous,,,,,,,,,excluded,,,,,,,,,
152,28,"Gerber et al., 2007",BPTB,"Gerber et al., 2007, BPTB",instrumented_laxity,continuous,,,,,,,,,excluded,,,,,,,,,
153,28,"Gerber et al., 2007",HT,"Gerber et al., 2007, HT",instrumented_laxity,continuous,,,,,,,,,excluded,,,,,,,,,
156,31,"Gobbi & Francisco, 2006",BPTB,"Gobbi & Francisco, 2006, BPTB",instrumented_laxity,continuous,,,,,,,,,excluded,,,,,,,,,
157,31,"Gobbi & Francisco, 2006",HT,"Gobbi & Francisco, 2006, HT",instrumented_laxity,continuous,,,,,,,,,excluded,,,,,,,,,
160,34,"Heijne & Werner, 2010",BPTB,"Heijne & Werner, 2010, BPTB",instrumented_laxity,continuous,,,,,,,,,excluded,29.0,7.0,34.0,34.0,22,12.0,24.7,2.1,medium
161,34,"Heijne & Werner, 2010",HT,"Heijne & Werner, 2010, HT",instrumented_laxity,continuous,,,,,,,,,excluded,30.0,9.0,34.0,34.0,14,20.0,24.7,2.1,medium
166,37,"Ibrahim et al., 2005",BPTB,"Ibrahim et al., 2005, BPTB",instrumented_laxity,continuous,,,,,,,,,excluded,22.3,3.94,40.0,40.0,40,0.0,81.0,6.8,long
167,37,"Ibrahim et al., 2005",HT,"Ibrahim et al., 2005, HT",instrumented_laxity,continuous,,,,,,,,,excluded,22.3,3.84,46.0,46.0,46,0.0,81.0,6.8,long
176,47,"Lawhorn et al., 2012",HT,"Lawhorn et al., 2012, HT",instrumented_laxity,continuous,,,,,,,,,excluded,32.0,8.43,54.0,54.0,32,22.0,24.0,2.0,medium
177,47,"Lawhorn et al., 2012",TA,"Lawhorn et al., 2012, TA",instrumented_laxity,continuous,,,,,,,,,excluded,33.0,8.31,48.0,48.0,38,10.0,24.0,2.0,medium
180,50,"Leitgeb et al., 2014",BPTB,"Leitgeb et al., 2014, BPTB",instrumented_laxity,continuous,,,,,,,,,excluded,,,,,,,,,
181,50,"Leitgeb et al., 2014",HT,"Leitgeb et al., 2014, HT",instrumented_laxity,continuous,,,,,,,,,excluded,,,,,,,,,
194,57,"Maletis et al., 2007",BPTB,"Maletis et al., 2007, BPTB",instrumented_laxity,continuous,,,,,,,,,excluded,,,,,,,,,
195,57,"Maletis et al., 2007",HT,"Maletis et al., 2007, HT",instrumented_laxity,continuous,,,,,,,,,excluded,,,,,,,,,
200,66,"Mohtadi et al., 2016",BPTB,"Mohtadi et al., 2016, BPTB",instrumented_laxity,continuous,,,,,,,,,excluded,28.7,9.9,110.0,110.0,63,47.0,24.0,2.0,medium
201,66,"Mohtadi et al., 2016",HT,"Mohtadi et al., 2016, HT",instrumented_laxity,continuous,,,,,,,,,excluded,28.4,9.83,220.0,220.0,120,100.0,24.0,2.0,medium
202,67,"Mohtadi & Chan, 2019",BPTB,"Mohtadi & Chan, 2019, BPTB",instrumented_laxity,continuous,,,,,,,,,excluded,,,,,,,,,
203,67,"Mohtadi & Chan, 2019",HT,"Mohtadi & Chan, 2019, HT",instrumented_laxity,continuous,,,,,,,,,excluded,,,,,,,,,
204,68,"Moraiti et al., 2010",BPTB,"Moraiti et al., 2010, BPTB",instrumented_laxity,continuous,,,,,,,,,excluded,23.0,2.0,6.0,6.0,6,0.0,21.0,1.8,medium
205,68,"Moraiti et al., 2010",HT,"Moraiti et al., 2010, HT",instrumented_laxity,continuous,,,,,,,,,excluded,24.0,3.0,6.0,6.0,6,0.0,25.0,2.1,medium
206,70,"Noh et al., 2011",HT,"Noh et al., 2011, HT",instrumented_laxity,continuous,,,,,,,,,excluded,25.81,7.46,33.0,33.0,30,3.0,28.1,2.3,medium
207,70,"Noh et al., 2011",AT,"Noh et al., 2011, AT",instrumented_laxity,continuous,,,,,,,,,excluded,25.55,8.47,32.0,32.0,26,6.0,31.6,2.6,medium
208,72,"Oneill et al., 1996",BPTB,"Oneill et al., 1996, BPTB",instrumented_laxity,continuous,,,,,,,,,excluded,,,,,,,,,
209,72,"Oneill et al., 1996",HT,"Oneill et al., 1996, HT",instrumented_laxity,continuous,,,,,,,,,excluded,,,,,,,,,
218,89,"Tang et al., 2023",HT,"Tang et al., 2023, HT",instrumented_laxity,continuous,,,,,,,,,excluded,28.31,8.55,16.0,16.0,13,3.0,24.0,2.0,medium
219,89,"Tang et al., 2023",QT,"Tang et al., 2023, QT",instrumented_laxity,continuous,,,,,,,,,excluded,28.06,6.24,17.0,17.0,17,0.0,24.0,2.0,medium
220,90,"Taylor et al., 2009",BPTB,"Taylor et al., 2009, BPTB",instrumented_laxity,continuous,,,,,,,,,excluded,21.7,4.6,32.0,32.0,25,7.0,32.4,2.7,medium
221,90,"Taylor et al., 2009",HT,"Taylor et al., 2009, HT",instrumented_laxity,continuous,,,,,,,,,excluded,22.1,6.53,32.0,32.0,28,4.0,38.4,3.2,long
222,93,"Vilchez-cavazos et al., 2020",BPTB,"Vilchez-cavazos et al., 2020, BPTB",instrumented_laxity,continuous,,,,,,,,,excluded,,,,,,,,,
223,93,"Vilchez-cavazos et al., 2020",QT,"Vilchez-cavazos et al., 2020, QT",instrumented_laxity,continuous,,,,,,,,,excluded,24.46,9.06,14.0,14.0,11,3.0,12.0,1.0,short
230,98,"Yoo et al., 2017",HT,"Yoo et al., 2017, HT",instrumented_laxity,continuous,68.0,2.2,0.0,,,,,,excluded,30.0,9.96,68.0,0.0,61,7.0,32.8,2.7,medium
231,98,"Yoo et al., 2017",TA,"Yoo et al., 2017, TA",instrumented_laxity,continuous,64.0,2.5,0.0,,,,,,excluded,24.0,8.35,64.0,0.0,59,5.0,34.5,2.9,medium
236,9,"Barenius et al., 2010",BPTB,"Barenius et al., 2010, BPTB",lachman_1,dichotomous,,,,,,,,,excluded,33.0,6.3,78.0,78.0,38,40.0,96.0,8.0,long
237,9,"Barenius et al., 2010",HT,"Barenius et al., 2010, HT",lachman_1,dichotomous,,,,,,,,,excluded,35.0,7.5,75.0,75.0,51,24.0,96.0,8.0,long
242,18,"Butt et al., 2024",HT,"Butt et al., 2024, HT",lachman_1,dichotomous,,,,,,,,,excluded,29.17,5.03,30.0,30.0,29,1.0,60.0,5.0,long
243,18,"Butt et al., 2024",PLT,"Butt et al., 2024, PLT",lachman_1,dichotomous,,,,,,,,,excluded,27.73,4.14,30.0,30.0,30,0.0,60.0,5.0,long
256,38,"Iliopoulos et al., 2017",BPTB,"Iliopoulos et al., 2017, BPTB",lachman_1,dichotomous,,,,,,,,,excluded,24.8,5.0,10.0,10.0,10,0.0,9.0,0.8,short
257,38,"Iliopoulos et al., 2017",HT,"Iliopoulos et al., 2017, HT",lachman_1,dichotomous,,,,,,,,,excluded,26.7,7.2,10.0,10.0,10,0.0,9.0,0.8,short
262,50,"Leitgeb et al., 2014",BPTB,"Leitgeb et al., 2014, BPTB",lachman_1,dichotomous,,,,,,,,,excluded,,,,,,,,,
263,50,"Leitgeb et al., 2014",HT,"Leitgeb et al., 2014, HT",lachman_1,dichotomous,,,,,,,,,excluded,,,,,,,,,
272,66,"Mohtadi et al., 2016",BPTB,"Mohtadi et al., 2016, BPTB",lachman_1,dichotomous,,,,,,,,,excluded,28.7,9.9,110.0,110.0,63,47.0,24.0,2.0,medium
273,66,"Mohtadi et al., 2016",HT,"Mohtadi et al., 2016, HT",lachman_1,dichotomous,,,,,,,,,excluded,28.4,9.83,220.0,220.0,120,100.0,24.0,2.0,medium
274,67,"Mohtadi & Chan, 2019",BPTB,"Mohtadi & Chan, 2019, BPTB",lachman_1,dichotomous,,,,,,,,,excluded,,,,,,,,,
275,67,"Mohtadi & Chan, 2019",HT,"Mohtadi & Chan, 2019, HT",lachman_1,dichotomous,,,,,,,,,excluded,,,,,,,,,
276,68,"Moraiti et al., 2010",BPTB,"Moraiti et al., 2010, BPTB",lachman_1,dichotomous,,,,,,,,,excluded,23.0,2.0,6.0,6.0,6,0.0,21.0,1.8,medium
277,68,"Moraiti et al., 2010",HT,"Moraiti et al., 2010, HT",lachman_1,dichotomous,,,,,,,,,excluded,24.0,3.0,6.0,6.0,6,0.0,25.0,2.1,medium
286,96,"Wipfler et al., 2011",BPTB,"Wipfler et al., 2011, BPTB",lachman_1,dichotomous,29.0,,0.09,,,,,,excluded,29.87,7.3,31.0,2.0,19,12.0,108.0,9.0,long
287,96,"Wipfler et al., 2011",HT,"Wipfler et al., 2011, HT",lachman_1,dichotomous,25.0,,0.1,,,,,,excluded,34.23,9.25,31.0,6.0,18,13.0,108.0,9.0,long
304,30,"Gifstad et al., 2013",BPTB,"Gifstad et al., 2013, BPTB",lysholm,continuous,,,,,,,,,excluded,27.0,6.74,,,,,84.0,7.0,long
305,30,"Gifstad et al., 2013",HT,"Gifstad et al., 2013, HT",lysholm,continuous,,,,,,,,,excluded,27.0,6.78,,,,,84.0,7.0,long
306,31,"Gobbi & Francisco, 2006",BPTB,"Gobbi & Francisco, 2006, BPTB",lysholm,continuous,,,,,,,,,excluded,,,,,,,,,
307,31,"Gobbi & Francisco, 2006",HT,"Gobbi & Francisco, 2006, HT",lysholm,continuous,,,,,,,,,excluded,,,,,,,,,
320,41,"Jansson et al., 2003",BPTB,"Jansson et al., 2003, BPTB",lysholm,continuous,,,,,,,,,excluded,,,,,,,24.0,2.0,medium
321,41,"Jansson et al., 2003",HT,"Jansson et al., 2003, HT",lysholm,continuous,,,,,,,,,excluded,,,,,,,24.0,2.0,medium
328,46,"Laoruengthana et al., 2009",BPTB,"Laoruengthana et al., 2009, BPTB",lysholm,continuous,,,,,,,,,excluded,29.93,8.91,,,,,19.0,1.6,medium
329,46,"Laoruengthana et al., 2009",HT,"Laoruengthana et al., 2009, HT",lysholm,continuous,,,,,,,,,excluded,28.65,9.27,,,,,19.0,1.6,medium
340,57,"Maletis et al., 2007",BPTB,"Maletis et al., 2007, BPTB",lysholm,continuous,,,,,,,,,excluded,,,,,,,,,
341,57,"Maletis et al., 2007",HT,"Maletis et al., 2007, HT",lysholm,continuous,,,,,,,,,excluded,,,,,,,,,
348,72,"Oneill et al., 1996",BPTB,"Oneill et al., 1996, BPTB",lysholm,continuous,,,,,,,,,excluded,,,,,,,,,
349,72,"Oneill et al., 1996",HT,"Oneill et al., 1996, HT",lysholm,continuous,,,,,,,,,excluded,,,,,,,,,
352,76,"Pinczewski et al., 2007",BPTB,"Pinczewski et al., 2007, BPTB",lysholm,continuous,,,,,,,,,excluded,25.0,5.49,90.0,90.0,48,42.0,120.0,10.0,long
353,76,"Pinczewski et al., 2007",HT,"Pinczewski et al., 2007, HT",lysholm,continuous,,,,,,,,,excluded,24.0,7.92,90.0,90.0,47,43.0,120.0,10.0,long
374,9,"Barenius et al., 2010",BPTB,"Barenius et al., 2010, BPTB",pivot_shift_1,dichotomous,,,,,,,,,excluded,33.0,6.3,78.0,78.0,38,40.0,96.0,8.0,long
375,9,"Barenius et al., 2010",HT,"Barenius et al., 2010, HT",pivot_shift_1,dichotomous,,,,,,,,,excluded,35.0,7.5,75.0,75.0,51,24.0,96.0,8.0,long
382,18,"Butt et al., 2024",HT,"Butt et al., 2024, HT",pivot_shift_1,dichotomous,,,,,,,,,excluded,29.17,5.03,30.0,30.0,29,1.0,60.0,5.0,long
383,18,"Butt et al., 2024",PLT,"Butt et al., 2024, PLT",pivot_shift_1,dichotomous,,,,,,,,,excluded,27.73,4.14,30.0,30.0,30,0.0,60.0,5.0,long
398,38,"Iliopoulos et al., 2017",BPTB,"Iliopoulos et al., 2017, BPTB",pivot_shift_1,dichotomous,,,,,,,,,excluded,24.8,5.0,10.0,10.0,10,0.0,9.0,0.8,short
399,38,"Iliopoulos et al., 2017",HT,"Iliopoulos et al., 2017, HT",pivot_shift_1,dichotomous,,,,,,,,,excluded,26.7,7.2,10.0,10.0,10,0.0,9.0,0.8,short
402,45,"Konrads et al., 2016",BPTB,"Konrads et al., 2016, BPTB",pivot_shift_1,dichotomous,,,,,,,,,excluded,29.8,6.33,31.0,31.0,22,9.0,120.0,10.0,long
403,45,"Konrads et al., 2016",HT,"Konrads et al., 2016, HT",pivot_shift_1,dichotomous,,,,,,,,,excluded,29.8,6.33,31.0,31.0,23,8.0,120.0,10.0,long
418,67,"Mohtadi & Chan, 2019",BPTB,"Mohtadi & Chan, 2019, BPTB",pivot_shift_1,dichotomous,,,,,,,,,excluded,,,,,,,,,
419,67,"Mohtadi & Chan, 2019",HT,"Mohtadi & Chan, 2019, HT",pivot_shift_1,dichotomous,,,,,,,,,excluded,,,,,,,,,
428,96,"Wipfler et al., 2011",BPTB,"Wipfler et al., 2011, BPTB",pivot_shift_1,dichotomous,29.0,,0.09,,,,,,excluded,29.87,7.3,31.0,2.0,19,12.0,108.0,9.0,long
429,96,"Wipfler et al., 2011",HT,"Wipfler et al., 2011, HT",pivot_shift_1,dichotomous,25.0,,0.1,,,,,,excluded,34.23,9.25,31.0,6.0,18,13.0,108.0,9.0,long
442,11,"Beynnon et al., 2002",BPTB,"Beynnon et al., 2002, BPTB",tegner,continuous,,,,,,,,,excluded,28.5,6.96,28.0,28.0,18,10.0,36.0,3.0,medium
443,11,"Beynnon et al., 2002",HT,"Beynnon et al., 2002, HT",tegner,continuous,,,,,,,,,excluded,29.9,5.72,28.0,28.0,13,15.0,36.0,3.0,medium
450,30,"Gifstad et al., 2013",BPTB,"Gifstad et al., 2013, BPTB",tegner,continuous,,,,,,,,,excluded,27.0,6.74,,,,,84.0,7.0,long
451,30,"Gifstad et al., 2013",HT,"Gifstad et al., 2013, HT",tegner,continuous,,,,,,,,,excluded,27.0,6.78,,,,,84.0,7.0,long
452,31,"Gobbi & Francisco, 2006",BPTB,"Gobbi & Francisco, 2006, BPTB",tegner,continuous,,,,,,,,,excluded,,,,,,,,,
453,31,"Gobbi & Francisco, 2006",HT,"Gobbi & Francisco, 2006, HT",tegner,continuous,,,,,,,,,excluded,,,,,,,,,
472,57,"Maletis et al., 2007",BPTB,"Maletis et al., 2007, BPTB",tegner,continuous,,,,,,,,,excluded,,,,,,,,,
473,57,"Maletis et al., 2007",HT,"Maletis et al., 2007, HT",tegner,continuous,,,,,,,,,excluded,,,,,,,,,
476,68,"Moraiti et al., 2010",BPTB,"Moraiti et al., 2010, BPTB",tegner,continuous,,,,,,,,,excluded,23.0,2.0,6.0,6.0,6,0.0,21.0,1.8,medium
477,68,"Moraiti et al., 2010",HT,"Moraiti et al., 2010, HT",tegner,continuous,,,,,,,,,excluded,24.0,3.0,6.0,6.0,6,0.0,25.0,2.1,medium
486,93,"Vilchez-cavazos et al., 2020",BPTB,"Vilchez-cavazos et al., 2020, BPTB",tegner,continuous,,,,,,,,,excluded,,,,,,,,,
487,93,"Vilchez-cavazos et al., 2020",QT,"Vilchez-cavazos et al., 2020, QT",tegner,continuous,,,,,,,,,excluded,24.46,9.06,14.0,14.0,11,3.0,12.0,1.0,short
494,9,"Barenius et al., 2010",BPTB,"Barenius et al., 2010, BPTB",lachman_2,dichotomous,,,,,,,,,excluded,33.0,6.3,78.0,78.0,38,40.0,96.0,8.0,long
495,9,"Barenius et al., 2010",HT,"Barenius et al., 2010, HT",lachman_2,dichotomous,,,,,,,,,excluded,35.0,7.5,75.0,75.0,51,24.0,96.0,8.0,long
500,18,"Butt et al., 2024",HT,"Butt et al., 2024, HT",lachman_2,dichotomous,,,,,,,,,excluded,29.17,5.03,30.0,30.0,29,1.0,60.0,5.0,long
501,18,"Butt et al., 2024",PLT,"Butt et al., 2024, PLT",lachman_2,dichotomous,,,,,,,,,excluded,27.73,4.14,30.0,30.0,30,0.0,60.0,5.0,long
514,38,"Iliopoulos et al., 2017",BPTB,"Iliopoulos et al., 2017, BPTB",lachman_2,dichotomous,,,,,,,,,excluded,24.8,5.0,10.0,10.0,10,0.0,9.0,0.8,short
515,38,"Iliopoulos et al., 2017",HT,"Iliopoulos et al., 2017, HT",lachman_2,dichotomous,,,,,,,,,excluded,26.7,7.2,10.0,10.0,10,0.0,9.0,0.8,short
520,50,"Leitgeb et al., 2014",BPTB,"Leitgeb et al., 2014, BPTB",lachman_2,dichotomous,,,,,,,,,excluded,,,,,,,,,
521,50,"Leitgeb et al., 2014",HT,"Leitgeb et al., 2014, HT",lachman_2,dichotomous,,,,,,,,,excluded,,,,,,,,,
530,66,"Mohtadi et al., 2016",BPTB,"Mohtadi et al., 2016, BPTB",lachman_2,dichotomous,,,,,,,,,excluded,28.7,9.9,110.0,110.0,63,47.0,24.0,2.0,medium
531,66,"Mohtadi et al., 2016",HT,"Mohtadi et al., 2016, HT",lachman_2,dichotomous,,,,,,,,,excluded,28.4,9.83,220.0,220.0,120,100.0,24.0,2.0,medium
532,67,"Mohtadi & Chan, 2019",BPTB,"Mohtadi & Chan, 2019, BPTB",lachman_2,dichotomous,,,,,,,,,excluded,,,,,,,,,
533,67,"Mohtadi & Chan, 2019",HT,"Mohtadi & Chan, 2019, HT",lachman_2,dichotomous,,,,,,,,,excluded,,,,,,,,,
534,68,"Moraiti et al., 2010",BPTB,"Moraiti et al., 2010, BPTB",lachman_2,dichotomous,,,,,,,,,excluded,23.0,2.0,6.0,6.0,6,0.0,21.0,1.8,medium
535,68,"Moraiti et al., 2010",HT,"Moraiti et al., 2010, HT",lachman_2,dichotomous,,,,,,,,,excluded,24.0,3.0,6.0,6.0,6,0.0,25.0,2.1,medium
544,96,"Wipfler et al., 2011",BPTB,"Wipfler et al., 2011, BPTB",lachman_2,dichotomous,29.0,,0.09,,,,,,excluded,29.87,7.3,31.0,2.0,19,12.0,108.0,9.0,long
545,96,"Wipfler et al., 2011",HT,"Wipfler et al., 2011, HT",lachman_2,dichotomous,25.0,,0.1,,,,,,excluded,34.23,9.25,31.0,6.0,18,13.0,108.0,9.0,long
552,9,"Barenius et al., 2010",BPTB,"Barenius et al., 2010, BPTB",pivot_shift_2,dichotomous,,,,,,,,,excluded,33.0,6.3,78.0,78.0,38,40.0,96.0,8.0,long
553,9,"Barenius et al., 2010",HT,"Barenius et al., 2010, HT",pivot_shift_2,dichotomous,,,,,,,,,excluded,35.0,7.5,75.0,75.0,51,24.0,96.0,8.0,long
560,18,"Butt et al., 2024",HT,"Butt et al., 2024, HT",pivot_shift_2,dichotomous,,,,,,,,,excluded,29.17,5.03,30.0,30.0,29,1.0,60.0,5.0,long
561,18,"Butt et al., 2024",PLT,"Butt et al., 2024, PLT",pivot_shift_2,dichotomous,,,,,,,,,excluded,27.73,4.14,30.0,30.0,30,0.0,60.0,5.0,long
576,38,"Iliopoulos et al., 2017",BPTB,"Iliopoulos et al., 2017, BPTB",pivot_shift_2,dichotomous,,,,,,,,,excluded,24.8,5.0,10.0,10.0,10,0.0,9.0,0.8,short
577,38,"Iliopoulos et al., 2017",HT,"Iliopoulos et al., 2017, HT",pivot_shift_2,dichotomous,,,,,,,,,excluded,26.7,7.2,10.0,10.0,10,0.0,9.0,0.8,short
580,45,"Konrads et al., 2016",BPTB,"Konrads et al., 2016, BPTB",pivot_shift_2,dichotomous,,,,,,,,,excluded,29.8,6.33,31.0,31.0,22,9.0,120.0,10.0,long
581,45,"Konrads et al., 2016",HT,"Konrads et al., 2016, HT",pivot_shift_2,dichotomous,,,,,,,,,excluded,29.8,6.33,31.0,31.0,23,8.0,120.0,10.0,long
596,67,"Mohtadi & Chan, 2019",BPTB,"Mohtadi & Chan, 2019, BPTB",pivot_shift_2,dichotomous,,,,,,,,,excluded,,,,,,,,,
597,67,"Mohtadi & Chan, 2019",HT,"Mohtadi & Chan, 2019, HT",pivot_shift_2,dichotomous,,,,,,,,,excluded,,,,,,,,,
606,96,"Wipfler et al., 2011",BPTB,"Wipfler et al., 2011, BPTB",pivot_shift_2,dichotomous,29.0,,0.09,,,,,,excluded,29.87,7.3,31.0,2.0,19,12.0,108.0,9.0,long
607,96,"Wipfler et al., 2011",HT,"Wipfler et al., 2011, HT",pivot_shift_2,dichotomous,25.0,,0.1,,,,,,excluded,34.23,9.25,31.0,6.0,18,13.0,108.0,9.0,long
