,id,study,subgroup,composite_key,outcome,data_type,ni,yi,sdi,min,q1,median,q3,max,age_mean,age_sd,total,missing,male,female,follow-up_mo,follow-up_yr,follow-up_term,sei,ci.lb,ci.ub
124,2,"Aglietti et al., 2004",BPTB,"Aglietti et al., 2004, BPTB",instrumented_laxity,continuous,60.0,2.2,1.08,0.0,,,,5.0,25.0,4.97,60.0,0.0,46,14.0,24.0,2.0,medium,0.139,1.928,2.472
125,2,"Aglietti et al., 2004",HT,"Aglietti et al., 2004, HT",instrumented_laxity,continuous,60.0,1.95,1.3,-1.0,,,,5.0,25.0,5.19,60.0,0.0,46,14.0,24.0,2.0,medium,0.168,1.621,2.279
126,3,"Ahldén et al., 2009",BPTB,"Ahldén et al., 2009, BPTB",instrumented_laxity,continuous,25.0,2.6,3.3,,,,,,27.41,8.9,22.0,-3.0,14,8.0,90.27,7.5,long,0.66,1.306,3.894
127,3,"Ahldén et al., 2009",HT,"Ahldén et al., 2009, HT",instrumented_laxity,continuous,22.0,1.4,2.6,,,,,,28.6,6.36,25.0,3.0,18,7.0,86.79,7.2,long,0.554,0.314,2.486
130,5,"Anderson et al., 2001",BPTB,"Anderson et al., 2001, BPTB",instrumented_laxity,continuous,35.0,2.1,2.0,,,,,,23.6,7.13,35.0,0.0,23,12.0,34.6,2.9,medium,0.338,1.438,2.762
131,5,"Anderson et al., 2001",HT,"Anderson et al., 2001, HT",instrumented_laxity,continuous,33.0,3.1,2.3,,,,,,21.02,5.81,68.0,35.0,45,23.0,35.8,3.0,medium,0.4,2.316,3.884
132,7,"Aune et al., 2001",BPTB,"Aune et al., 2001, BPTB",instrumented_laxity,continuous,32.0,3.3,2.6,,,,,,25.0,7.0,35.0,3.0,19,16.0,24.0,2.0,medium,0.46,2.398,4.202
133,7,"Aune et al., 2001",HT,"Aune et al., 2001, HT",instrumented_laxity,continuous,29.0,2.9,2.4,,,,,,27.0,9.0,37.0,8.0,21,16.0,24.0,2.0,medium,0.446,2.026,3.774
136,10,"Barié et al., 2020",BPTB,"Barié et al., 2020, BPTB",instrumented_laxity,continuous,43.0,1.05,1.36,,,,,,30.6,7.5,30.0,-13.0,17,13.0,122.4,10.2,long,0.207,0.644,1.456
137,10,"Barié et al., 2020",QT,"Barié et al., 2020, QT",instrumented_laxity,continuous,43.0,1.0,1.1,,,,,,30.5,7.8,30.0,-13.0,17,13.0,123.6,10.3,long,0.168,0.671,1.329
140,12,"Bi et al., 2018",HT,"Bi et al., 2018, HT",instrumented_laxity,continuous,62.0,1.71,0.57,,,,,,27.9,6.7,62.0,0.0,31,31.0,30.3,2.5,medium,0.072,1.569,1.851
141,12,"Bi et al., 2018",PLT,"Bi et al., 2018, PLT",instrumented_laxity,continuous,62.0,1.85,0.77,,,,,,29.1,6.5,62.0,0.0,34,28.0,29.7,2.5,medium,0.098,1.658,2.042
146,23,"Ejerhed et al., 2003",BPTB,"Ejerhed et al., 2003, BPTB",instrumented_laxity,continuous,32.0,2.29,3.99,-5.0,,2.0,,11.5,27.26,8.47,32.0,0.0,21,11.0,24.0,2.0,medium,0.705,0.908,3.672
147,23,"Ejerhed et al., 2003",HT,"Ejerhed et al., 2003, HT",instrumented_laxity,continuous,34.0,2.47,3.47,-4.0,,2.25,,10.5,30.77,10.52,34.0,0.0,25,9.0,24.0,2.0,medium,0.595,1.304,3.636
148,25,"Eriksson et al., 2001",BPTB,"Eriksson et al., 2001, BPTB",instrumented_laxity,continuous,42.0,0.95,0.91,,,,,,27.0,6.0,,,,,6.7,0.6,short,0.14,0.676,1.224
149,25,"Eriksson et al., 2001",HT,"Eriksson et al., 2001, HT",instrumented_laxity,continuous,47.0,1.1,0.95,,,,,,27.0,6.0,,,,,6.7,0.6,short,0.139,0.828,1.372
150,26,"Feller & Webster, 2003",BPTB,"Feller & Webster, 2003, BPTB",instrumented_laxity,continuous,27.0,0.5,1.0,,,,,,25.8,6.0,31.0,4.0,23,8.0,36.0,3.0,medium,0.192,0.124,0.876
151,26,"Feller & Webster, 2003",HT,"Feller & Webster, 2003, HT",instrumented_laxity,continuous,21.0,1.1,1.2,,,,,,26.3,6.0,34.0,13.0,24,10.0,36.0,3.0,medium,0.262,0.586,1.614
154,30,"Gifstad et al., 2013",BPTB,"Gifstad et al., 2013, BPTB",instrumented_laxity,continuous,41.0,1.4,1.8,,,,,,27.0,6.74,,,,,84.0,7.0,long,0.281,0.849,1.951
155,30,"Gifstad et al., 2013",HT,"Gifstad et al., 2013, HT",instrumented_laxity,continuous,36.0,1.4,1.4,,,,,,27.0,6.78,,,,,84.0,7.0,long,0.233,0.943,1.857
158,33,"Harilainen et al., 2006",BPTB,"Harilainen et al., 2006, BPTB",instrumented_laxity,continuous,37.0,1.5,3.0,,,,,,,,,,,,60.6,5.1,long,0.493,0.534,2.466
159,33,"Harilainen et al., 2006",HT,"Harilainen et al., 2006, HT",instrumented_laxity,continuous,37.0,1.2,3.9,,,,,,,,,,,,60.6,5.1,long,0.641,-0.056,2.456
162,35,"Holm et al., 2010",BPTB,"Holm et al., 2010, BPTB",instrumented_laxity,continuous,28.0,3.0,3.2,,,,,,33.9,6.2,28.0,0.0,18,10.0,10.2,0.9,short,0.605,1.814,4.186
163,35,"Holm et al., 2010",HT,"Holm et al., 2010, HT",instrumented_laxity,continuous,29.0,2.0,3.5,,,,,,37.9,9.1,29.0,0.0,15,14.0,10.7,0.9,short,0.65,0.726,3.274
164,36,"Horstmann et al., 2022",HT,"Horstmann et al., 2022, HT",instrumented_laxity,continuous,26.0,0.2,2.2,,,,,,32.7,11.4,27.0,1.0,12,15.0,24.0,2.0,medium,0.431,-0.645,1.045
165,36,"Horstmann et al., 2022",QT,"Horstmann et al., 2022, QT",instrumented_laxity,continuous,23.0,0.7,1.1,,,,,,24.1,3.6,24.0,1.0,21,3.0,24.0,2.0,medium,0.229,0.251,1.149
168,41,"Jansson et al., 2003",BPTB,"Jansson et al., 2003, BPTB",instrumented_laxity,continuous,43.0,1.7,2.63,-3.7,,,,7.8,,,,,,,24.0,2.0,medium,0.401,0.914,2.486
169,41,"Jansson et al., 2003",HT,"Jansson et al., 2003, HT",instrumented_laxity,continuous,46.0,1.2,2.65,-4.3,,,,7.4,,,,,,,24.0,2.0,medium,0.391,0.434,1.966
170,43,"Kautzner et al., 2015",BPTB,"Kautzner et al., 2015, BPTB",instrumented_laxity,continuous,74.0,0.6,0.21,0.0,,,,1.0,26.0,6.28,74.0,0.0,0,74.0,24.0,2.0,medium,0.024,0.553,0.647
171,43,"Kautzner et al., 2015",HT,"Kautzner et al., 2015, HT",instrumented_laxity,continuous,73.0,0.5,0.42,0.0,,,,2.0,26.0,6.29,73.0,0.0,0,73.0,24.0,2.0,medium,0.049,0.404,0.596
172,45,"Konrads et al., 2016",BPTB,"Konrads et al., 2016, BPTB",instrumented_laxity,continuous,24.0,1.8,0.51,1.0,,,,3.0,29.8,6.33,31.0,7.0,22,9.0,120.0,10.0,long,0.104,1.596,2.004
173,45,"Konrads et al., 2016",HT,"Konrads et al., 2016, HT",instrumented_laxity,continuous,23.0,2.2,0.78,1.0,,,,4.0,29.8,6.33,31.0,8.0,23,8.0,120.0,10.0,long,0.163,1.881,2.519
174,46,"Laoruengthana et al., 2009",BPTB,"Laoruengthana et al., 2009, BPTB",instrumented_laxity,continuous,15.0,1.22,0.69,0.3,,,,2.7,29.93,8.91,,,,,19.0,1.6,medium,0.178,0.871,1.569
175,46,"Laoruengthana et al., 2009",HT,"Laoruengthana et al., 2009, HT",instrumented_laxity,continuous,13.0,0.96,0.42,0.2,,,,1.6,28.65,9.27,,,,,19.0,1.6,medium,0.116,0.733,1.187
178,49,"Laxdal et al., 2005",BPTB,"Laxdal et al., 2005, BPTB",instrumented_laxity,continuous,40.0,1.0,3.01,-5.0,,,,8.0,28.0,8.35,,,,,26.0,2.2,medium,0.476,0.067,1.933
179,49,"Laxdal et al., 2005",HT,"Laxdal et al., 2005, HT",instrumented_laxity,continuous,78.0,1.5,3.12,,,,,,25.0,5.6,,,,,26.0,2.2,medium,0.353,0.808,2.192
182,51,"Li et al., 2015",HT,"Li et al., 2015, HT",instrumented_laxity,continuous,32.0,2.1,1.6,,,,,,29.8,7.9,32.0,0.0,17,15.0,69.6,5.8,long,0.283,1.545,2.655
183,51,"Li et al., 2015",TA,"Li et al., 2015, TA",instrumented_laxity,continuous,32.0,3.5,1.2,,,,,,30.5,6.1,32.0,0.0,15,17.0,73.2,6.1,long,0.212,3.084,3.916
184,52,"Lidén et al., 2007",BPTB,"Lidén et al., 2007, BPTB",instrumented_laxity,continuous,30.0,2.3,3.06,-3.5,,,,9.0,28.0,8.37,34.0,4.0,23,11.0,87.11,7.3,long,0.559,1.204,3.396
185,52,"Lidén et al., 2007",HT,"Lidén et al., 2007, HT",instrumented_laxity,continuous,32.0,2.7,3.39,-4.5,,,,9.5,29.0,10.35,37.0,5.0,26,11.0,87.05,7.3,long,0.599,1.526,3.874
186,53,"Lind et al., 2020",HT,"Lind et al., 2020, HT",instrumented_laxity,continuous,49.0,1.9,1.7,,,,,,27.1,6.1,49.0,0.0,25,24.0,24.0,2.0,medium,0.243,1.424,2.376
187,53,"Lind et al., 2020",QT,"Lind et al., 2020, QT",instrumented_laxity,continuous,47.0,1.8,1.0,,,,,,27.2,6.2,50.0,3.0,29,21.0,24.0,2.0,medium,0.146,1.514,2.086
188,54,"Lucidi et al., 2025",BPTB,"Lucidi et al., 2025, BPTB",instrumented_laxity,continuous,19.0,-0.1,1.6,,,,,,52.8,7.3,,,,,240.0,20.0,long,0.367,-0.819,0.619
189,54,"Lucidi et al., 2025",HT,"Lucidi et al., 2025, HT",instrumented_laxity,continuous,20.0,1.5,1.2,,,,,,54.5,7.5,,,,,240.0,20.0,long,0.268,0.975,2.025
190,55,"Lui et al., 2012",BPTB,"Lui et al., 2012, BPTB",instrumented_laxity,continuous,14.0,3.7,1.4,,,,,,26.5,5.0,14.0,0.0,14,0.0,12.0,1.0,short,0.374,2.967,4.433
191,55,"Lui et al., 2012",HT,"Lui et al., 2012, HT",instrumented_laxity,continuous,17.0,3.1,1.6,,,,,,24.63,4.6,38.0,21.0,38,0.0,12.0,1.0,short,0.388,2.34,3.86
192,56,"Lund et al., 2014",BPTB,"Lund et al., 2014, BPTB",instrumented_laxity,continuous,18.0,1.1,1.4,,,,,,31.0,8.0,18.0,0.0,15,3.0,24.0,2.0,medium,0.33,0.453,1.747
193,56,"Lund et al., 2014",QT,"Lund et al., 2014, QT",instrumented_laxity,continuous,21.0,0.8,1.7,,,,,,30.0,9.0,21.0,0.0,17,4.0,24.0,2.0,medium,0.371,0.073,1.527
196,58,"Malik et al., 2026",HT,"Malik et al., 2026, HT",instrumented_laxity,continuous,25.0,2.1,1.0,,,,,,28.12,5.21,25.0,0.0,18,7.0,6.0,0.5,short,0.2,1.708,2.492
197,58,"Malik et al., 2026",PLT,"Malik et al., 2026, PLT",instrumented_laxity,continuous,25.0,1.8,0.9,,,,,,27.84,4.92,25.0,0.0,17,8.0,6.0,0.5,short,0.18,1.447,2.153
198,62,"Matsumoto et al., 2006",BPTB,"Matsumoto et al., 2006, BPTB",instrumented_laxity,continuous,37.0,1.2,2.1,,,,,,23.7,7.7,37.0,0.0,21,16.0,87.0,7.3,long,0.345,0.524,1.876
199,62,"Matsumoto et al., 2006",HT,"Matsumoto et al., 2006, HT",instrumented_laxity,continuous,35.0,1.7,1.4,,,,,,24.4,9.7,35.0,0.0,20,15.0,80.7,6.7,long,0.237,1.235,2.165
210,76,"Pinczewski et al., 2007",BPTB,"Pinczewski et al., 2007, BPTB",instrumented_laxity,continuous,54.0,1.2,1.69,,,,,,25.0,5.49,90.0,36.0,48,42.0,120.0,10.0,long,0.23,0.749,1.651
211,76,"Pinczewski et al., 2007",HT,"Pinczewski et al., 2007, HT",instrumented_laxity,continuous,58.0,1.6,1.55,,,,,,24.0,7.92,90.0,32.0,47,43.0,120.0,10.0,long,0.204,1.2,2.0
212,77,"Popovic et al., 2024",BPTB,"Popovic et al., 2024, BPTB",instrumented_laxity,continuous,38.0,1.3,2.2,-3.0,,,,5.0,27.0,6.82,0.0,-38.0,`,,228.0,19.0,long,0.357,0.6,2.0
213,77,"Popovic et al., 2024",HT,"Popovic et al., 2024, HT",instrumented_laxity,continuous,33.0,1.5,3.3,-3.0,,,,12.0,27.0,6.3,,,,,228.0,19.0,long,0.574,0.375,2.625
214,85,"Smith et al., 2020",BPTB,"Smith et al., 2020, BPTB",instrumented_laxity,continuous,32.0,0.0,0.8,,,,,,17.7,2.4,32.0,0.0,15,17.0,24.0,2.0,medium,0.141,-0.276,0.276
215,85,"Smith et al., 2020",HT,"Smith et al., 2020, HT",instrumented_laxity,continuous,32.0,0.3,0.7,,,,,,17.7,2.4,32.0,0.0,13,19.0,24.0,2.0,medium,0.124,0.057,0.543
216,87,"Sonnery-cottet et al., 2026",BPTB,"Sonnery-cottet et al., 2026, BPTB",instrumented_laxity,continuous,296.0,1.2,1.4,,,,,,24.8,4.4,283.0,-13.0,214,69.0,61.5,5.1,long,0.081,1.041,1.359
217,87,"Sonnery-cottet et al., 2026",HT,"Sonnery-cottet et al., 2026, HT",instrumented_laxity,continuous,297.0,0.9,1.0,,,,,,25.2,4.6,273.0,-24.0,233,40.0,63.9,5.3,long,0.058,0.786,1.014
224,95,"Webster et al., 2001",BPTB,"Webster et al., 2001, BPTB",instrumented_laxity,continuous,23.0,1.1,0.65,1.0,,,,3.5,26.0,6.3,28.0,5.0,20,8.0,24.0,2.0,medium,0.136,0.833,1.367
225,95,"Webster et al., 2001",HT,"Webster et al., 2001, HT",instrumented_laxity,continuous,31.0,1.7,0.97,0.0,,,,4.0,27.0,6.1,33.0,2.0,23,10.0,24.0,2.0,medium,0.174,1.359,2.041
226,96,"Wipfler et al., 2011",BPTB,"Wipfler et al., 2011, BPTB",instrumented_laxity,continuous,29.0,0.9,0.27,,,,,,29.87,7.3,31.0,2.0,19,12.0,108.0,9.0,long,0.05,0.802,0.998
227,96,"Wipfler et al., 2011",HT,"Wipfler et al., 2011, HT",instrumented_laxity,continuous,25.0,0.64,0.36,,,,,,34.23,9.25,31.0,6.0,18,13.0,108.0,9.0,long,0.072,0.499,0.781
228,97,"Yadav et al., 2025",HT,"Yadav et al., 2025, HT",instrumented_laxity,continuous,36.0,3.77,2.01,,,,,,30.06,8.87,36.0,0.0,32,4.0,12.0,1.0,short,0.335,3.113,4.427
229,97,"Yadav et al., 2025",QT,"Yadav et al., 2025, QT",instrumented_laxity,continuous,33.0,2.73,1.64,,,,,,28.73,8.8,33.0,0.0,30,3.0,12.0,1.0,short,0.285,2.171,3.289
232,100,"Zaffagnini et al., 2011",BPTB,"Zaffagnini et al., 2011, BPTB",instrumented_laxity,continuous,40.0,0.4,0.6,,,,,,26.0,9.5,39.0,-1.0,20,19.0,103.2,8.6,long,0.095,0.214,0.586
233,100,"Zaffagnini et al., 2011",HT,"Zaffagnini et al., 2011, HT",instrumented_laxity,continuous,39.0,1.1,1.9,,,,,,27.0,9.0,40.0,1.0,22,18.0,103.2,8.6,long,0.304,0.504,1.696
