id,study,subgroup,outcome,composite_key,data_type,ni,yi,sdi,min,q1,median,q3,max,screening,age_mean,age_sd,male,female,follow-up_mo,follow-up_yr
6,"Anz et al., 2023",BPTB,graft_failure,"Anz et al., 2023, BPTB",dichotomous,8,0.00,0.18,,,,,,included,29.40,7.34,4,6,12.00,1.00
6,"Anz et al., 2023",HT,graft_failure,"Anz et al., 2023, HT",dichotomous,8,0.00,0.18,,,,,,included,27.55,8.64,3,7,12.00,1.00
12,"Bi et al., 2018",HT,graft_failure,"Bi et al., 2018, HT",dichotomous,,,,,,,,,excluded,27.90,6.70,31,31,30.30,2.50
12,"Bi et al., 2018",PLT,graft_failure,"Bi et al., 2018, PLT",dichotomous,,,,,,,,,excluded,29.10,6.50,34,28,29.70,2.50
22,"Cruz et al., 2022",HT,graft_failure,"Cruz et al., 2022, HT",dichotomous,,,,,,,,,excluded,,,,,,
22,"Cruz et al., 2022",TA,graft_failure,"Cruz et al., 2022, TA",dichotomous,,,,,,,,,excluded,,,,,,
43,"Kautzner et al., 2015",BPTB,graft_failure,"Kautzner et al., 2015, BPTB",dichotomous,74,0.00,0.06,,,,,,included,26.00,6.28,0,74,24.00,2.00
43,"Kautzner et al., 2015",HT,graft_failure,"Kautzner et al., 2015, HT",dichotomous,73,2.00,0.30,,,,,,included,26.00,6.29,0,73,24.00,2.00
49,"Laxdal et al., 2005",BPTB,graft_failure,"Laxdal et al., 2005, BPTB",dichotomous,40,1.00,0.24,,,,,,included,28.00,8.35,,,26.00,2.20
49,"Laxdal et al., 2005",HT,graft_failure,"Laxdal et al., 2005, HT",dichotomous,78,2.00,0.42,,,,,,included,25.00,5.60,,,26.00,2.20
54,"Lucidi et al., 2025",BPTB,graft_failure,"Lucidi et al., 2025, BPTB",dichotomous,19,7.00,2.72,,,,,,included,52.80,7.30,,,240.00,20.00
54,"Lucidi et al., 2025",HT,graft_failure,"Lucidi et al., 2025, HT",dichotomous,20,3.00,0.92,,,,,,included,54.50,7.50,,,240.00,20.00
66,"Mohtadi et al., 2016",BPTB,graft_failure,"Mohtadi et al., 2016, BPTB",dichotomous,110,19.00,2.25,,,,,,included,28.70,9.90,63,47,24.00,2.00
66,"Mohtadi et al., 2016",HT,graft_failure,"Mohtadi et al., 2016, HT",dichotomous,110,24.00,2.99,,,,,,included,28.40,9.83,120,100,24.00,2.00
67,"Mohtadi & Chan, 2019",BPTB,graft_failure,"Mohtadi & Chan, 2019, BPTB",dichotomous,,,,,,,,,excluded,,,,,,
67,"Mohtadi & Chan, 2019",HT,graft_failure,"Mohtadi & Chan, 2019, HT",dichotomous,,,,,,,,,excluded,,,,,,
68,"Moraiti et al., 2010",BPTB,graft_failure,"Moraiti et al., 2010, BPTB",dichotomous,,,,,,,,,excluded,23.00,2.00,6,0,21.00,1.80
68,"Moraiti et al., 2010",HT,graft_failure,"Moraiti et al., 2010, HT",dichotomous,,,,,,,,,excluded,24.00,3.00,6,0,25.00,2.10
70,"Noh et al., 2011",HT,graft_failure,"Noh et al., 2011, HT",dichotomous,,,,,,,,,excluded,25.81,7.46,30,3,28.10,2.30
70,"Noh et al., 2011",AT,graft_failure,"Noh et al., 2011, AT",dichotomous,,,,,,,,,excluded,25.55,8.47,26,6,31.60,2.60
76,"Pinczewski et al., 2007",BPTB,graft_failure,"Pinczewski et al., 2007, BPTB",dichotomous,90,7.00,0.86,,,,,,included,25.00,5.49,48,42,120.00,10.00
76,"Pinczewski et al., 2007",HT,graft_failure,"Pinczewski et al., 2007, HT",dichotomous,90,12.00,1.52,,,,,,included,24.00,7.92,47,43,120.00,10.00
77,"Popovic et al., 2024",BPTB,graft_failure,"Popovic et al., 2024, BPTB",dichotomous,38,3.00,0.62,,,,,,included,27.00,6.82,`,,228.00,19.00
77,"Popovic et al., 2024",HT,graft_failure,"Popovic et al., 2024, HT",dichotomous,33,4.00,0.89,,,,,,included,27.00,6.30,,,228.00,19.00
85,"Smith et al., 2020",BPTB,graft_failure,"Smith et al., 2020, BPTB",dichotomous,32,0.00,0.09,,,,,,included,17.70,2.40,15,17,24.00,2.00
85,"Smith et al., 2020",HT,graft_failure,"Smith et al., 2020, HT",dichotomous,32,2.00,0.47,,,,,,included,17.70,2.40,13,19,24.00,2.00
87,"Sonnery-cottet et al., 2026",BPTB,graft_failure,"Sonnery-cottet et al., 2026, BPTB",dichotomous,273,12.00,0.79,,,,,,included,24.80,4.40,214,69,61.50,5.10
87,"Sonnery-cottet et al., 2026",HT,graft_failure,"Sonnery-cottet et al., 2026, HT",dichotomous,283,12.00,0.78,,,,,,included,25.20,4.60,233,40,63.90,5.30
90,"Taylor et al., 2009",BPTB,graft_failure,"Taylor et al., 2009, BPTB",dichotomous,32,3.00,0.68,,,,,,included,21.70,4.60,25,7,32.40,2.70
90,"Taylor et al., 2009",HT,graft_failure,"Taylor et al., 2009, HT",dichotomous,32,4.00,0.91,,,,,,included,22.10,6.53,28,4,38.40,3.20
96,"Wipfler et al., 2011",BPTB,graft_failure,"Wipfler et al., 2011, BPTB",dichotomous,29,3.00,0.72,,,,,,included,29.87,7.30,19,12,108.00,9.00
96,"Wipfler et al., 2011",HT,graft_failure,"Wipfler et al., 2011, HT",dichotomous,25,3.00,0.80,,,,,,included,34.23,9.25,18,13,108.00,9.00
97,"Yadav et al., 2025",HT,graft_failure,"Yadav et al., 2025, HT",dichotomous,36,1.00,0.26,,,,,,included,30.06,8.87,32,4,12.00,1.00
97,"Yadav et al., 2025",QT,graft_failure,"Yadav et al., 2025, QT",dichotomous,33,0.00,0.09,,,,,,included,28.73,8.80,30,3,12.00,1.00
3,"Ahldén et al., 2009",BPTB,ikdc_objective,"Ahldén et al., 2009, BPTB",dichotomous,,,,,,,,,excluded,27.41,8.90,14,8,90.27,7.50
3,"Ahldén et al., 2009",HT,ikdc_objective,"Ahldén et al., 2009, HT",dichotomous,,,,,,,,,excluded,28.60,6.36,18,7,86.79,7.20
5,"Anderson et al., 2001",BPTB,ikdc_objective,"Anderson et al., 2001, BPTB",dichotomous,,,,,,,,,excluded,23.60,7.13,23,12,34.60,2.90
5,"Anderson et al., 2001",HT,ikdc_objective,"Anderson et al., 2001, HT",dichotomous,,,,,,,,,excluded,21.02,5.81,45,23,35.80,3.00
11,"Beynnon et al., 2002",BPTB,ikdc_objective,"Beynnon et al., 2002, BPTB",dichotomous,,,,,,,,,excluded,28.50,6.96,18,10,36.00,3.00
11,"Beynnon et al., 2002",HT,ikdc_objective,"Beynnon et al., 2002, HT",dichotomous,,,,,,,,,excluded,29.90,5.72,13,15,36.00,3.00
26,"Feller & Webster, 2003",BPTB,ikdc_objective,"Feller & Webster, 2003, BPTB",dichotomous,,,,,,,,,excluded,25.80,6.00,23,8,36.00,3.00
26,"Feller & Webster, 2003",HT,ikdc_objective,"Feller & Webster, 2003, HT",dichotomous,,,,,,,,,excluded,26.30,6.00,24,10,36.00,3.00
31,"Gobbi & Francisco, 2006",BPTB,ikdc_objective,"Gobbi & Francisco, 2006, BPTB",dichotomous,,,,,,,,,excluded,,,,,,
31,"Gobbi & Francisco, 2006",HT,ikdc_objective,"Gobbi & Francisco, 2006, HT",dichotomous,,,,,,,,,excluded,,,,,,
33,"Harilainen et al., 2006",BPTB,ikdc_objective,"Harilainen et al., 2006, BPTB",dichotomous,,,,,,,,,excluded,,,,,60.60,5.10
33,"Harilainen et al., 2006",HT,ikdc_objective,"Harilainen et al., 2006, HT",dichotomous,,,,,,,,,excluded,,,,,60.60,5.10
45,"Konrads et al., 2016",BPTB,ikdc_objective,"Konrads et al., 2016, BPTB",dichotomous,,,,,,,,,excluded,29.80,6.33,22,9,120.00,10.00
45,"Konrads et al., 2016",HT,ikdc_objective,"Konrads et al., 2016, HT",dichotomous,,,,,,,,,excluded,29.80,6.33,23,8,120.00,10.00
46,"Laoruengthana et al., 2009",BPTB,ikdc_objective,"Laoruengthana et al., 2009, BPTB",dichotomous,,,,,,,,,excluded,29.93,8.91,,,19.00,1.60
46,"Laoruengthana et al., 2009",HT,ikdc_objective,"Laoruengthana et al., 2009, HT",dichotomous,,,,,,,,,excluded,28.65,9.27,,,19.00,1.60
47,"Lawhorn et al., 2012",HT,ikdc_objective,"Lawhorn et al., 2012, HT",dichotomous,,,,,,,,,excluded,32.00,8.43,32,22,24.00,2.00
47,"Lawhorn et al., 2012",TA,ikdc_objective,"Lawhorn et al., 2012, TA",dichotomous,,,,,,,,,excluded,33.00,8.31,38,10,24.00,2.00
49,"Laxdal et al., 2005",BPTB,ikdc_objective,"Laxdal et al., 2005, BPTB",dichotomous,,,,,,,,,excluded,28.00,8.35,,,26.00,2.20
49,"Laxdal et al., 2005",HT,ikdc_objective,"Laxdal et al., 2005, HT",dichotomous,,,,,,,,,excluded,25.00,5.60,,,26.00,2.20
52,"Lidén et al., 2007",BPTB,ikdc_objective,"Lidén et al., 2007, BPTB",dichotomous,,,,,,,,,excluded,28.00,8.37,23,11,87.11,7.30
52,"Lidén et al., 2007",HT,ikdc_objective,"Lidén et al., 2007, HT",dichotomous,,,,,,,,,excluded,29.00,10.35,26,11,87.05,7.30
57,"Maletis et al., 2007",BPTB,ikdc_objective,"Maletis et al., 2007, BPTB",dichotomous,,,,,,,,,excluded,,,,,,
57,"Maletis et al., 2007",HT,ikdc_objective,"Maletis et al., 2007, HT",dichotomous,,,,,,,,,excluded,,,,,,
67,"Mohtadi & Chan, 2019",BPTB,ikdc_objective,"Mohtadi & Chan, 2019, BPTB",dichotomous,,,,,,,,,excluded,,,,,,
67,"Mohtadi & Chan, 2019",HT,ikdc_objective,"Mohtadi & Chan, 2019, HT",dichotomous,,,,,,,,,excluded,,,,,,
70,"Noh et al., 2011",HT,ikdc_objective,"Noh et al., 2011, HT",dichotomous,,,,,,,,,excluded,25.81,7.46,30,3,28.10,2.30
70,"Noh et al., 2011",AT,ikdc_objective,"Noh et al., 2011, AT",dichotomous,,,,,,,,,excluded,25.55,8.47,26,6,31.60,2.60
72,"Oneill et al., 1996",BPTB,ikdc_objective,"Oneill et al., 1996, BPTB",dichotomous,,,,,,,,,excluded,,,,,,
72,"Oneill et al., 1996",HT,ikdc_objective,"Oneill et al., 1996, HT",dichotomous,,,,,,,,,excluded,,,,,,
76,"Pinczewski et al., 2007",BPTB,ikdc_objective,"Pinczewski et al., 2007, BPTB",dichotomous,,,,,,,,,excluded,25.00,5.49,48,42,120.00,10.00
76,"Pinczewski et al., 2007",HT,ikdc_objective,"Pinczewski et al., 2007, HT",dichotomous,,,,,,,,,excluded,24.00,7.92,47,43,120.00,10.00
82,"Sajovic et al., 2018",BPTB,ikdc_objective,"Sajovic et al., 2018, BPTB",dichotomous,,,,,,,,,excluded,45.50,8.70,15,9,204.00,17.00
82,"Sajovic et al., 2018",HT,ikdc_objective,"Sajovic et al., 2018, HT",dichotomous,,,,,,,,,excluded,42.50,7.50,13,11,204.00,17.00
90,"Taylor et al., 2009",BPTB,ikdc_objective,"Taylor et al., 2009, BPTB",dichotomous,,,,,,,,,excluded,21.70,4.60,25,7,32.40,2.70
90,"Taylor et al., 2009",HT,ikdc_objective,"Taylor et al., 2009, HT",dichotomous,,,,,,,,,excluded,22.10,6.53,28,4,38.40,3.20
95,"Webster et al., 2001",BPTB,ikdc_objective,"Webster et al., 2001, BPTB",dichotomous,,,,,,,,,excluded,26.00,6.30,20,8,24.00,2.00
95,"Webster et al., 2001",HT,ikdc_objective,"Webster et al., 2001, HT",dichotomous,,,,,,,,,excluded,27.00,6.10,23,10,24.00,2.00
10,"Barié et al., 2020",BPTB,ikdc_subjective,"Barié et al., 2020, BPTB",continuous,43,91.00,7.30,,,,,,included,30.60,7.50,17,13,122.40,10.20
10,"Barié et al., 2020",QT,ikdc_subjective,"Barié et al., 2020, QT",continuous,43,92.00,11.50,,,,,,included,30.50,7.80,17,13,123.60,10.30
12,"Bi et al., 2018",HT,ikdc_subjective,"Bi et al., 2018, HT",continuous,62,90.40,7.10,,,,,,included,27.90,6.70,31,31,30.30,2.50
12,"Bi et al., 2018",PLT,ikdc_subjective,"Bi et al., 2018, PLT",continuous,62,89.30,8.40,,,,,,included,29.10,6.50,34,28,29.70,2.50
13,"Björnsson et al., 2016",BPTB,ikdc_subjective,"Björnsson et al., 2016, BPTB",continuous,61,67.30,20.80,,,,,,included,28.20,9.10,42,19,202.60,16.90
13,"Björnsson et al., 2016",HT,ikdc_subjective,"Björnsson et al., 2016, HT",continuous,86,74.00,18.80,,,,,,included,26.80,7.60,53,33,191.90,16.00
14,"Bottoni et al., 2015",HT,ikdc_subjective,"Bottoni et al., 2015, HT",continuous,44,79.50,24.70,,,,,,included,28.90,5.80,41,7,120.00,10.00
14,"Bottoni et al., 2015",TA,ikdc_subjective,"Bottoni et al., 2015, TA",continuous,36,81.10,23.10,,,,,,included,29.20,5.50,43,6,120.00,10.00
18,"Butt et al., 2024",HT,ikdc_subjective,"Butt et al., 2024, HT",continuous,30,89.70,5.70,,,,,,included,29.17,5.03,29,1,60.00,5.00
18,"Butt et al., 2024",PLT,ikdc_subjective,"Butt et al., 2024, PLT",continuous,30,89.90,9.80,,,,,,included,27.73,4.14,30,0,60.00,5.00
19,"Calvert et al., 2025",HT,ikdc_subjective,"Calvert et al., 2025, HT",continuous,92,92.00,8.00,,,,,,included,29.40,7.70,28,27,24.00,2.00
19,"Calvert et al., 2025",QT,ikdc_subjective,"Calvert et al., 2025, QT",continuous,89,89.00,10.00,,,,,,included,28.10,8.20,28,29,24.00,2.00
32,"Guglielmetti et al., 2021",BPTB,ikdc_subjective,"Guglielmetti et al., 2021, BPTB",continuous,31,88.75,9.27,,,,,,included,25.20,5.48,23,8,24.00,2.00
32,"Guglielmetti et al., 2021",HT,ikdc_subjective,"Guglielmetti et al., 2021, HT",continuous,31,91.00,9.07,,,,,,included,24.64,5.33,19,12,24.00,2.00
36,"Horstmann et al., 2022",HT,ikdc_subjective,"Horstmann et al., 2022, HT",continuous,26,83.70,12.70,,,,,,included,32.70,11.40,12,15,24.00,2.00
36,"Horstmann et al., 2022",QT,ikdc_subjective,"Horstmann et al., 2022, QT",continuous,23,89.30,12.20,,,,,,included,24.10,3.60,21,3,24.00,2.00
38,"Iliopoulos et al., 2017",BPTB,ikdc_subjective,"Iliopoulos et al., 2017, BPTB",continuous,45,83.20,2.80,,,,,,included,24.80,5.00,10,0,9.00,0.80
38,"Iliopoulos et al., 2017",HT,ikdc_subjective,"Iliopoulos et al., 2017, HT",continuous,45,82.78,2.80,,,,,,included,26.70,7.20,10,0,9.00,0.80
44,"Komzak et al., 2022",BPTB,ikdc_subjective,"Komzak et al., 2022, BPTB",continuous,36,74.20,10.20,,,,,,included,31.00,9.46,23,17,28.00,2.30
44,"Komzak et al., 2022",QT,ikdc_subjective,"Komzak et al., 2022, QT",continuous,36,78.30,10.50,,,,,,included,29.80,9.46,21,19,28.00,2.30
51,"Li et al., 2015",HT,ikdc_subjective,"Li et al., 2015, HT",continuous,32,87.50,3.20,,,,,,included,29.80,7.90,17,15,69.60,5.80
51,"Li et al., 2015",TA,ikdc_subjective,"Li et al., 2015, TA",continuous,32,83.80,6.90,,,,,,included,30.50,6.10,15,17,73.20,6.10
53,"Lind et al., 2020",HT,ikdc_subjective,"Lind et al., 2020, HT",continuous,49,78.00,18.00,,,,,,included,27.10,6.10,25,24,24.00,2.00
53,"Lind et al., 2020",QT,ikdc_subjective,"Lind et al., 2020, QT",continuous,47,82.00,14.00,,,,,,included,27.20,6.20,29,21,24.00,2.00
54,"Lucidi et al., 2025",BPTB,ikdc_subjective,"Lucidi et al., 2025, BPTB",continuous,19,78.40,13.70,,,,,,included,52.80,7.30,,,240.00,20.00
54,"Lucidi et al., 2025",HT,ikdc_subjective,"Lucidi et al., 2025, HT",continuous,20,81.60,11.90,,,,,,included,54.50,7.50,,,240.00,20.00
55,"Lui et al., 2012",BPTB,ikdc_subjective,"Lui et al., 2012, BPTB",continuous,14,71.90,15.20,,,,,,included,26.50,5.00,14,0,12.00,1.00
55,"Lui et al., 2012",HT,ikdc_subjective,"Lui et al., 2012, HT",continuous,17,73.10,12.30,,,,,,included,24.63,4.60,38,0,12.00,1.00
56,"Lund et al., 2014",BPTB,ikdc_subjective,"Lund et al., 2014, BPTB",continuous,18,75.00,13.00,,,,,,included,31.00,8.00,15,3,24.00,2.00
56,"Lund et al., 2014",QT,ikdc_subjective,"Lund et al., 2014, QT",continuous,21,76.00,16.00,,,,,,included,30.00,9.00,17,4,24.00,2.00
58,"Malik et al., 2026",HT,ikdc_subjective,"Malik et al., 2026, HT",continuous,25,78.90,7.40,,,,,,included,28.12,5.21,18,7,6.00,0.50
58,"Malik et al., 2026",PLT,ikdc_subjective,"Malik et al., 2026, PLT",continuous,25,82.60,6.30,,,,,,included,27.84,4.92,17,8,6.00,0.50
62,"Matsumoto et al., 2006",BPTB,ikdc_subjective,"Matsumoto et al., 2006, BPTB",continuous,37,84.30,11.00,,,,,,included,23.70,7.70,21,16,87.00,7.30
62,"Matsumoto et al., 2006",HT,ikdc_subjective,"Matsumoto et al., 2006, HT",continuous,35,86.80,8.30,,,,,,included,24.40,9.70,20,15,80.70,6.70
68,"Moraiti et al., 2010",BPTB,ikdc_subjective,"Moraiti et al., 2010, BPTB",continuous,6,92.00,7.00,,,,,,included,23.00,2.00,6,0,21.00,1.80
68,"Moraiti et al., 2010",HT,ikdc_subjective,"Moraiti et al., 2010, HT",continuous,6,90.00,10.00,,,,,,included,24.00,3.00,6,0,25.00,2.10
73,"Papalia et al., 2015",BPTB,ikdc_subjective,"Papalia et al., 2015, BPTB",continuous,20,86.90,11.70,,,,,,included,24.70,,0,20,6.00,0.50
73,"Papalia et al., 2015",HT,ikdc_subjective,"Papalia et al., 2015, HT",continuous,20,90.97,5.10,,,,,,included,25.40,,0,20,6.00,0.50
84,"Sinding et al., 2020",HT,ikdc_subjective,"Sinding et al., 2020, HT",continuous,43,76.00,15.00,,,,,,included,28.30,6.20,23,20,12.50,1.00
84,"Sinding et al., 2020",QT,ikdc_subjective,"Sinding et al., 2020, QT",continuous,42,76.00,17.00,,,,,,included,28.70,6.40,25,17,12.40,1.00
85,"Smith et al., 2020",BPTB,ikdc_subjective,"Smith et al., 2020, BPTB",continuous,32,89.40,9.20,,,,,,included,17.70,2.40,15,17,24.00,2.00
85,"Smith et al., 2020",HT,ikdc_subjective,"Smith et al., 2020, HT",continuous,32,94.80,6.40,,,,,,included,17.70,2.40,13,19,24.00,2.00
87,"Sonnery-cottet et al., 2026",BPTB,ikdc_subjective,"Sonnery-cottet et al., 2026, BPTB",continuous,296,89.40,10.90,,,,,,included,24.80,4.40,214,69,61.50,5.10
87,"Sonnery-cottet et al., 2026",HT,ikdc_subjective,"Sonnery-cottet et al., 2026, HT",continuous,297,91.00,10.30,,,,,,included,25.20,4.60,233,40,63.90,5.30
89,"Tang et al., 2023",HT,ikdc_subjective,"Tang et al., 2023, HT",continuous,16,90.13,6.99,,,92.5,,,included,28.31,8.55,13,3,24.00,2.00
89,"Tang et al., 2023",QT,ikdc_subjective,"Tang et al., 2023, QT",continuous,17,87.12,6.61,,,90,,,included,28.06,6.24,17,0,24.00,2.00
93,"Vilchez-Cavazos et al., 2020",HT,ikdc_subjective,"Vilchez-Cavazos et al., 2020, HT",continuous,14,90.00,1.76,,87,90,93,,included,24.46,8.24,12,3,12.00,1.00
93,"Vilchez-Cavazos et al., 2020",QT,ikdc_subjective,"Vilchez-Cavazos et al., 2020, QT",continuous,14,88.17,2.49,,83,90,91.5,,included,24.46,9.06,11,3,12.00,1.00
96,"Wipfler et al., 2011",BPTB,ikdc_subjective,"Wipfler et al., 2011, BPTB",continuous,29,86.72,2.27,,,,,,included,29.87,7.30,19,12,108.00,9.00
96,"Wipfler et al., 2011",HT,ikdc_subjective,"Wipfler et al., 2011, HT",continuous,25,92.95,1.99,,,,,,included,34.23,9.25,18,13,108.00,9.00
100,"Zaffagnini et al., 2011",BPTB,ikdc_subjective,"Zaffagnini et al., 2011, BPTB",continuous,40,82.00,20.00,,,,,,included,26.00,9.50,20,19,103.20,8.60
100,"Zaffagnini et al., 2011",HT,ikdc_subjective,"Zaffagnini et al., 2011, HT",continuous,39,88.00,9.00,,,,,,included,27.00,9.00,22,18,103.20,8.60
2,"Aglietti et al., 2004",BPTB,instrumented_laxity,"Aglietti et al., 2004, BPTB",continuous,60,2.20,1.08,0,,,,5,included,25.00,4.97,46,14,24.00,2.00
2,"Aglietti et al., 2004",HT,instrumented_laxity,"Aglietti et al., 2004, HT",continuous,60,1.95,1.30,-1,,,,5,included,25.00,5.19,46,14,24.00,2.00
3,"Ahldén et al., 2009",BPTB,instrumented_laxity,"Ahldén et al., 2009, BPTB",continuous,25,2.60,3.30,,,,,,included,27.41,8.90,14,8,90.27,7.50
3,"Ahldén et al., 2009",HT,instrumented_laxity,"Ahldén et al., 2009, HT",continuous,22,1.40,2.60,,,,,,included,28.60,6.36,18,7,86.79,7.20
4,"Akelman et al., 2016",BPTB,instrumented_laxity,"Akelman et al., 2016, BPTB",continuous,,,,,,,,,excluded,,,,,,
4,"Akelman et al., 2016",HT,instrumented_laxity,"Akelman et al., 2016, HT",continuous,,,,,,,,,excluded,,,,,,
5,"Anderson et al., 2001",BPTB,instrumented_laxity,"Anderson et al., 2001, BPTB",continuous,35,2.10,2.00,,,,,,included,23.60,7.13,23,12,34.60,2.90
5,"Anderson et al., 2001",HT,instrumented_laxity,"Anderson et al., 2001, HT",continuous,33,3.10,2.30,,,,,,included,21.02,5.81,45,23,35.80,3.00
7,"Aune et al., 2001",BPTB,instrumented_laxity,"Aune et al., 2001, BPTB",continuous,32,3.30,2.60,,,,,,included,25.00,7.00,19,16,24.00,2.00
7,"Aune et al., 2001",HT,instrumented_laxity,"Aune et al., 2001, HT",continuous,29,2.90,2.40,,,,,,included,27.00,9.00,21,16,24.00,2.00
9,"Barenius et al., 2010",BPTB,instrumented_laxity,"Barenius et al., 2010, BPTB",continuous,,,,,,,,,excluded,33.00,6.30,38,40,96.00,8.00
9,"Barenius et al., 2010",HT,instrumented_laxity,"Barenius et al., 2010, HT",continuous,,,,,,,,,excluded,35.00,7.50,51,24,96.00,8.00
10,"Barié et al., 2020",BPTB,instrumented_laxity,"Barié et al., 2020, BPTB",continuous,43,1.05,1.36,,,,,,included,30.60,7.50,17,13,122.40,10.20
10,"Barié et al., 2020",QT,instrumented_laxity,"Barié et al., 2020, QT",continuous,43,1.00,1.10,,,,,,included,30.50,7.80,17,13,123.60,10.30
11,"Beynnon et al., 2002",BPTB,instrumented_laxity,"Beynnon et al., 2002, BPTB",continuous,,,,,,,,,excluded,28.50,6.96,18,10,36.00,3.00
11,"Beynnon et al., 2002",HT,instrumented_laxity,"Beynnon et al., 2002, HT",continuous,,,,,,,,,excluded,29.90,5.72,13,15,36.00,3.00
12,"Bi et al., 2018",HT,instrumented_laxity,"Bi et al., 2018, HT",continuous,62,1.71,0.57,,,,,,included,27.90,6.70,31,31,30.30,2.50
12,"Bi et al., 2018",PLT,instrumented_laxity,"Bi et al., 2018, PLT",continuous,62,1.85,0.77,,,,,,included,29.10,6.50,34,28,29.70,2.50
13,"Björnsson et al., 2016",BPTB,instrumented_laxity,"Björnsson et al., 2016, BPTB",continuous,,,,,,,,,excluded,28.20,9.10,42,19,202.60,16.90
13,"Björnsson et al., 2016",HT,instrumented_laxity,"Björnsson et al., 2016, HT",continuous,,,,,,,,,excluded,26.80,7.60,53,33,191.90,16.00
16,"Breker et al., 2025",BPTB,instrumented_laxity,"Breker et al., 2025, BPTB",continuous,,,,,,,,,excluded,,,,,,
16,"Breker et al., 2025",HT,instrumented_laxity,"Breker et al., 2025, HT",continuous,,,,,,,,,excluded,,,,,,
23,"Ejerhed et al., 2003",BPTB,instrumented_laxity,"Ejerhed et al., 2003, BPTB",continuous,32,2.29,3.99,-5,,2,,11.5,included,27.26,8.47,21,11,24.00,2.00
23,"Ejerhed et al., 2003",HT,instrumented_laxity,"Ejerhed et al., 2003, HT",continuous,34,2.47,3.47,-4,,2.25,,10.5,included,30.77,10.52,25,9,24.00,2.00
25,"Eriksson et al., 2001",BPTB,instrumented_laxity,"Eriksson et al., 2001, BPTB",continuous,42,0.95,0.91,,,,,,included,27.00,6.00,,,6.70,0.60
25,"Eriksson et al., 2001",HT,instrumented_laxity,"Eriksson et al., 2001, HT",continuous,47,1.10,0.95,,,,,,included,27.00,6.00,,,6.70,0.60
26,"Feller & Webster, 2003",BPTB,instrumented_laxity,"Feller & Webster, 2003, BPTB",continuous,27,0.50,1.00,,,,,,included,25.80,6.00,23,8,36.00,3.00
26,"Feller & Webster, 2003",HT,instrumented_laxity,"Feller & Webster, 2003, HT",continuous,21,1.10,1.20,,,,,,included,26.30,6.00,24,10,36.00,3.00
28,"Gerber et al., 2007",BPTB,instrumented_laxity,"Gerber et al., 2007, BPTB",continuous,,,,,,,,,excluded,,,,,,
28,"Gerber et al., 2007",HT,instrumented_laxity,"Gerber et al., 2007, HT",continuous,,,,,,,,,excluded,,,,,,
30,"Gifstad et al., 2013",BPTB,instrumented_laxity,"Gifstad et al., 2013, BPTB",continuous,41,1.40,1.80,,,,,,included,27.00,6.74,,,84.00,7.00
30,"Gifstad et al., 2013",HT,instrumented_laxity,"Gifstad et al., 2013, HT",continuous,36,1.40,1.40,,,,,,included,27.00,6.78,,,84.00,7.00
31,"Gobbi & Francisco, 2006",BPTB,instrumented_laxity,"Gobbi & Francisco, 2006, BPTB",continuous,,,,,,,,,excluded,,,,,,
31,"Gobbi & Francisco, 2006",HT,instrumented_laxity,"Gobbi & Francisco, 2006, HT",continuous,,,,,,,,,excluded,,,,,,
33,"Harilainen et al., 2006",BPTB,instrumented_laxity,"Harilainen et al., 2006, BPTB",continuous,37,1.50,3.00,,,,,,included,,,,,60.60,5.10
33,"Harilainen et al., 2006",HT,instrumented_laxity,"Harilainen et al., 2006, HT",continuous,37,1.20,3.90,,,,,,included,,,,,60.60,5.10
34,"Heijne & Werner, 2010",BPTB,instrumented_laxity,"Heijne & Werner, 2010, BPTB",continuous,,,,,,,,,excluded,29.00,7.00,22,12,24.70,2.10
34,"Heijne & Werner, 2010",HT,instrumented_laxity,"Heijne & Werner, 2010, HT",continuous,,,,,,,,,excluded,30.00,9.00,14,20,24.70,2.10
35,"Holm et al., 2010",BPTB,instrumented_laxity,"Holm et al., 2010, BPTB",continuous,28,3.00,3.20,,,,,,included,33.90,6.20,18,10,10.20,0.90
35,"Holm et al., 2010",HT,instrumented_laxity,"Holm et al., 2010, HT",continuous,29,2.00,3.50,,,,,,included,37.90,9.10,15,14,10.70,0.90
36,"Horstmann et al., 2022",HT,instrumented_laxity,"Horstmann et al., 2022, HT",continuous,26,0.20,2.20,,,,,,included,32.70,11.40,12,15,24.00,2.00
36,"Horstmann et al., 2022",QT,instrumented_laxity,"Horstmann et al., 2022, QT",continuous,23,0.70,1.10,,,,,,included,24.10,3.60,21,3,24.00,2.00
37,"Ibrahim et al., 2005",BPTB,instrumented_laxity,"Ibrahim et al., 2005, BPTB",continuous,,,,,,,,,excluded,22.30,3.94,40,0,81.00,6.80
37,"Ibrahim et al., 2005",HT,instrumented_laxity,"Ibrahim et al., 2005, HT",continuous,,,,,,,,,excluded,22.30,3.84,46,0,81.00,6.80
41,"Jansson et al., 2003",BPTB,instrumented_laxity,"Jansson et al., 2003, BPTB",continuous,43,1.70,2.63,-3.7,,,,7.8,included,,,,,24.00,2.00
41,"Jansson et al., 2003",HT,instrumented_laxity,"Jansson et al., 2003, HT",continuous,46,1.20,2.65,-4.3,,,,7.4,included,,,,,24.00,2.00
43,"Kautzner et al., 2015",BPTB,instrumented_laxity,"Kautzner et al., 2015, BPTB",continuous,74,0.60,0.21,0,,,,1,included,26.00,6.28,0,74,24.00,2.00
43,"Kautzner et al., 2015",HT,instrumented_laxity,"Kautzner et al., 2015, HT",continuous,73,0.50,0.42,0,,,,2,included,26.00,6.29,0,73,24.00,2.00
45,"Konrads et al., 2016",BPTB,instrumented_laxity,"Konrads et al., 2016, BPTB",continuous,24,1.80,0.51,1,,,,3,included,29.80,6.33,22,9,120.00,10.00
45,"Konrads et al., 2016",HT,instrumented_laxity,"Konrads et al., 2016, HT",continuous,23,2.20,0.78,1,,,,4,included,29.80,6.33,23,8,120.00,10.00
46,"Laoruengthana et al., 2009",BPTB,instrumented_laxity,"Laoruengthana et al., 2009, BPTB",continuous,15,1.22,0.69,0.3,,,,2.7,included,29.93,8.91,,,19.00,1.60
46,"Laoruengthana et al., 2009",HT,instrumented_laxity,"Laoruengthana et al., 2009, HT",continuous,13,0.96,0.42,0.2,,,,1.6,included,28.65,9.27,,,19.00,1.60
47,"Lawhorn et al., 2012",HT,instrumented_laxity,"Lawhorn et al., 2012, HT",continuous,,,,,,,,,excluded,32.00,8.43,32,22,24.00,2.00
47,"Lawhorn et al., 2012",TA,instrumented_laxity,"Lawhorn et al., 2012, TA",continuous,,,,,,,,,excluded,33.00,8.31,38,10,24.00,2.00
49,"Laxdal et al., 2005",BPTB,instrumented_laxity,"Laxdal et al., 2005, BPTB",continuous,40,1.00,3.01,-5,,,,8,included,28.00,8.35,,,26.00,2.20
49,"Laxdal et al., 2005",HT,instrumented_laxity,"Laxdal et al., 2005, HT",continuous,78,1.50,3.12,,,,,,included,25.00,5.60,,,26.00,2.20
50,"Leitgeb et al., 2014",BPTB,instrumented_laxity,"Leitgeb et al., 2014, BPTB",continuous,,,,,,,,,excluded,,,,,,
50,"Leitgeb et al., 2014",HT,instrumented_laxity,"Leitgeb et al., 2014, HT",continuous,,,,,,,,,excluded,,,,,,
51,"Li et al., 2015",HT,instrumented_laxity,"Li et al., 2015, HT",continuous,32,2.10,1.60,,,,,,included,29.80,7.90,17,15,69.60,5.80
51,"Li et al., 2015",TA,instrumented_laxity,"Li et al., 2015, TA",continuous,32,3.50,1.20,,,,,,included,30.50,6.10,15,17,73.20,6.10
52,"Lidén et al., 2007",BPTB,instrumented_laxity,"Lidén et al., 2007, BPTB",continuous,30,2.30,3.06,-3.5,,,,9,included,28.00,8.37,23,11,87.11,7.30
52,"Lidén et al., 2007",HT,instrumented_laxity,"Lidén et al., 2007, HT",continuous,32,2.70,3.39,-4.5,,,,9.5,included,29.00,10.35,26,11,87.05,7.30
53,"Lind et al., 2020",HT,instrumented_laxity,"Lind et al., 2020, HT",continuous,49,1.90,1.70,,,,,,included,27.10,6.10,25,24,24.00,2.00
53,"Lind et al., 2020",QT,instrumented_laxity,"Lind et al., 2020, QT",continuous,47,1.80,1.00,,,,,,included,27.20,6.20,29,21,24.00,2.00
54,"Lucidi et al., 2025",BPTB,instrumented_laxity,"Lucidi et al., 2025, BPTB",continuous,19,-0.10,1.60,,,,,,included,52.80,7.30,,,240.00,20.00
54,"Lucidi et al., 2025",HT,instrumented_laxity,"Lucidi et al., 2025, HT",continuous,20,1.50,1.20,,,,,,included,54.50,7.50,,,240.00,20.00
55,"Lui et al., 2012",BPTB,instrumented_laxity,"Lui et al., 2012, BPTB",continuous,14,3.70,1.40,,,,,,included,26.50,5.00,14,0,12.00,1.00
55,"Lui et al., 2012",HT,instrumented_laxity,"Lui et al., 2012, HT",continuous,17,3.10,1.60,,,,,,included,24.63,4.60,38,0,12.00,1.00
56,"Lund et al., 2014",BPTB,instrumented_laxity,"Lund et al., 2014, BPTB",continuous,18,1.10,1.40,,,,,,included,31.00,8.00,15,3,24.00,2.00
56,"Lund et al., 2014",QT,instrumented_laxity,"Lund et al., 2014, QT",continuous,21,0.80,1.70,,,,,,included,30.00,9.00,17,4,24.00,2.00
57,"Maletis et al., 2007",BPTB,instrumented_laxity,"Maletis et al., 2007, BPTB",continuous,,,,,,,,,excluded,,,,,,
57,"Maletis et al., 2007",HT,instrumented_laxity,"Maletis et al., 2007, HT",continuous,,,,,,,,,excluded,,,,,,
58,"Malik et al., 2026",HT,instrumented_laxity,"Malik et al., 2026, HT",continuous,25,2.10,1.00,,,,,,included,28.12,5.21,18,7,6.00,0.50
58,"Malik et al., 2026",PLT,instrumented_laxity,"Malik et al., 2026, PLT",continuous,25,1.80,0.90,,,,,,included,27.84,4.92,17,8,6.00,0.50
62,"Matsumoto et al., 2006",BPTB,instrumented_laxity,"Matsumoto et al., 2006, BPTB",continuous,37,1.20,2.10,,,,,,included,23.70,7.70,21,16,87.00,7.30
62,"Matsumoto et al., 2006",HT,instrumented_laxity,"Matsumoto et al., 2006, HT",continuous,35,1.70,1.40,,,,,,included,24.40,9.70,20,15,80.70,6.70
66,"Mohtadi et al., 2016",BPTB,instrumented_laxity,"Mohtadi et al., 2016, BPTB",continuous,,,,,,,,,excluded,28.70,9.90,63,47,24.00,2.00
66,"Mohtadi et al., 2016",HT,instrumented_laxity,"Mohtadi et al., 2016, HT",continuous,,,,,,,,,excluded,28.40,9.83,120,100,24.00,2.00
67,"Mohtadi & Chan, 2019",BPTB,instrumented_laxity,"Mohtadi & Chan, 2019, BPTB",continuous,,,,,,,,,excluded,,,,,,
67,"Mohtadi & Chan, 2019",HT,instrumented_laxity,"Mohtadi & Chan, 2019, HT",continuous,,,,,,,,,excluded,,,,,,
68,"Moraiti et al., 2010",BPTB,instrumented_laxity,"Moraiti et al., 2010, BPTB",continuous,,,,,,,,,excluded,23.00,2.00,6,0,21.00,1.80
68,"Moraiti et al., 2010",HT,instrumented_laxity,"Moraiti et al., 2010, HT",continuous,,,,,,,,,excluded,24.00,3.00,6,0,25.00,2.10
70,"Noh et al., 2011",HT,instrumented_laxity,"Noh et al., 2011, HT",continuous,,,,,,,,,excluded,25.81,7.46,30,3,28.10,2.30
70,"Noh et al., 2011",AT,instrumented_laxity,"Noh et al., 2011, AT",continuous,,,,,,,,,excluded,25.55,8.47,26,6,31.60,2.60
72,"Oneill et al., 1996",BPTB,instrumented_laxity,"Oneill et al., 1996, BPTB",continuous,,,,,,,,,excluded,,,,,,
72,"Oneill et al., 1996",HT,instrumented_laxity,"Oneill et al., 1996, HT",continuous,,,,,,,,,excluded,,,,,,
76,"Pinczewski et al., 2007",BPTB,instrumented_laxity,"Pinczewski et al., 2007, BPTB",continuous,54,1.20,1.69,,,,,,included,25.00,5.49,48,42,120.00,10.00
76,"Pinczewski et al., 2007",HT,instrumented_laxity,"Pinczewski et al., 2007, HT",continuous,58,1.60,1.55,,,,,,included,24.00,7.92,47,43,120.00,10.00
77,"Popovic et al., 2024",BPTB,instrumented_laxity,"Popovic et al., 2024, BPTB",continuous,38,1.30,2.20,-3,,,,5,included,27.00,6.82,`,,228.00,19.00
77,"Popovic et al., 2024",HT,instrumented_laxity,"Popovic et al., 2024, HT",continuous,33,1.50,3.30,-3,,,,12,included,27.00,6.30,,,228.00,19.00
85,"Smith et al., 2020",BPTB,instrumented_laxity,"Smith et al., 2020, BPTB",continuous,32,0.00,0.80,,,,,,included,17.70,2.40,15,17,24.00,2.00
85,"Smith et al., 2020",HT,instrumented_laxity,"Smith et al., 2020, HT",continuous,32,0.30,0.70,,,,,,included,17.70,2.40,13,19,24.00,2.00
87,"Sonnery-cottet et al., 2026",BPTB,instrumented_laxity,"Sonnery-cottet et al., 2026, BPTB",continuous,296,1.20,1.40,,,,,,included,24.80,4.40,214,69,61.50,5.10
87,"Sonnery-cottet et al., 2026",HT,instrumented_laxity,"Sonnery-cottet et al., 2026, HT",continuous,297,0.90,1.00,,,,,,included,25.20,4.60,233,40,63.90,5.30
89,"Tang et al., 2023",HT,instrumented_laxity,"Tang et al., 2023, HT",continuous,,,,,,,,,excluded,28.31,8.55,13,3,24.00,2.00
89,"Tang et al., 2023",QT,instrumented_laxity,"Tang et al., 2023, QT",continuous,,,,,,,,,excluded,28.06,6.24,17,0,24.00,2.00
90,"Taylor et al., 2009",BPTB,instrumented_laxity,"Taylor et al., 2009, BPTB",continuous,,,,,,,,,excluded,21.70,4.60,25,7,32.40,2.70
90,"Taylor et al., 2009",HT,instrumented_laxity,"Taylor et al., 2009, HT",continuous,,,,,,,,,excluded,22.10,6.53,28,4,38.40,3.20
93,"Vilchez-cavazos et al., 2020",BPTB,instrumented_laxity,"Vilchez-cavazos et al., 2020, BPTB",continuous,,,,,,,,,excluded,,,,,,
93,"Vilchez-cavazos et al., 2020",QT,instrumented_laxity,"Vilchez-cavazos et al., 2020, QT",continuous,,,,,,,,,excluded,24.46,9.06,11,3,12.00,1.00
95,"Webster et al., 2001",BPTB,instrumented_laxity,"Webster et al., 2001, BPTB",continuous,23,1.10,0.65,1,,,,3.5,included,26.00,6.30,20,8,24.00,2.00
95,"Webster et al., 2001",HT,instrumented_laxity,"Webster et al., 2001, HT",continuous,31,1.70,0.97,0,,,,4,included,27.00,6.10,23,10,24.00,2.00
96,"Wipfler et al., 2011",BPTB,instrumented_laxity,"Wipfler et al., 2011, BPTB",continuous,29,0.90,0.27,,,,,,included,29.87,7.30,19,12,108.00,9.00
96,"Wipfler et al., 2011",HT,instrumented_laxity,"Wipfler et al., 2011, HT",continuous,25,0.64,0.36,,,,,,included,34.23,9.25,18,13,108.00,9.00
97,"Yadav et al., 2025",HT,instrumented_laxity,"Yadav et al., 2025, HT",continuous,36,3.77,2.01,,,,,,included,30.06,8.87,32,4,12.00,1.00
97,"Yadav et al., 2025",QT,instrumented_laxity,"Yadav et al., 2025, QT",continuous,33,2.73,1.64,,,,,,included,28.73,8.80,30,3,12.00,1.00
98,"Yoo et al., 2017",HT,instrumented_laxity,"Yoo et al., 2017, HT",continuous,68,2.20,0.00,,,,,,excluded,30.00,9.96,61,7,32.80,2.70
98,"Yoo et al., 2017",TA,instrumented_laxity,"Yoo et al., 2017, TA",continuous,64,2.50,0.00,,,,,,excluded,24.00,8.35,59,5,34.50,2.90
100,"Zaffagnini et al., 2011",BPTB,instrumented_laxity,"Zaffagnini et al., 2011, BPTB",continuous,40,0.40,0.60,,,,,,included,26.00,9.50,20,19,103.20,8.60
100,"Zaffagnini et al., 2011",HT,instrumented_laxity,"Zaffagnini et al., 2011, HT",continuous,39,1.10,1.90,,,,,,included,27.00,9.00,22,18,103.20,8.60
2,"Aglietti et al., 2004",BPTB,lachman_1,"Aglietti et al., 2004, BPTB",dichotomous,60,0.00,0.06,,,,,,included,25.00,4.97,46,14,24.00,2.00
2,"Aglietti et al., 2004",HT,lachman_1,"Aglietti et al., 2004, HT",dichotomous,60,0.00,0.06,,,,,,included,25.00,5.19,46,14,24.00,2.00
9,"Barenius et al., 2010",BPTB,lachman_1,"Barenius et al., 2010, BPTB",dichotomous,,,,,,,,,excluded,33.00,6.30,38,40,96.00,8.00
9,"Barenius et al., 2010",HT,lachman_1,"Barenius et al., 2010, HT",dichotomous,,,,,,,,,excluded,35.00,7.50,51,24,96.00,8.00
11,"Beynnon et al., 2002",BPTB,lachman_1,"Beynnon et al., 2002, BPTB",dichotomous,22,13.00,0.59,,,,,,included,28.50,6.96,18,10,36.00,3.00
11,"Beynnon et al., 2002",HT,lachman_1,"Beynnon et al., 2002, HT",dichotomous,22,20.00,7.04,,,,,,included,29.90,5.72,13,15,36.00,3.00
13,"Björnsson et al., 2016",BPTB,lachman_1,"Björnsson et al., 2016, BPTB",dichotomous,61,31.00,1.09,,,,,,included,28.20,9.10,42,19,202.60,16.90
13,"Björnsson et al., 2016",HT,lachman_1,"Björnsson et al., 2016, HT",dichotomous,86,68.00,2.88,,,,,,included,26.80,7.60,53,33,191.90,16.00
18,"Butt et al., 2024",HT,lachman_1,"Butt et al., 2024, HT",dichotomous,,,,,,,,,excluded,29.17,5.03,29,1,60.00,5.00
18,"Butt et al., 2024",PLT,lachman_1,"Butt et al., 2024, PLT",dichotomous,,,,,,,,,excluded,27.73,4.14,30,0,60.00,5.00
23,"Ejerhed et al., 2003",BPTB,lachman_1,"Ejerhed et al., 2003, BPTB",dichotomous,32,14.00,5.16,,,,,,included,27.26,8.47,21,11,24.00,2.00
23,"Ejerhed et al., 2003",HT,lachman_1,"Ejerhed et al., 2003, HT",dichotomous,34,18.00,4.23,,,,,,included,30.77,10.52,25,9,24.00,2.00
26,"Feller & Webster, 2003",BPTB,lachman_1,"Feller & Webster, 2003, BPTB",dichotomous,27,6.00,0.30,,,,,,included,25.80,6.00,23,8,36.00,3.00
26,"Feller & Webster, 2003",HT,lachman_1,"Feller & Webster, 2003, HT",dichotomous,21,19.00,0.11,,,,,,included,26.30,6.00,24,10,36.00,3.00
30,"Gifstad et al., 2013",BPTB,lachman_1,"Gifstad et al., 2013, BPTB",dichotomous,41,16.00,0.24,,,,,,included,27.00,6.74,,,84.00,7.00
30,"Gifstad et al., 2013",HT,lachman_1,"Gifstad et al., 2013, HT",dichotomous,36,13.00,0.26,,,,,,included,27.00,6.78,,,84.00,7.00
32,"Guglielmetti et al., 2021",BPTB,lachman_1,"Guglielmetti et al., 2021, BPTB",dichotomous,31,9.00,0.48,,,,,,included,25.20,5.48,23,8,24.00,2.00
32,"Guglielmetti et al., 2021",HT,lachman_1,"Guglielmetti et al., 2021, HT",dichotomous,31,9.00,0.70,,,,,,included,24.64,5.33,19,12,24.00,2.00
33,"Harilainen et al., 2006",BPTB,lachman_1,"Harilainen et al., 2006, BPTB",dichotomous,37,8.00,0.08,,,,,,included,,,,,60.60,5.10
33,"Harilainen et al., 2006",HT,lachman_1,"Harilainen et al., 2006, HT",dichotomous,37,6.00,0.25,,,,,,included,,,,,60.60,5.10
37,"Ibrahim et al., 2005",BPTB,lachman_1,"Ibrahim et al., 2005, BPTB",dichotomous,40,5.00,0.99,,,,,,included,22.30,3.94,40,0,81.00,6.80
37,"Ibrahim et al., 2005",HT,lachman_1,"Ibrahim et al., 2005, HT",dichotomous,46,7.00,1.30,,,,,,included,22.30,3.84,46,0,81.00,6.80
38,"Iliopoulos et al., 2017",BPTB,lachman_1,"Iliopoulos et al., 2017, BPTB",dichotomous,,,,,,,,,excluded,24.80,5.00,10,0,9.00,0.80
38,"Iliopoulos et al., 2017",HT,lachman_1,"Iliopoulos et al., 2017, HT",dichotomous,,,,,,,,,excluded,26.70,7.20,10,0,9.00,0.80
41,"Jansson et al., 2003",BPTB,lachman_1,"Jansson et al., 2003, BPTB",dichotomous,43,8.00,1.59,,,,,,included,,,,,24.00,2.00
41,"Jansson et al., 2003",HT,lachman_1,"Jansson et al., 2003, HT",dichotomous,46,8.00,1.52,,,,,,included,,,,,24.00,2.00
45,"Konrads et al., 2016",BPTB,lachman_1,"Konrads et al., 2016, BPTB",dichotomous,24,8.00,2.60,,,,,,included,29.80,6.33,22,9,120.00,10.00
45,"Konrads et al., 2016",HT,lachman_1,"Konrads et al., 2016, HT",dichotomous,23,11.00,4.60,,,,,,included,29.80,6.33,23,8,120.00,10.00
50,"Leitgeb et al., 2014",BPTB,lachman_1,"Leitgeb et al., 2014, BPTB",dichotomous,,,,,,,,,excluded,,,,,,
50,"Leitgeb et al., 2014",HT,lachman_1,"Leitgeb et al., 2014, HT",dichotomous,,,,,,,,,excluded,,,,,,
51,"Li et al., 2015",HT,lachman_1,"Li et al., 2015, HT",dichotomous,32,6.00,1.41,,,,,,included,29.80,7.90,17,15,69.60,5.80
51,"Li et al., 2015",TA,lachman_1,"Li et al., 2015, TA",dichotomous,32,13.00,4.02,,,,,,included,30.50,6.10,15,17,73.20,6.10
52,"Lidén et al., 2007",BPTB,lachman_1,"Lidén et al., 2007, BPTB",dichotomous,30,23.00,15.41,,,,,,included,28.00,8.37,23,11,87.11,7.30
52,"Lidén et al., 2007",HT,lachman_1,"Lidén et al., 2007, HT",dichotomous,32,26.00,20.61,,,,,,included,29.00,10.35,26,11,87.05,7.30
55,"Lui et al., 2012",BPTB,lachman_1,"Lui et al., 2012, BPTB",dichotomous,14,4.00,1.68,,,,,,included,26.50,5.00,14,0,12.00,1.00
55,"Lui et al., 2012",HT,lachman_1,"Lui et al., 2012, HT",dichotomous,17,6.00,1.03,,,,,,included,24.63,4.60,38,0,12.00,1.00
58,"Malik et al., 2026",HT,lachman_1,"Malik et al., 2026, HT",dichotomous,25,3.00,0.80,,,,,,included,28.12,5.21,18,7,6.00,0.50
58,"Malik et al., 2026",PLT,lachman_1,"Malik et al., 2026, PLT",dichotomous,25,2.00,0.54,,,,,,included,27.84,4.92,17,8,6.00,0.50
66,"Mohtadi et al., 2016",BPTB,lachman_1,"Mohtadi et al., 2016, BPTB",dichotomous,,,,,,,,,excluded,28.70,9.90,63,47,24.00,2.00
66,"Mohtadi et al., 2016",HT,lachman_1,"Mohtadi et al., 2016, HT",dichotomous,,,,,,,,,excluded,28.40,9.83,120,100,24.00,2.00
67,"Mohtadi & Chan, 2019",BPTB,lachman_1,"Mohtadi & Chan, 2019, BPTB",dichotomous,,,,,,,,,excluded,,,,,,
67,"Mohtadi & Chan, 2019",HT,lachman_1,"Mohtadi & Chan, 2019, HT",dichotomous,,,,,,,,,excluded,,,,,,
68,"Moraiti et al., 2010",BPTB,lachman_1,"Moraiti et al., 2010, BPTB",dichotomous,,,,,,,,,excluded,23.00,2.00,6,0,21.00,1.80
68,"Moraiti et al., 2010",HT,lachman_1,"Moraiti et al., 2010, HT",dichotomous,,,,,,,,,excluded,24.00,3.00,6,0,25.00,2.10
70,"Noh et al., 2011",HT,lachman_1,"Noh et al., 2011, HT",dichotomous,33,6.00,1.38,,,,,,included,25.81,7.46,30,3,28.10,2.30
70,"Noh et al., 2011",AT,lachman_1,"Noh et al., 2011, AT",dichotomous,32,6.00,3.10,,,,,,included,25.55,8.47,26,6,31.60,2.60
76,"Pinczewski et al., 2007",BPTB,lachman_1,"Pinczewski et al., 2007, BPTB",dichotomous,53,10.00,1.78,,,,,,included,25.00,5.49,48,42,120.00,10.00
76,"Pinczewski et al., 2007",HT,lachman_1,"Pinczewski et al., 2007, HT",dichotomous,58,12.00,2.07,,,,,,included,24.00,7.92,47,43,120.00,10.00
77,"Popovic et al., 2024",BPTB,lachman_1,"Popovic et al., 2024, BPTB",dichotomous,38,0.00,0.08,,,,,,included,27.00,6.82,`,,228.00,19.00
77,"Popovic et al., 2024",HT,lachman_1,"Popovic et al., 2024, HT",dichotomous,33,5.00,0.09,,,,,,included,27.00,6.30,,,228.00,19.00
82,"Sajovic et al., 2018",BPTB,lachman_1,"Sajovic et al., 2018, BPTB",dichotomous,24,5.00,1.42,,,,,,included,45.50,8.70,15,9,204.00,17.00
82,"Sajovic et al., 2018",HT,lachman_1,"Sajovic et al., 2018, HT",dichotomous,24,5.00,1.42,,,,,,included,42.50,7.50,13,11,204.00,17.00
96,"Wipfler et al., 2011",BPTB,lachman_1,"Wipfler et al., 2011, BPTB",dichotomous,29,,0.09,,,,,,excluded,29.87,7.30,19,12,108.00,9.00
96,"Wipfler et al., 2011",HT,lachman_1,"Wipfler et al., 2011, HT",dichotomous,25,,0.10,,,,,,excluded,34.23,9.25,18,13,108.00,9.00
98,"Yoo et al., 2017",HT,lachman_1,"Yoo et al., 2017, HT",dichotomous,68,36.00,0.58,,,,,,included,30.00,9.96,61,7,32.80,2.70
98,"Yoo et al., 2017",TA,lachman_1,"Yoo et al., 2017, TA",dichotomous,64,35.00,0.90,,,,,,included,24.00,8.35,59,5,34.50,2.90
3,"Ahldén et al., 2009",BPTB,lysholm,"Ahldén et al., 2009, BPTB",continuous,25,80.70,21.64,15,,89,,100,included,27.41,8.90,14,8,90.27,7.50
3,"Ahldén et al., 2009",HT,lysholm,"Ahldén et al., 2009, HT",continuous,22,79.16,13.35,49,,81,,100,included,28.60,6.36,18,7,86.79,7.20
9,"Barenius et al., 2010",BPTB,lysholm,"Barenius et al., 2010, BPTB",continuous,78,85.82,11.83,43,,88,,100,included,33.00,6.30,38,40,96.00,8.00
9,"Barenius et al., 2010",HT,lysholm,"Barenius et al., 2010, HT",continuous,75,86.42,12.53,40,,89,,100,included,35.00,7.50,51,24,96.00,8.00
10,"Barié et al., 2020",BPTB,lysholm,"Barié et al., 2020, BPTB",continuous,43,95.20,6.60,,,,,,included,30.60,7.50,17,13,122.40,10.20
10,"Barié et al., 2020",QT,lysholm,"Barié et al., 2020, QT",continuous,43,95.60,7.80,,,,,,included,30.50,7.80,17,13,123.60,10.30
13,"Björnsson et al., 2016",BPTB,lysholm,"Björnsson et al., 2016, BPTB",continuous,61,79.40,16.90,,,,,,included,28.20,9.10,42,19,202.60,16.90
13,"Björnsson et al., 2016",HT,lysholm,"Björnsson et al., 2016, HT",continuous,86,80.70,15.30,,,,,,included,26.80,7.60,53,33,191.90,16.00
18,"Butt et al., 2024",HT,lysholm,"Butt et al., 2024, HT",continuous,30,95.10,5.20,,,,,,included,29.17,5.03,29,1,60.00,5.00
18,"Butt et al., 2024",PLT,lysholm,"Butt et al., 2024, PLT",continuous,30,94.50,6.40,,,,,,included,27.73,4.14,30,0,60.00,5.00
19,"Calvert et al., 2025",HT,lysholm,"Calvert et al., 2025, HT",continuous,92,94.00,7.00,,,,,,included,29.40,7.70,28,27,24.00,2.00
19,"Calvert et al., 2025",QT,lysholm,"Calvert et al., 2025, QT",continuous,89,93.00,8.00,,,,,,included,28.10,8.20,28,29,24.00,2.00
23,"Ejerhed et al., 2003",BPTB,lysholm,"Ejerhed et al., 2003, BPTB",continuous,32,89.96,13.06,46,,95,,100,included,27.26,8.47,21,11,24.00,2.00
23,"Ejerhed et al., 2003",HT,lysholm,"Ejerhed et al., 2003, HT",continuous,34,86.79,11.72,51,,90,,100,included,30.77,10.52,25,9,24.00,2.00
30,"Gifstad et al., 2013",BPTB,lysholm,"Gifstad et al., 2013, BPTB",continuous,,,,,,,,,excluded,27.00,6.74,,,84.00,7.00
30,"Gifstad et al., 2013",HT,lysholm,"Gifstad et al., 2013, HT",continuous,,,,,,,,,excluded,27.00,6.78,,,84.00,7.00
31,"Gobbi & Francisco, 2006",BPTB,lysholm,"Gobbi & Francisco, 2006, BPTB",continuous,,,,,,,,,excluded,,,,,,
31,"Gobbi & Francisco, 2006",HT,lysholm,"Gobbi & Francisco, 2006, HT",continuous,,,,,,,,,excluded,,,,,,
32,"Guglielmetti et al., 2021",BPTB,lysholm,"Guglielmetti et al., 2021, BPTB",continuous,31,89.87,9.17,,,,,,included,25.20,5.48,23,8,24.00,2.00
32,"Guglielmetti et al., 2021",HT,lysholm,"Guglielmetti et al., 2021, HT",continuous,31,91.26,9.36,,,,,,included,24.64,5.33,19,12,24.00,2.00
33,"Harilainen et al., 2006",BPTB,lysholm,"Harilainen et al., 2006, BPTB",continuous,37,89.11,15.53,34,,95,,100,included,,,,,60.60,5.10
33,"Harilainen et al., 2006",HT,lysholm,"Harilainen et al., 2006, HT",continuous,37,95.00,15.53,34,,95,,100,included,,,,,60.60,5.10
35,"Holm et al., 2010",BPTB,lysholm,"Holm et al., 2010, BPTB",continuous,28,84.20,15.40,,,,,,included,33.90,6.20,18,10,10.20,0.90
35,"Holm et al., 2010",HT,lysholm,"Holm et al., 2010, HT",continuous,29,86.10,15.10,,,,,,included,37.90,9.10,15,14,10.70,0.90
36,"Horstmann et al., 2022",HT,lysholm,"Horstmann et al., 2022, HT",continuous,26,83.50,17.40,,,,,,included,32.70,11.40,12,15,24.00,2.00
36,"Horstmann et al., 2022",QT,lysholm,"Horstmann et al., 2022, QT",continuous,23,90.40,11.90,,,,,,included,24.10,3.60,21,3,24.00,2.00
37,"Ibrahim et al., 2005",BPTB,lysholm,"Ibrahim et al., 2005, BPTB",continuous,40,91.60,3.94,79,,,,96,included,22.30,3.94,40,0,81.00,6.80
37,"Ibrahim et al., 2005",HT,lysholm,"Ibrahim et al., 2005, HT",continuous,46,92.70,3.62,81,,,,97,included,22.30,3.84,46,0,81.00,6.80
38,"Iliopoulos et al., 2017",BPTB,lysholm,"Iliopoulos et al., 2017, BPTB",continuous,45,95.80,2.40,,,,,,included,24.80,5.00,10,0,9.00,0.80
38,"Iliopoulos et al., 2017",HT,lysholm,"Iliopoulos et al., 2017, HT",continuous,45,94.00,3.60,,,,,,included,26.70,7.20,10,0,9.00,0.80
41,"Jansson et al., 2003",BPTB,lysholm,"Jansson et al., 2003, BPTB",continuous,,,,,,,,,excluded,,,,,24.00,2.00
41,"Jansson et al., 2003",HT,lysholm,"Jansson et al., 2003, HT",continuous,,,,,,,,,excluded,,,,,24.00,2.00
43,"Kautzner et al., 2015",BPTB,lysholm,"Kautzner et al., 2015, BPTB",continuous,74,88.00,7.50,,,,,,included,26.00,6.28,0,74,24.00,2.00
43,"Kautzner et al., 2015",HT,lysholm,"Kautzner et al., 2015, HT",continuous,73,90.00,7.60,,,,,,included,26.00,6.29,0,73,24.00,2.00
44,"Komzak et al., 2022",BPTB,lysholm,"Komzak et al., 2022, BPTB",continuous,36,93.40,9.60,,,,,,included,31.00,9.46,23,17,28.00,2.30
44,"Komzak et al., 2022",QT,lysholm,"Komzak et al., 2022, QT",continuous,36,90.10,6.70,,,,,,included,29.80,9.46,21,19,28.00,2.30
45,"Konrads et al., 2016",BPTB,lysholm,"Konrads et al., 2016, BPTB",continuous,24,92.00,8.99,63,,,,98,included,29.80,6.33,22,9,120.00,10.00
45,"Konrads et al., 2016",HT,lysholm,"Konrads et al., 2016, HT",continuous,23,91.80,9.33,62,,,,98,included,29.80,6.33,23,8,120.00,10.00
46,"Laoruengthana et al., 2009",BPTB,lysholm,"Laoruengthana et al., 2009, BPTB",continuous,,,,,,,,,excluded,29.93,8.91,,,19.00,1.60
46,"Laoruengthana et al., 2009",HT,lysholm,"Laoruengthana et al., 2009, HT",continuous,,,,,,,,,excluded,28.65,9.27,,,19.00,1.60
49,"Laxdal et al., 2005",BPTB,lysholm,"Laxdal et al., 2005, BPTB",continuous,40,94.00,18.09,22,,,,100,included,28.00,8.35,,,26.00,2.20
49,"Laxdal et al., 2005",HT,lysholm,"Laxdal et al., 2005, HT",continuous,78,92.00,13.40,,,,,,included,25.00,5.60,,,26.00,2.20
51,"Li et al., 2015",HT,lysholm,"Li et al., 2015, HT",continuous,32,91.30,11.50,,,,,,included,29.80,7.90,17,15,69.60,5.80
51,"Li et al., 2015",TA,lysholm,"Li et al., 2015, TA",continuous,32,88.70,8.60,,,,,,included,30.50,6.10,15,17,73.20,6.10
52,"Lidén et al., 2007",BPTB,lysholm,"Lidén et al., 2007, BPTB",continuous,30,81.00,18.38,25,,,,100,included,28.00,8.37,23,11,87.11,7.30
52,"Lidén et al., 2007",HT,lysholm,"Lidén et al., 2007, HT",continuous,32,90.00,12.10,50,,,,100,included,29.00,10.35,26,11,87.05,7.30
54,"Lucidi et al., 2025",BPTB,lysholm,"Lucidi et al., 2025, BPTB",continuous,19,84.80,10.30,,,,,,included,52.80,7.30,,,240.00,20.00
54,"Lucidi et al., 2025",HT,lysholm,"Lucidi et al., 2025, HT",continuous,20,88.60,8.30,,,,,,included,54.50,7.50,,,240.00,20.00
55,"Lui et al., 2012",BPTB,lysholm,"Lui et al., 2012, BPTB",continuous,14,84.00,13.47,54,,,,100,included,26.50,5.00,14,0,12.00,1.00
55,"Lui et al., 2012",HT,lysholm,"Lui et al., 2012, HT",continuous,17,80.00,15.59,43,,,,99,included,24.63,4.60,38,0,12.00,1.00
57,"Maletis et al., 2007",BPTB,lysholm,"Maletis et al., 2007, BPTB",continuous,,,,,,,,,excluded,,,,,,
57,"Maletis et al., 2007",HT,lysholm,"Maletis et al., 2007, HT",continuous,,,,,,,,,excluded,,,,,,
58,"Malik et al., 2026",HT,lysholm,"Malik et al., 2026, HT",continuous,25,85.10,6.40,,,,,,included,28.12,5.21,18,7,6.00,0.50
58,"Malik et al., 2026",PLT,lysholm,"Malik et al., 2026, PLT",continuous,25,89.40,5.80,,,,,,included,27.84,4.92,17,8,6.00,0.50
68,"Moraiti et al., 2010",BPTB,lysholm,"Moraiti et al., 2010, BPTB",continuous,6,96.00,3.00,,,,,,included,23.00,2.00,6,0,21.00,1.80
68,"Moraiti et al., 2010",HT,lysholm,"Moraiti et al., 2010, HT",continuous,6,95.00,5.00,,,,,,included,24.00,3.00,6,0,25.00,2.10
70,"Noh et al., 2011",HT,lysholm,"Noh et al., 2011, HT",continuous,33,98.00,3.61,85,,,,100,included,25.81,7.46,30,3,28.10,2.30
70,"Noh et al., 2011",AT,lysholm,"Noh et al., 2011, AT",continuous,32,99.00,3.63,85,,,,100,included,25.55,8.47,26,6,31.60,2.60
72,"Oneill et al., 1996",BPTB,lysholm,"Oneill et al., 1996, BPTB",continuous,,,,,,,,,excluded,,,,,,
72,"Oneill et al., 1996",HT,lysholm,"Oneill et al., 1996, HT",continuous,,,,,,,,,excluded,,,,,,
73,"Papalia et al., 2015",BPTB,lysholm,"Papalia et al., 2015, BPTB",continuous,20,87.40,13.80,,,,,,included,24.70,,0,20,6.00,0.50
73,"Papalia et al., 2015",HT,lysholm,"Papalia et al., 2015, HT",continuous,20,93.17,10.30,,,,,,included,25.40,,0,20,6.00,0.50
76,"Pinczewski et al., 2007",BPTB,lysholm,"Pinczewski et al., 2007, BPTB",continuous,,,,,,,,,excluded,25.00,5.49,48,42,120.00,10.00
76,"Pinczewski et al., 2007",HT,lysholm,"Pinczewski et al., 2007, HT",continuous,,,,,,,,,excluded,24.00,7.92,47,43,120.00,10.00
77,"Popovic et al., 2024",BPTB,lysholm,"Popovic et al., 2024, BPTB",continuous,38,82.00,15.45,34,,,,100,included,27.00,6.82,`,,228.00,19.00
77,"Popovic et al., 2024",HT,lysholm,"Popovic et al., 2024, HT",continuous,33,85.00,14.67,39,,,,100,included,27.00,6.30,,,228.00,19.00
87,"Sonnery-cottet et al., 2026",BPTB,lysholm,"Sonnery-cottet et al., 2026, BPTB",continuous,296,89.00,12.40,,,,,,included,24.80,4.40,214,69,61.50,5.10
87,"Sonnery-cottet et al., 2026",HT,lysholm,"Sonnery-cottet et al., 2026, HT",continuous,297,91.10,11.90,,,,,,included,25.20,4.60,233,40,63.90,5.30
89,"Tang et al., 2023",HT,lysholm,"Tang et al., 2023, HT",continuous,16,90.06,7.33,,,,,,included,28.31,8.55,13,3,24.00,2.00
89,"Tang et al., 2023",QT,lysholm,"Tang et al., 2023, QT",continuous,17,90.00,4.26,,,,,,included,28.06,6.24,17,0,24.00,2.00
90,"Taylor et al., 2009",BPTB,lysholm,"Taylor et al., 2009, BPTB",continuous,21,90.30,12.19,,,,,,included,21.70,4.60,25,7,32.40,2.70
90,"Taylor et al., 2009",HT,lysholm,"Taylor et al., 2009, HT",continuous,23,90.40,12.75,,,,,,included,22.10,6.53,28,4,38.40,3.20
93,"Vilchez-cavazos et al., 2020",BPTB,lysholm,"Vilchez-cavazos et al., 2020, BPTB",continuous,14,96.00,2.93,,90,98,100,,included,,,,,,
93,"Vilchez-cavazos et al., 2020",QT,lysholm,"Vilchez-cavazos et al., 2020, QT",continuous,14,95.33,2.64,,91,95,100,,included,24.46,9.06,11,3,12.00,1.00
96,"Wipfler et al., 2011",BPTB,lysholm,"Wipfler et al., 2011, BPTB",continuous,29,87.28,1.76,,,,,,included,29.87,7.30,19,12,108.00,9.00
96,"Wipfler et al., 2011",HT,lysholm,"Wipfler et al., 2011, HT",continuous,25,91.82,1.71,,,,,,included,34.23,9.25,18,13,108.00,9.00
97,"Yadav et al., 2025",HT,lysholm,"Yadav et al., 2025, HT",continuous,36,92.40,0.00,,,,,,included,30.06,8.87,32,4,12.00,1.00
97,"Yadav et al., 2025",QT,lysholm,"Yadav et al., 2025, QT",continuous,33,88.20,0.00,,,,,,included,28.73,8.80,30,3,12.00,1.00
98,"Yoo et al., 2017",HT,lysholm,"Yoo et al., 2017, HT",continuous,68,96.00,6.99,67,,,,100,included,30.00,9.96,61,7,32.80,2.70
98,"Yoo et al., 2017",TA,lysholm,"Yoo et al., 2017, TA",continuous,64,93.00,5.78,73,,,,100,included,24.00,8.35,59,5,34.50,2.90
2,"Aglietti et al., 2004",BPTB,pivot_shift_1,"Aglietti et al., 2004, BPTB",dichotomous,60,10.00,0.07,,,,,,included,25.00,4.97,46,14,24.00,2.00
2,"Aglietti et al., 2004",HT,pivot_shift_1,"Aglietti et al., 2004, HT",dichotomous,60,11.00,0.07,,,,,,included,25.00,5.19,46,14,24.00,2.00
5,"Anderson et al., 2001",BPTB,pivot_shift_1,"Anderson et al., 2001, BPTB",dichotomous,35,18.00,1.59,,,,,,included,23.60,7.13,23,12,34.60,2.90
5,"Anderson et al., 2001",HT,pivot_shift_1,"Anderson et al., 2001, HT",dichotomous,33,36.00,1.95,,,,,,included,21.02,5.81,45,23,35.80,3.00
9,"Barenius et al., 2010",BPTB,pivot_shift_1,"Barenius et al., 2010, BPTB",dichotomous,,,,,,,,,excluded,33.00,6.30,38,40,96.00,8.00
9,"Barenius et al., 2010",HT,pivot_shift_1,"Barenius et al., 2010, HT",dichotomous,,,,,,,,,excluded,35.00,7.50,51,24,96.00,8.00
11,"Beynnon et al., 2002",BPTB,pivot_shift_1,"Beynnon et al., 2002, BPTB",dichotomous,22,3.00,0.11,,,,,,included,28.50,6.96,18,10,36.00,3.00
11,"Beynnon et al., 2002",HT,pivot_shift_1,"Beynnon et al., 2002, HT",dichotomous,22,9.00,1.91,,,,,,included,29.90,5.72,13,15,36.00,3.00
12,"Bi et al., 2018",HT,pivot_shift_1,"Bi et al., 2018, HT",dichotomous,62,4.00,0.06,,,,,,included,27.90,6.70,31,31,30.30,2.50
12,"Bi et al., 2018",PLT,pivot_shift_1,"Bi et al., 2018, PLT",dichotomous,62,5.00,0.06,,,,,,included,29.10,6.50,34,28,29.70,2.50
13,"Björnsson et al., 2016",BPTB,pivot_shift_1,"Björnsson et al., 2016, BPTB",dichotomous,61,26.00,1.99,,,,,,included,28.20,9.10,42,19,202.60,16.90
13,"Björnsson et al., 2016",HT,pivot_shift_1,"Björnsson et al., 2016, HT",dichotomous,86,28.00,1.72,,,,,,included,26.80,7.60,53,33,191.90,16.00
18,"Butt et al., 2024",HT,pivot_shift_1,"Butt et al., 2024, HT",dichotomous,,,,,,,,,excluded,29.17,5.03,29,1,60.00,5.00
18,"Butt et al., 2024",PLT,pivot_shift_1,"Butt et al., 2024, PLT",dichotomous,,,,,,,,,excluded,27.73,4.14,30,0,60.00,5.00
25,"Eriksson et al., 2001",BPTB,pivot_shift_1,"Eriksson et al., 2001, BPTB",dichotomous,42,6.00,0.41,,,,,,included,27.00,6.00,,,6.70,0.60
25,"Eriksson et al., 2001",HT,pivot_shift_1,"Eriksson et al., 2001, HT",dichotomous,47,19.00,1.71,,,,,,included,27.00,6.00,,,6.70,0.60
26,"Feller & Webster, 2003",BPTB,pivot_shift_1,"Feller & Webster, 2003, BPTB",dichotomous,27,2.00,0.10,,,,,,included,25.80,6.00,23,8,36.00,3.00
26,"Feller & Webster, 2003",HT,pivot_shift_1,"Feller & Webster, 2003, HT",dichotomous,21,9.00,1.58,,,,,,included,26.30,6.00,24,10,36.00,3.00
32,"Guglielmetti et al., 2021",BPTB,pivot_shift_1,"Guglielmetti et al., 2021, BPTB",dichotomous,31,7.00,0.48,,,,,,included,25.20,5.48,23,8,24.00,2.00
32,"Guglielmetti et al., 2021",HT,pivot_shift_1,"Guglielmetti et al., 2021, HT",dichotomous,31,10.00,0.70,,,,,,included,24.64,5.33,19,12,24.00,2.00
33,"Harilainen et al., 2006",BPTB,pivot_shift_1,"Harilainen et al., 2006, BPTB",dichotomous,37,4.00,0.08,,,,,,included,,,,,60.60,5.10
33,"Harilainen et al., 2006",HT,pivot_shift_1,"Harilainen et al., 2006, HT",dichotomous,37,4.00,0.25,,,,,,included,,,,,60.60,5.10
34,"Heijne & Werner, 2010",BPTB,pivot_shift_1,"Heijne & Werner, 2010, BPTB",dichotomous,30,13.00,0.71,,,,,,included,29.00,7.00,22,12,24.70,2.10
34,"Heijne & Werner, 2010",HT,pivot_shift_1,"Heijne & Werner, 2010, HT",dichotomous,29,22.00,2.18,,,,,,included,30.00,9.00,14,20,24.70,2.10
36,"Horstmann et al., 2022",HT,pivot_shift_1,"Horstmann et al., 2022, HT",dichotomous,26,0.00,0.10,,,,,,included,32.70,11.40,12,15,24.00,2.00
36,"Horstmann et al., 2022",QT,pivot_shift_1,"Horstmann et al., 2022, QT",dichotomous,23,0.00,0.10,,,,,,included,24.10,3.60,21,3,24.00,2.00
37,"Ibrahim et al., 2005",BPTB,pivot_shift_1,"Ibrahim et al., 2005, BPTB",dichotomous,40,5.00,0.99,,,,,,included,22.30,3.94,40,0,81.00,6.80
37,"Ibrahim et al., 2005",HT,pivot_shift_1,"Ibrahim et al., 2005, HT",dichotomous,45,8.00,1.54,,,,,,included,22.30,3.84,46,0,81.00,6.80
38,"Iliopoulos et al., 2017",BPTB,pivot_shift_1,"Iliopoulos et al., 2017, BPTB",dichotomous,,,,,,,,,excluded,24.80,5.00,10,0,9.00,0.80
38,"Iliopoulos et al., 2017",HT,pivot_shift_1,"Iliopoulos et al., 2017, HT",dichotomous,,,,,,,,,excluded,26.70,7.20,10,0,9.00,0.80
41,"Jansson et al., 2003",BPTB,pivot_shift_1,"Jansson et al., 2003, BPTB",dichotomous,43,3.00,0.57,,,,,,included,,,,,24.00,2.00
41,"Jansson et al., 2003",HT,pivot_shift_1,"Jansson et al., 2003, HT",dichotomous,46,3.00,0.55,,,,,,included,,,,,24.00,2.00
45,"Konrads et al., 2016",BPTB,pivot_shift_1,"Konrads et al., 2016, BPTB",dichotomous,,,,,,,,,excluded,29.80,6.33,22,9,120.00,10.00
45,"Konrads et al., 2016",HT,pivot_shift_1,"Konrads et al., 2016, HT",dichotomous,,,,,,,,,excluded,29.80,6.33,23,8,120.00,10.00
46,"Laoruengthana et al., 2009",BPTB,pivot_shift_1,"Laoruengthana et al., 2009, BPTB",dichotomous,15,2.00,0.75,,,,,,included,29.93,8.91,,,19.00,1.60
46,"Laoruengthana et al., 2009",HT,pivot_shift_1,"Laoruengthana et al., 2009, HT",dichotomous,13,2.00,0.82,,,,,,included,28.65,9.27,,,19.00,1.60
47,"Lawhorn et al., 2012",HT,pivot_shift_1,"Lawhorn et al., 2012, HT",dichotomous,44,6.00,1.07,,,,,,included,32.00,8.43,32,22,24.00,2.00
47,"Lawhorn et al., 2012",TA,pivot_shift_1,"Lawhorn et al., 2012, TA",dichotomous,48,4.00,0.75,,,,,,included,33.00,8.31,38,10,24.00,2.00
51,"Li et al., 2015",HT,pivot_shift_1,"Li et al., 2015, HT",dichotomous,32,4.00,0.91,,,,,,included,29.80,7.90,17,15,69.60,5.80
51,"Li et al., 2015",TA,pivot_shift_1,"Li et al., 2015, TA",dichotomous,32,9.00,2.34,,,,,,included,30.50,6.10,15,17,73.20,6.10
53,"Lind et al., 2020",HT,pivot_shift_1,"Lind et al., 2020, HT",dichotomous,49,11.00,2.12,,,,,,included,27.10,6.10,25,24,24.00,2.00
53,"Lind et al., 2020",QT,pivot_shift_1,"Lind et al., 2020, QT",dichotomous,47,8.00,1.49,,,,,,included,27.20,6.20,29,21,24.00,2.00
54,"Lucidi et al., 2025",BPTB,pivot_shift_1,"Lucidi et al., 2025, BPTB",dichotomous,19,7.00,2.72,,,,,,included,52.80,7.30,,,240.00,20.00
54,"Lucidi et al., 2025",HT,pivot_shift_1,"Lucidi et al., 2025, HT",dichotomous,20,5.00,1.64,,,,,,included,54.50,7.50,,,240.00,20.00
56,"Lund et al., 2014",BPTB,pivot_shift_1,"Lund et al., 2014, BPTB",dichotomous,18,3.00,0.99,,,,,,included,31.00,8.00,15,3,24.00,2.00
56,"Lund et al., 2014",QT,pivot_shift_1,"Lund et al., 2014, QT",dichotomous,21,8.00,3.00,,,,,,included,30.00,9.00,17,4,24.00,2.00
58,"Malik et al., 2026",HT,pivot_shift_1,"Malik et al., 2026, HT",dichotomous,25,4.00,1.07,,,,,,included,28.12,5.21,18,7,6.00,0.50
58,"Malik et al., 2026",PLT,pivot_shift_1,"Malik et al., 2026, PLT",dichotomous,25,3.00,0.80,,,,,,included,27.84,4.92,17,8,6.00,0.50
67,"Mohtadi & Chan, 2019",BPTB,pivot_shift_1,"Mohtadi & Chan, 2019, BPTB",dichotomous,,,,,,,,,excluded,,,,,,
67,"Mohtadi & Chan, 2019",HT,pivot_shift_1,"Mohtadi & Chan, 2019, HT",dichotomous,,,,,,,,,excluded,,,,,,
70,"Noh et al., 2011",HT,pivot_shift_1,"Noh et al., 2011, HT",dichotomous,33,6.00,1.38,,,,,,included,25.81,7.46,30,3,28.10,2.30
70,"Noh et al., 2011",AT,pivot_shift_1,"Noh et al., 2011, AT",dichotomous,32,11.00,1.41,,,,,,included,25.55,8.47,26,6,31.60,2.60
76,"Pinczewski et al., 2007",BPTB,pivot_shift_1,"Pinczewski et al., 2007, BPTB",dichotomous,53,5.00,0.83,,,,,,included,25.00,5.49,48,42,120.00,10.00
76,"Pinczewski et al., 2007",HT,pivot_shift_1,"Pinczewski et al., 2007, HT",dichotomous,58,8.00,1.30,,,,,,included,24.00,7.92,47,43,120.00,10.00
77,"Popovic et al., 2024",BPTB,pivot_shift_1,"Popovic et al., 2024, BPTB",dichotomous,38,1.00,0.62,,,,,,included,27.00,6.82,`,,228.00,19.00
77,"Popovic et al., 2024",HT,pivot_shift_1,"Popovic et al., 2024, HT",dichotomous,33,3.00,0.09,,,,,,included,27.00,6.30,,,228.00,19.00
82,"Sajovic et al., 2018",BPTB,pivot_shift_1,"Sajovic et al., 2018, BPTB",dichotomous,24,5.00,1.77,,,,,,included,45.50,8.70,15,9,204.00,17.00
82,"Sajovic et al., 2018",HT,pivot_shift_1,"Sajovic et al., 2018, HT",dichotomous,24,6.00,1.42,,,,,,included,42.50,7.50,13,11,204.00,17.00
96,"Wipfler et al., 2011",BPTB,pivot_shift_1,"Wipfler et al., 2011, BPTB",dichotomous,29,,0.09,,,,,,excluded,29.87,7.30,19,12,108.00,9.00
96,"Wipfler et al., 2011",HT,pivot_shift_1,"Wipfler et al., 2011, HT",dichotomous,25,,0.10,,,,,,excluded,34.23,9.25,18,13,108.00,9.00
97,"Yadav et al., 2025",HT,pivot_shift_1,"Yadav et al., 2025, HT",dichotomous,36,5.00,1.07,,,,,,included,30.06,8.87,32,4,12.00,1.00
97,"Yadav et al., 2025",QT,pivot_shift_1,"Yadav et al., 2025, QT",dichotomous,33,0.00,0.09,,,,,,included,28.73,8.80,30,3,12.00,1.00
98,"Yoo et al., 2017",HT,pivot_shift_1,"Yoo et al., 2017, HT",dichotomous,68,26.00,0.31,,,,,,included,30.00,9.96,61,7,32.80,2.70
98,"Yoo et al., 2017",TA,pivot_shift_1,"Yoo et al., 2017, TA",dichotomous,64,33.00,0.46,,,,,,included,24.00,8.35,59,5,34.50,2.90
1,"Ageberg et al., 2009",BPTB,tegner,"Ageberg et al., 2009, BPTB",continuous,16,4.17,1.41,2,,4,,7,included,32.00,5.00,15,5,36.00,3.00
1,"Ageberg et al., 2009",HT,tegner,"Ageberg et al., 2009, HT",continuous,20,3.15,1.34,1,,3,,6,included,28.00,4.40,12,4,36.00,3.00
3,"Ahldén et al., 2009",BPTB,tegner,"Ahldén et al., 2009, BPTB",continuous,25,4.87,2.29,0,,5,,9,included,27.41,8.90,14,8,90.27,7.50
3,"Ahldén et al., 2009",HT,tegner,"Ahldén et al., 2009, HT",continuous,22,4.86,1.31,2,,5,,7,included,28.60,6.36,18,7,86.79,7.20
9,"Barenius et al., 2010",BPTB,tegner,"Barenius et al., 2010, BPTB",continuous,78,5.80,1.87,0,,6,,9,included,33.00,6.30,38,40,96.00,8.00
9,"Barenius et al., 2010",HT,tegner,"Barenius et al., 2010, HT",continuous,75,4.07,1.88,0,,4,,9,included,35.00,7.50,51,24,96.00,8.00
10,"Barié et al., 2020",BPTB,tegner,"Barié et al., 2020, BPTB",continuous,43,6.10,1.14,4,,6,,9,included,30.60,7.50,17,13,122.40,10.20
10,"Barié et al., 2020",QT,tegner,"Barié et al., 2020, QT",continuous,43,6.10,1.14,4,,6,,9,included,30.50,7.80,17,13,123.60,10.30
11,"Beynnon et al., 2002",BPTB,tegner,"Beynnon et al., 2002, BPTB",continuous,,,,,,,,,excluded,28.50,6.96,18,10,36.00,3.00
11,"Beynnon et al., 2002",HT,tegner,"Beynnon et al., 2002, HT",continuous,,,,,,,,,excluded,29.90,5.72,13,15,36.00,3.00
13,"Björnsson et al., 2016",BPTB,tegner,"Björnsson et al., 2016, BPTB",continuous,61,4.10,1.70,,,,,,included,28.20,9.10,42,19,202.60,16.90
13,"Björnsson et al., 2016",HT,tegner,"Björnsson et al., 2016, HT",continuous,86,4.00,1.70,,,,,,included,26.80,7.60,53,33,191.90,16.00
14,"Bottoni et al., 2015",HT,tegner,"Bottoni et al., 2015, HT",continuous,44,5.10,2.20,,,,,,included,28.90,5.80,41,7,120.00,10.00
14,"Bottoni et al., 2015",TA,tegner,"Bottoni et al., 2015, TA",continuous,36,5.10,2.00,,,,,,included,29.20,5.50,43,6,120.00,10.00
23,"Ejerhed et al., 2003",BPTB,tegner,"Ejerhed et al., 2003, BPTB",continuous,32,5.77,1.94,1,,6,,9,included,27.26,8.47,21,11,24.00,2.00
23,"Ejerhed et al., 2003",HT,tegner,"Ejerhed et al., 2003, HT",continuous,34,6.39,1.43,3,,6.5,,9,included,30.77,10.52,25,9,24.00,2.00
30,"Gifstad et al., 2013",BPTB,tegner,"Gifstad et al., 2013, BPTB",continuous,,,,,,,,,excluded,27.00,6.74,,,84.00,7.00
30,"Gifstad et al., 2013",HT,tegner,"Gifstad et al., 2013, HT",continuous,,,,,,,,,excluded,27.00,6.78,,,84.00,7.00
31,"Gobbi & Francisco, 2006",BPTB,tegner,"Gobbi & Francisco, 2006, BPTB",continuous,,,,,,,,,excluded,,,,,,
31,"Gobbi & Francisco, 2006",HT,tegner,"Gobbi & Francisco, 2006, HT",continuous,,,,,,,,,excluded,,,,,,
33,"Harilainen et al., 2006",BPTB,tegner,"Harilainen et al., 2006, BPTB",continuous,37,5.89,2.12,1,,6,,10,included,,,,,60.60,5.10
33,"Harilainen et al., 2006",HT,tegner,"Harilainen et al., 2006, HT",continuous,37,6.00,1.41,3,,6,,9,included,,,,,60.60,5.10
34,"Heijne & Werner, 2010",BPTB,tegner,"Heijne & Werner, 2010, BPTB",continuous,30,6.64,2.21,1,,7,,10,included,29.00,7.00,22,12,24.70,2.10
34,"Heijne & Werner, 2010",HT,tegner,"Heijne & Werner, 2010, HT",continuous,29,5.00,1.48,2,,5,,8,included,30.00,9.00,14,20,24.70,2.10
41,"Jansson et al., 2003",BPTB,tegner,"Jansson et al., 2003, BPTB",continuous,43,5.98,1.60,2,,6.1,,9,included,,,,,24.00,2.00
41,"Jansson et al., 2003",HT,tegner,"Jansson et al., 2003, HT",continuous,46,5.82,2.26,0,,6,,10,included,,,,,24.00,2.00
45,"Konrads et al., 2016",BPTB,tegner,"Konrads et al., 2016, BPTB",continuous,24,5.90,1.28,4,,,,9,included,29.80,6.33,22,9,120.00,10.00
45,"Konrads et al., 2016",HT,tegner,"Konrads et al., 2016, HT",continuous,23,5.10,1.04,3,,,,7,included,29.80,6.33,23,8,120.00,10.00
49,"Laxdal et al., 2005",BPTB,tegner,"Laxdal et al., 2005, BPTB",continuous,40,6.00,1.86,2,,,,10,included,28.00,8.35,,,26.00,2.20
49,"Laxdal et al., 2005",HT,tegner,"Laxdal et al., 2005, HT",continuous,78,4.00,1.64,,,,,,included,25.00,5.60,,,26.00,2.20
51,"Li et al., 2015",HT,tegner,"Li et al., 2015, HT",continuous,32,7.30,1.30,,,,,,included,29.80,7.90,17,15,69.60,5.80
51,"Li et al., 2015",TA,tegner,"Li et al., 2015, TA",continuous,32,7.00,2.10,,,,,,included,30.50,6.10,15,17,73.20,6.10
52,"Lidén et al., 2007",BPTB,tegner,"Lidén et al., 2007, BPTB",continuous,30,5.00,1.72,0,,,,7,included,28.00,8.37,23,11,87.11,7.30
52,"Lidén et al., 2007",HT,tegner,"Lidén et al., 2007, HT",continuous,32,6.00,1.69,2,,,,9,included,29.00,10.35,26,11,87.05,7.30
53,"Lind et al., 2020",HT,tegner,"Lind et al., 2020, HT",continuous,49,5.90,1.30,,,,,,included,27.10,6.10,25,24,24.00,2.00
53,"Lind et al., 2020",QT,tegner,"Lind et al., 2020, QT",continuous,47,6.00,1.50,,,,,,included,27.20,6.20,29,21,24.00,2.00
54,"Lucidi et al., 2025",BPTB,tegner,"Lucidi et al., 2025, BPTB",continuous,19,3.00,1.08,1,,,,5,included,52.80,7.30,,,240.00,20.00
54,"Lucidi et al., 2025",HT,tegner,"Lucidi et al., 2025, HT",continuous,20,4.00,0.80,3,,,,6,included,54.50,7.50,,,240.00,20.00
57,"Maletis et al., 2007",BPTB,tegner,"Maletis et al., 2007, BPTB",continuous,,,,,,,,,excluded,,,,,,
57,"Maletis et al., 2007",HT,tegner,"Maletis et al., 2007, HT",continuous,,,,,,,,,excluded,,,,,,
58,"Malik et al., 2026",HT,tegner,"Malik et al., 2026, HT",continuous,25,5.10,1.00,,,,,,included,28.12,5.21,18,7,6.00,0.50
58,"Malik et al., 2026",PLT,tegner,"Malik et al., 2026, PLT",continuous,25,5.60,0.90,,,,,,included,27.84,4.92,17,8,6.00,0.50
68,"Moraiti et al., 2010",BPTB,tegner,"Moraiti et al., 2010, BPTB",continuous,,,,,,,,,excluded,23.00,2.00,6,0,21.00,1.80
68,"Moraiti et al., 2010",HT,tegner,"Moraiti et al., 2010, HT",continuous,,,,,,,,,excluded,24.00,3.00,6,0,25.00,2.10
70,"Noh et al., 2011",HT,tegner,"Noh et al., 2011, HT",continuous,33,6.00,0.96,5,,,,9,included,25.81,7.46,30,3,28.10,2.30
70,"Noh et al., 2011",AT,tegner,"Noh et al., 2011, AT",continuous,32,6.00,1.21,4,,,,9,included,25.55,8.47,26,6,31.60,2.60
77,"Popovic et al., 2024",BPTB,tegner,"Popovic et al., 2024, BPTB",continuous,38,4.00,1.64,0,,,,7,included,27.00,6.82,`,,228.00,19.00
77,"Popovic et al., 2024",HT,tegner,"Popovic et al., 2024, HT",continuous,33,5.00,2.16,0,,,,9,included,27.00,6.30,,,228.00,19.00
87,"Sonnery-cottet et al., 2026",BPTB,tegner,"Sonnery-cottet et al., 2026, BPTB",continuous,296,6.60,1.60,,,,,,included,24.80,4.40,214,69,61.50,5.10
87,"Sonnery-cottet et al., 2026",HT,tegner,"Sonnery-cottet et al., 2026, HT",continuous,297,6.70,1.70,,,,,,included,25.20,4.60,233,40,63.90,5.30
90,"Taylor et al., 2009",BPTB,tegner,"Taylor et al., 2009, BPTB",continuous,20,6.80,3.27,,,,,,included,21.70,4.60,25,7,32.40,2.70
90,"Taylor et al., 2009",HT,tegner,"Taylor et al., 2009, HT",continuous,24,5.30,3.58,,,,,,included,22.10,6.53,28,4,38.40,3.20
93,"Vilchez-cavazos et al., 2020",BPTB,tegner,"Vilchez-cavazos et al., 2020, BPTB",continuous,,,,,,,,,excluded,,,,,,
93,"Vilchez-cavazos et al., 2020",QT,tegner,"Vilchez-cavazos et al., 2020, QT",continuous,,,,,,,,,excluded,24.46,9.06,11,3,12.00,1.00
96,"Wipfler et al., 2011",BPTB,tegner,"Wipfler et al., 2011, BPTB",continuous,29,6.20,0.35,,,,,,included,29.87,7.30,19,12,108.00,9.00
96,"Wipfler et al., 2011",HT,tegner,"Wipfler et al., 2011, HT",continuous,25,6.14,0.37,,,,,,included,34.23,9.25,18,13,108.00,9.00
98,"Yoo et al., 2017",HT,tegner,"Yoo et al., 2017, HT",continuous,68,5.00,1.48,2,,,,9,included,30.00,9.96,61,7,32.80,2.70
98,"Yoo et al., 2017",TA,tegner,"Yoo et al., 2017, TA",continuous,64,5.00,1.07,3,,,,8,included,24.00,8.35,59,5,34.50,2.90
2,"Aglietti et al., 2004",BPTB,lachman_2,"Aglietti et al., 2004, BPTB",dichotomous,60,0.00,0.06,,,,,,included,25.00,4.97,46,14,24.00,2.00
2,"Aglietti et al., 2004",HT,lachman_2,"Aglietti et al., 2004, HT",dichotomous,60,0.00,0.06,,,,,,included,25.00,5.19,46,14,24.00,2.00
9,"Barenius et al., 2010",BPTB,lachman_2,"Barenius et al., 2010, BPTB",dichotomous,,,,,,,,,excluded,33.00,6.30,38,40,96.00,8.00
9,"Barenius et al., 2010",HT,lachman_2,"Barenius et al., 2010, HT",dichotomous,,,,,,,,,excluded,35.00,7.50,51,24,96.00,8.00
11,"Beynnon et al., 2002",BPTB,lachman_2,"Beynnon et al., 2002, BPTB",dichotomous,22,13.00,0.59,,,,,,included,28.50,6.96,18,10,36.00,3.00
11,"Beynnon et al., 2002",HT,lachman_2,"Beynnon et al., 2002, HT",dichotomous,22,7.00,7.04,,,,,,included,29.90,5.72,13,15,36.00,3.00
13,"Björnsson et al., 2016",BPTB,lachman_2,"Björnsson et al., 2016, BPTB",dichotomous,61,7.00,1.09,,,,,,included,28.20,9.10,42,19,202.60,16.90
13,"Björnsson et al., 2016",HT,lachman_2,"Björnsson et al., 2016, HT",dichotomous,86,21.00,2.88,,,,,,included,26.80,7.60,53,33,191.90,16.00
18,"Butt et al., 2024",HT,lachman_2,"Butt et al., 2024, HT",dichotomous,,,,,,,,,excluded,29.17,5.03,29,1,60.00,5.00
18,"Butt et al., 2024",PLT,lachman_2,"Butt et al., 2024, PLT",dichotomous,,,,,,,,,excluded,27.73,4.14,30,0,60.00,5.00
23,"Ejerhed et al., 2003",BPTB,lachman_2,"Ejerhed et al., 2003, BPTB",dichotomous,32,2.00,5.16,,,,,,included,27.26,8.47,21,11,24.00,2.00
23,"Ejerhed et al., 2003",HT,lachman_2,"Ejerhed et al., 2003, HT",dichotomous,34,0.00,4.23,,,,,,included,30.77,10.52,25,9,24.00,2.00
26,"Feller & Webster, 2003",BPTB,lachman_2,"Feller & Webster, 2003, BPTB",dichotomous,27,0.00,0.30,,,,,,included,25.80,6.00,23,8,36.00,3.00
26,"Feller & Webster, 2003",HT,lachman_2,"Feller & Webster, 2003, HT",dichotomous,21,0.00,0.11,,,,,,included,26.30,6.00,24,10,36.00,3.00
30,"Gifstad et al., 2013",BPTB,lachman_2,"Gifstad et al., 2013, BPTB",dichotomous,41,1.00,0.24,,,,,,included,27.00,6.74,,,84.00,7.00
30,"Gifstad et al., 2013",HT,lachman_2,"Gifstad et al., 2013, HT",dichotomous,36,1.00,0.26,,,,,,included,27.00,6.78,,,84.00,7.00
32,"Guglielmetti et al., 2021",BPTB,lachman_2,"Guglielmetti et al., 2021, BPTB",dichotomous,31,2.00,0.48,,,,,,included,25.20,5.48,23,8,24.00,2.00
32,"Guglielmetti et al., 2021",HT,lachman_2,"Guglielmetti et al., 2021, HT",dichotomous,31,3.00,0.70,,,,,,included,24.64,5.33,19,12,24.00,2.00
33,"Harilainen et al., 2006",BPTB,lachman_2,"Harilainen et al., 2006, BPTB",dichotomous,37,0.00,0.08,,,,,,included,,,,,60.60,5.10
33,"Harilainen et al., 2006",HT,lachman_2,"Harilainen et al., 2006, HT",dichotomous,37,1.00,0.25,,,,,,included,,,,,60.60,5.10
37,"Ibrahim et al., 2005",BPTB,lachman_2,"Ibrahim et al., 2005, BPTB",dichotomous,40,0.00,0.99,,,,,,included,22.30,3.94,40,0,81.00,6.80
37,"Ibrahim et al., 2005",HT,lachman_2,"Ibrahim et al., 2005, HT",dichotomous,46,0.00,1.30,,,,,,included,22.30,3.84,46,0,81.00,6.80
38,"Iliopoulos et al., 2017",BPTB,lachman_2,"Iliopoulos et al., 2017, BPTB",dichotomous,,,,,,,,,excluded,24.80,5.00,10,0,9.00,0.80
38,"Iliopoulos et al., 2017",HT,lachman_2,"Iliopoulos et al., 2017, HT",dichotomous,,,,,,,,,excluded,26.70,7.20,10,0,9.00,0.80
41,"Jansson et al., 2003",BPTB,lachman_2,"Jansson et al., 2003, BPTB",dichotomous,43,0.00,1.59,,,,,,included,,,,,24.00,2.00
41,"Jansson et al., 2003",HT,lachman_2,"Jansson et al., 2003, HT",dichotomous,46,0.00,1.52,,,,,,included,,,,,24.00,2.00
45,"Konrads et al., 2016",BPTB,lachman_2,"Konrads et al., 2016, BPTB",dichotomous,24,0.00,2.60,,,,,,included,29.80,6.33,22,9,120.00,10.00
45,"Konrads et al., 2016",HT,lachman_2,"Konrads et al., 2016, HT",dichotomous,23,2.00,4.60,,,,,,included,29.80,6.33,23,8,120.00,10.00
50,"Leitgeb et al., 2014",BPTB,lachman_2,"Leitgeb et al., 2014, BPTB",dichotomous,,,,,,,,,excluded,,,,,,
50,"Leitgeb et al., 2014",HT,lachman_2,"Leitgeb et al., 2014, HT",dichotomous,,,,,,,,,excluded,,,,,,
51,"Li et al., 2015",HT,lachman_2,"Li et al., 2015, HT",dichotomous,32,2.00,1.41,,,,,,included,29.80,7.90,17,15,69.60,5.80
51,"Li et al., 2015",TA,lachman_2,"Li et al., 2015, TA",dichotomous,32,4.00,4.02,,,,,,included,30.50,6.10,15,17,73.20,6.10
52,"Lidén et al., 2007",BPTB,lachman_2,"Lidén et al., 2007, BPTB",dichotomous,30,1.00,15.41,,,,,,included,28.00,8.37,23,11,87.11,7.30
52,"Lidén et al., 2007",HT,lachman_2,"Lidén et al., 2007, HT",dichotomous,32,2.00,20.61,,,,,,included,29.00,10.35,26,11,87.05,7.30
55,"Lui et al., 2012",BPTB,lachman_2,"Lui et al., 2012, BPTB",dichotomous,14,0.00,1.68,,,,,,included,26.50,5.00,14,0,12.00,1.00
55,"Lui et al., 2012",HT,lachman_2,"Lui et al., 2012, HT",dichotomous,17,0.00,1.03,,,,,,included,24.63,4.60,38,0,12.00,1.00
58,"Malik et al., 2026",HT,lachman_2,"Malik et al., 2026, HT",dichotomous,25,3.00,0.80,,,,,,included,28.12,5.21,18,7,6.00,0.50
58,"Malik et al., 2026",PLT,lachman_2,"Malik et al., 2026, PLT",dichotomous,25,2.00,0.54,,,,,,included,27.84,4.92,17,8,6.00,0.50
66,"Mohtadi et al., 2016",BPTB,lachman_2,"Mohtadi et al., 2016, BPTB",dichotomous,,,,,,,,,excluded,28.70,9.90,63,47,24.00,2.00
66,"Mohtadi et al., 2016",HT,lachman_2,"Mohtadi et al., 2016, HT",dichotomous,,,,,,,,,excluded,28.40,9.83,120,100,24.00,2.00
67,"Mohtadi & Chan, 2019",BPTB,lachman_2,"Mohtadi & Chan, 2019, BPTB",dichotomous,,,,,,,,,excluded,,,,,,
67,"Mohtadi & Chan, 2019",HT,lachman_2,"Mohtadi & Chan, 2019, HT",dichotomous,,,,,,,,,excluded,,,,,,
68,"Moraiti et al., 2010",BPTB,lachman_2,"Moraiti et al., 2010, BPTB",dichotomous,,,,,,,,,excluded,23.00,2.00,6,0,21.00,1.80
68,"Moraiti et al., 2010",HT,lachman_2,"Moraiti et al., 2010, HT",dichotomous,,,,,,,,,excluded,24.00,3.00,6,0,25.00,2.10
70,"Noh et al., 2011",HT,lachman_2,"Noh et al., 2011, HT",dichotomous,33,1.00,1.38,,,,,,included,25.81,7.46,30,3,28.10,2.30
70,"Noh et al., 2011",AT,lachman_2,"Noh et al., 2011, AT",dichotomous,32,3.00,3.10,,,,,,included,25.55,8.47,26,6,31.60,2.60
76,"Pinczewski et al., 2007",BPTB,lachman_2,"Pinczewski et al., 2007, BPTB",dichotomous,53,0.00,1.78,,,,,,included,25.00,5.49,48,42,120.00,10.00
76,"Pinczewski et al., 2007",HT,lachman_2,"Pinczewski et al., 2007, HT",dichotomous,58,1.00,2.07,,,,,,included,24.00,7.92,47,43,120.00,10.00
77,"Popovic et al., 2024",BPTB,lachman_2,"Popovic et al., 2024, BPTB",dichotomous,38,9.00,0.08,,,,,,included,27.00,6.82,`,,228.00,19.00
77,"Popovic et al., 2024",HT,lachman_2,"Popovic et al., 2024, HT",dichotomous,33,5.00,0.09,,,,,,included,27.00,6.30,,,228.00,19.00
82,"Sajovic et al., 2018",BPTB,lachman_2,"Sajovic et al., 2018, BPTB",dichotomous,24,0.00,1.42,,,,,,included,45.50,8.70,15,9,204.00,17.00
82,"Sajovic et al., 2018",HT,lachman_2,"Sajovic et al., 2018, HT",dichotomous,24,0.00,1.42,,,,,,included,42.50,7.50,13,11,204.00,17.00
96,"Wipfler et al., 2011",BPTB,lachman_2,"Wipfler et al., 2011, BPTB",dichotomous,29,,0.09,,,,,,excluded,29.87,7.30,19,12,108.00,9.00
96,"Wipfler et al., 2011",HT,lachman_2,"Wipfler et al., 2011, HT",dichotomous,25,,0.10,,,,,,excluded,34.23,9.25,18,13,108.00,9.00
98,"Yoo et al., 2017",HT,lachman_2,"Yoo et al., 2017, HT",dichotomous,68,4.00,0.58,,,,,,included,30.00,9.96,61,7,32.80,2.70
98,"Yoo et al., 2017",TA,lachman_2,"Yoo et al., 2017, TA",dichotomous,64,6.00,0.90,,,,,,included,24.00,8.35,59,5,34.50,2.90
2,"Aglietti et al., 2004",BPTB,pivot_shift_2,"Aglietti et al., 2004, BPTB",dichotomous,60,0.00,0.07,,,,,,included,25.00,4.97,46,14,24.00,2.00
2,"Aglietti et al., 2004",HT,pivot_shift_2,"Aglietti et al., 2004, HT",dichotomous,60,0.00,0.07,,,,,,included,25.00,5.19,46,14,24.00,2.00
5,"Anderson et al., 2001",BPTB,pivot_shift_2,"Anderson et al., 2001, BPTB",dichotomous,35,15.00,1.59,,,,,,included,23.60,7.13,23,12,34.60,2.90
5,"Anderson et al., 2001",HT,pivot_shift_2,"Anderson et al., 2001, HT",dichotomous,33,27.00,1.95,,,,,,included,21.02,5.81,45,23,35.80,3.00
9,"Barenius et al., 2010",BPTB,pivot_shift_2,"Barenius et al., 2010, BPTB",dichotomous,,,,,,,,,excluded,33.00,6.30,38,40,96.00,8.00
9,"Barenius et al., 2010",HT,pivot_shift_2,"Barenius et al., 2010, HT",dichotomous,,,,,,,,,excluded,35.00,7.50,51,24,96.00,8.00
11,"Beynnon et al., 2002",BPTB,pivot_shift_2,"Beynnon et al., 2002, BPTB",dichotomous,22,6.00,0.11,,,,,,included,28.50,6.96,18,10,36.00,3.00
11,"Beynnon et al., 2002",HT,pivot_shift_2,"Beynnon et al., 2002, HT",dichotomous,22,1.00,1.91,,,,,,included,29.90,5.72,13,15,36.00,3.00
12,"Bi et al., 2018",HT,pivot_shift_2,"Bi et al., 2018, HT",dichotomous,62,1.00,0.06,,,,,,included,27.90,6.70,31,31,30.30,2.50
12,"Bi et al., 2018",PLT,pivot_shift_2,"Bi et al., 2018, PLT",dichotomous,62,0.00,0.06,,,,,,included,29.10,6.50,34,28,29.70,2.50
13,"Björnsson et al., 2016",BPTB,pivot_shift_2,"Björnsson et al., 2016, BPTB",dichotomous,61,12.00,1.99,,,,,,included,28.20,9.10,42,19,202.60,16.90
13,"Björnsson et al., 2016",HT,pivot_shift_2,"Björnsson et al., 2016, HT",dichotomous,86,13.00,1.72,,,,,,included,26.80,7.60,53,33,191.90,16.00
18,"Butt et al., 2024",HT,pivot_shift_2,"Butt et al., 2024, HT",dichotomous,,,,,,,,,excluded,29.17,5.03,29,1,60.00,5.00
18,"Butt et al., 2024",PLT,pivot_shift_2,"Butt et al., 2024, PLT",dichotomous,,,,,,,,,excluded,27.73,4.14,30,0,60.00,5.00
25,"Eriksson et al., 2001",BPTB,pivot_shift_2,"Eriksson et al., 2001, BPTB",dichotomous,42,0.00,0.41,,,,,,included,27.00,6.00,,,6.70,0.60
25,"Eriksson et al., 2001",HT,pivot_shift_2,"Eriksson et al., 2001, HT",dichotomous,47,0.00,1.71,,,,,,included,27.00,6.00,,,6.70,0.60
26,"Feller & Webster, 2003",BPTB,pivot_shift_2,"Feller & Webster, 2003, BPTB",dichotomous,27,0.00,0.10,,,,,,included,25.80,6.00,23,8,36.00,3.00
26,"Feller & Webster, 2003",HT,pivot_shift_2,"Feller & Webster, 2003, HT",dichotomous,21,0.00,1.58,,,,,,included,26.30,6.00,24,10,36.00,3.00
32,"Guglielmetti et al., 2021",BPTB,pivot_shift_2,"Guglielmetti et al., 2021, BPTB",dichotomous,31,2.00,0.48,,,,,,included,25.20,5.48,23,8,24.00,2.00
32,"Guglielmetti et al., 2021",HT,pivot_shift_2,"Guglielmetti et al., 2021, HT",dichotomous,31,1.00,0.70,,,,,,included,24.64,5.33,19,12,24.00,2.00
33,"Harilainen et al., 2006",BPTB,pivot_shift_2,"Harilainen et al., 2006, BPTB",dichotomous,37,0.00,0.08,,,,,,included,,,,,60.60,5.10
33,"Harilainen et al., 2006",HT,pivot_shift_2,"Harilainen et al., 2006, HT",dichotomous,37,1.00,0.25,,,,,,included,,,,,60.60,5.10
34,"Heijne & Werner, 2010",BPTB,pivot_shift_2,"Heijne & Werner, 2010, BPTB",dichotomous,30,3.00,0.71,,,,,,included,29.00,7.00,22,12,24.70,2.10
34,"Heijne & Werner, 2010",HT,pivot_shift_2,"Heijne & Werner, 2010, HT",dichotomous,29,8.00,2.18,,,,,,included,30.00,9.00,14,20,24.70,2.10
36,"Horstmann et al., 2022",HT,pivot_shift_2,"Horstmann et al., 2022, HT",dichotomous,26,0.00,0.10,,,,,,included,32.70,11.40,12,15,24.00,2.00
36,"Horstmann et al., 2022",QT,pivot_shift_2,"Horstmann et al., 2022, QT",dichotomous,23,0.00,0.10,,,,,,included,24.10,3.60,21,3,24.00,2.00
37,"Ibrahim et al., 2005",BPTB,pivot_shift_2,"Ibrahim et al., 2005, BPTB",dichotomous,40,0.00,0.99,,,,,,included,22.30,3.94,40,0,81.00,6.80
37,"Ibrahim et al., 2005",HT,pivot_shift_2,"Ibrahim et al., 2005, HT",dichotomous,45,0.00,1.54,,,,,,included,22.30,3.84,46,0,81.00,6.80
38,"Iliopoulos et al., 2017",BPTB,pivot_shift_2,"Iliopoulos et al., 2017, BPTB",dichotomous,,,,,,,,,excluded,24.80,5.00,10,0,9.00,0.80
38,"Iliopoulos et al., 2017",HT,pivot_shift_2,"Iliopoulos et al., 2017, HT",dichotomous,,,,,,,,,excluded,26.70,7.20,10,0,9.00,0.80
41,"Jansson et al., 2003",BPTB,pivot_shift_2,"Jansson et al., 2003, BPTB",dichotomous,43,0.00,0.57,,,,,,included,,,,,24.00,2.00
41,"Jansson et al., 2003",HT,pivot_shift_2,"Jansson et al., 2003, HT",dichotomous,46,0.00,0.55,,,,,,included,,,,,24.00,2.00
45,"Konrads et al., 2016",BPTB,pivot_shift_2,"Konrads et al., 2016, BPTB",dichotomous,,,,,,,,,excluded,29.80,6.33,22,9,120.00,10.00
45,"Konrads et al., 2016",HT,pivot_shift_2,"Konrads et al., 2016, HT",dichotomous,,,,,,,,,excluded,29.80,6.33,23,8,120.00,10.00
46,"Laoruengthana et al., 2009",BPTB,pivot_shift_2,"Laoruengthana et al., 2009, BPTB",dichotomous,15,0.00,0.75,,,,,,included,29.93,8.91,,,19.00,1.60
46,"Laoruengthana et al., 2009",HT,pivot_shift_2,"Laoruengthana et al., 2009, HT",dichotomous,13,0.00,0.82,,,,,,included,28.65,9.27,,,19.00,1.60
47,"Lawhorn et al., 2012",HT,pivot_shift_2,"Lawhorn et al., 2012, HT",dichotomous,44,1.00,1.07,,,,,,included,32.00,8.43,32,22,24.00,2.00
47,"Lawhorn et al., 2012",TA,pivot_shift_2,"Lawhorn et al., 2012, TA",dichotomous,48,0.00,0.75,,,,,,included,33.00,8.31,38,10,24.00,2.00
51,"Li et al., 2015",HT,pivot_shift_2,"Li et al., 2015, HT",dichotomous,32,0.00,0.91,,,,,,included,29.80,7.90,17,15,69.60,5.80
51,"Li et al., 2015",TA,pivot_shift_2,"Li et al., 2015, TA",dichotomous,32,1.00,2.34,,,,,,included,30.50,6.10,15,17,73.20,6.10
53,"Lind et al., 2020",HT,pivot_shift_2,"Lind et al., 2020, HT",dichotomous,49,0.00,2.12,,,,,,included,27.10,6.10,25,24,24.00,2.00
53,"Lind et al., 2020",QT,pivot_shift_2,"Lind et al., 2020, QT",dichotomous,47,0.00,1.49,,,,,,included,27.20,6.20,29,21,24.00,2.00
54,"Lucidi et al., 2025",BPTB,pivot_shift_2,"Lucidi et al., 2025, BPTB",dichotomous,19,7.00,2.72,,,,,,included,52.80,7.30,,,240.00,20.00
54,"Lucidi et al., 2025",HT,pivot_shift_2,"Lucidi et al., 2025, HT",dichotomous,20,5.00,1.64,,,,,,included,54.50,7.50,,,240.00,20.00
56,"Lund et al., 2014",BPTB,pivot_shift_2,"Lund et al., 2014, BPTB",dichotomous,18,3.00,0.99,,,,,,included,31.00,8.00,15,3,24.00,2.00
56,"Lund et al., 2014",QT,pivot_shift_2,"Lund et al., 2014, QT",dichotomous,21,8.00,3.00,,,,,,included,30.00,9.00,17,4,24.00,2.00
58,"Malik et al., 2026",HT,pivot_shift_2,"Malik et al., 2026, HT",dichotomous,25,4.00,1.07,,,,,,included,28.12,5.21,18,7,6.00,0.50
58,"Malik et al., 2026",PLT,pivot_shift_2,"Malik et al., 2026, PLT",dichotomous,25,3.00,0.80,,,,,,included,27.84,4.92,17,8,6.00,0.50
67,"Mohtadi & Chan, 2019",BPTB,pivot_shift_2,"Mohtadi & Chan, 2019, BPTB",dichotomous,,,,,,,,,excluded,,,,,,
67,"Mohtadi & Chan, 2019",HT,pivot_shift_2,"Mohtadi & Chan, 2019, HT",dichotomous,,,,,,,,,excluded,,,,,,
70,"Noh et al., 2011",HT,pivot_shift_2,"Noh et al., 2011, HT",dichotomous,33,1.00,1.38,,,,,,included,25.81,7.46,30,3,28.10,2.30
70,"Noh et al., 2011",AT,pivot_shift_2,"Noh et al., 2011, AT",dichotomous,32,3.00,1.41,,,,,,included,25.55,8.47,26,6,31.60,2.60
76,"Pinczewski et al., 2007",BPTB,pivot_shift_2,"Pinczewski et al., 2007, BPTB",dichotomous,53,0.00,0.83,,,,,,included,25.00,5.49,48,42,120.00,10.00
76,"Pinczewski et al., 2007",HT,pivot_shift_2,"Pinczewski et al., 2007, HT",dichotomous,58,0.00,1.30,,,,,,included,24.00,7.92,47,43,120.00,10.00
77,"Popovic et al., 2024",BPTB,pivot_shift_2,"Popovic et al., 2024, BPTB",dichotomous,38,1.00,0.62,,,,,,included,27.00,6.82,`,,228.00,19.00
77,"Popovic et al., 2024",HT,pivot_shift_2,"Popovic et al., 2024, HT",dichotomous,33,3.00,0.09,,,,,,included,27.00,6.30,,,228.00,19.00
82,"Sajovic et al., 2018",BPTB,pivot_shift_2,"Sajovic et al., 2018, BPTB",dichotomous,24,0.00,1.77,,,,,,included,45.50,8.70,15,9,204.00,17.00
82,"Sajovic et al., 2018",HT,pivot_shift_2,"Sajovic et al., 2018, HT",dichotomous,24,0.00,1.42,,,,,,included,42.50,7.50,13,11,204.00,17.00
96,"Wipfler et al., 2011",BPTB,pivot_shift_2,"Wipfler et al., 2011, BPTB",dichotomous,29,,0.09,,,,,,excluded,29.87,7.30,19,12,108.00,9.00
96,"Wipfler et al., 2011",HT,pivot_shift_2,"Wipfler et al., 2011, HT",dichotomous,25,,0.10,,,,,,excluded,34.23,9.25,18,13,108.00,9.00
97,"Yadav et al., 2025",HT,pivot_shift_2,"Yadav et al., 2025, HT",dichotomous,36,1.00,1.07,,,,,,included,30.06,8.87,32,4,12.00,1.00
97,"Yadav et al., 2025",QT,pivot_shift_2,"Yadav et al., 2025, QT",dichotomous,33,0.00,0.09,,,,,,included,28.73,8.80,30,3,12.00,1.00
98,"Yoo et al., 2017",HT,pivot_shift_2,"Yoo et al., 2017, HT",dichotomous,68,2.00,0.31,,,,,,included,30.00,9.96,61,7,32.80,2.70
98,"Yoo et al., 2017",TA,pivot_shift_2,"Yoo et al., 2017, TA",dichotomous,64,3.00,0.46,,,,,,included,24.00,8.35,59,5,34.50,2.90