,Unnamed: 0,id,study,subgroup,outcome,ni,yi,age,male,female,follow_up
74,3.0,2,"Aglietti et al., 2004",BPTB,pivot_shift_2,60,0,25.0,46,14.0,24.0
75,3.0,2,"Aglietti et al., 2004",HT,pivot_shift_2,60,0,25.0,46,14.0,24.0
76,7.0,5,"Anderson et al., 2001",BPTB,pivot_shift_2,35,15,23.6,23,12.0,34.6
77,7.0,5,"Anderson et al., 2001",HT,pivot_shift_2,70,27,21.0,45,23.0,35.8
78,19.0,11,"Beynnon et al., 2002",BPTB,pivot_shift_2,22,6,28.5,18,10.0,36.0
79,19.0,11,"Beynnon et al., 2002",HT,pivot_shift_2,22,1,29.9,13,15.0,36.0
80,21.0,12,"Bi et al., 2018",HT,pivot_shift_2,62,1,27.9,31,31.0,30.3
81,21.0,12,"Bi et al., 2018",PLT,pivot_shift_2,62,0,29.1,34,28.0,29.7
82,23.0,13,"Björnsson et al., 2016",BPTB,pivot_shift_2,60,12,28.2,42,19.0,202.6
83,23.0,13,"Björnsson et al., 2016",HT,pivot_shift_2,86,13,26.8,53,33.0,191.9
84,33.0,25,"Eriksson et al., 2001",BPTB,pivot_shift_2,42,0,27.0,0,0.0,6.7
85,33.0,25,"Eriksson et al., 2001",HT,pivot_shift_2,47,0,27.0,0,0.0,6.7
86,35.0,26,"Feller & Webster, 2003",BPTB,pivot_shift_2,42,0,25.8,23,8.0,36.0
87,35.0,26,"Feller & Webster, 2003",HT,pivot_shift_2,47,0,26.3,24,10.0,36.0
88,39.0,32,"Guglielmetti et al., 2021",BPTB,pivot_shift_2,31,2,25.2,23,8.0,24.0
89,39.0,32,"Guglielmetti et al., 2021",HT,pivot_shift_2,31,1,24.6,19,12.0,24.0
90,41.0,33,"Harilainen et al., 2006",BPTB,pivot_shift_2,37,0,0.0,0,0.0,60.6
91,41.0,33,"Harilainen et al., 2006",HT,pivot_shift_2,37,1,0.0,0,0.0,60.6
92,43.0,34,"Heijne & Werner, 2010",BPTB,pivot_shift_2,30,3,29.0,22,12.0,24.7
93,43.0,34,"Heijne & Werner, 2010",HT,pivot_shift_2,29,8,30.0,14,20.0,24.7
94,47.0,36,"Horstmann et al., 2022",HT,pivot_shift_2,26,0,32.7,12,15.0,24.0
95,47.0,36,"Horstmann et al., 2022",QT,pivot_shift_2,23,0,24.1,21,3.0,24.0
96,49.0,37,"Ibrahim et al., 2005",BPTB,pivot_shift_2,40,0,22.3,40,0.0,81.0
97,49.0,37,"Ibrahim et al., 2005",HT,pivot_shift_2,45,0,22.3,46,0.0,81.0
98,53.0,41,"Jansson et al., 2003",BPTB,pivot_shift_2,43,0,0.0,0,0.0,24.0
99,53.0,41,"Jansson et al., 2003",HT,pivot_shift_2,46,0,0.0,0,0.0,24.0
100,61.0,46,"Laoruengthana et al., 2009",BPTB,pivot_shift_2,15,0,29.9,0,0.0,19.0
101,61.0,46,"Laoruengthana et al., 2009",HT,pivot_shift_2,13,0,28.7,0,0.0,19.0
102,63.0,47,"Lawhorn et al., 2012",HT,pivot_shift_2,54,1,32.0,32,22.0,24.0
103,63.0,47,"Lawhorn et al., 2012",TA,pivot_shift_2,48,0,33.0,38,10.0,24.0
104,67.0,51,"Li et al., 2015",HT,pivot_shift_2,32,0,29.8,17,15.0,69.6
105,67.0,51,"Li et al., 2015",TA,pivot_shift_2,32,1,30.5,15,17.0,73.2
106,71.0,53,"Lind et al., 2020",HT,pivot_shift_2,49,0,27.1,25,24.0,24.0
107,71.0,53,"Lind et al., 2020",QT,pivot_shift_2,47,0,27.2,29,21.0,24.0
108,81.0,58,"Malik et al., 2026",BPTB,pivot_shift_2,25,4,,,,
109,81.0,58,"Malik et al., 2026",QT,pivot_shift_2,26,3,,,,
110,91.0,70,"Noh et al., 2011",HT,pivot_shift_2,33,1,25.8,30,3.0,28.1
111,91.0,70,"Noh et al., 2011",AT,pivot_shift_2,32,3,25.6,26,6.0,31.6
112,95.0,76,"Pinczewski et al., 2007",BPTB,pivot_shift_2,53,0,25.0,48,42.0,120.0
113,95.0,76,"Pinczewski et al., 2007",HT,pivot_shift_2,58,0,24.0,47,43.0,120.0
114,97.0,77,"Popovic et al., 2024",BPTB,pivot_shift_2,38,1,27.0,`,0.0,228.0
115,97.0,77,"Popovic et al., 2024",HT,pivot_shift_2,33,3,27.0,0,0.0,228.0
116,99.0,82,"Sajovic et al., 2018",BPTB,pivot_shift_2,24,0,45.5,15,9.0,204.0
117,99.0,82,"Sajovic et al., 2018",HT,pivot_shift_2,24,0,42.5,13,11.0,204.0
118,117.0,97,"Yadav et al., 2025",HT,pivot_shift_2,36,1,30.1,32,4.0,12.0
119,117.0,97,"Yadav et al., 2025",QT,pivot_shift_2,33,0,28.7,30,3.0,12.0
120,119.0,98,"Yoo et al., 2017",HT,pivot_shift_2,68,2,30.0,61,7.0,32.8
121,119.0,98,"Yoo et al., 2017",TA,pivot_shift_2,64,3,24.0,59,5.0,34.5
