study,subgroups,outcomes
"Ageberg, 2009","patellar, hamstring",Tegner
"Aglietti, 2004","patellar, hamstring","Lachman, Pivot shift, Instrumental laxity"
"Ahldén, 2009","patellar, hamstring","Tegner, Lysholm, Lachman, Instrumental laxity"
"Akelman, 2016","patellar, hamstring",Instrumental laxity
"Anderson, 2001","patellar, hamstring","IKDC, Instrumental laxity, Pivot shift"
"Anz, 2023","patellar, hamstring",Graft rupture
"Aune, 2001","patellar, hamstring",Instrumental laxity
"Barenius, 2014","patellar, hamstring","IKDC, Lysholm, Lachman, Pivot shift, Instrumental laxity"
"Barié, 2020","patellar, quadriceps","IKDC, Lysholm, Tegner, Instrumental laxity, Graft rupture"
"Beynnon, 2002","patellar, hamstring","IKDC, Tegner, Instrumental laxity, Pivot shift, Lachman"
"Bi, 2018","hamstring, peroneus","IKDC, Instrumental laxity, Pivot shift, Graft rupture"
"Björnsson, 2016","patellar, hamstring","Instrumental laxity, IKDC, Tegner, Lysholm"
"Bottoni, 2015","hamstring, tibialis","IKDC, Tegner"
"Breker, 2025","patellar, hamstring",Instrumental laxity
"Butt, 2024","hamstring, peroneus","Lysholm, IKDC, Lachman, Pivot shift"
"Calvert, 2025","hamstring, quadriceps","IKDC, Instrumental laxity"
"Cruz, 2022","hamstring, tibialis",Graft rupture
"Ejerhed, 2003","patellar, hamstring","Tegner, Lysholm, Instrumental laxity, Lachman"
"Eriksson, 2006","patellar, hamstring","Instrumental laxity, Pivot shift"
"Feller, Webster, 2003","patellar, hamstring","IKDC, Instrumental laxity, Pivot shift, Lachman"
"Gerber, 2007","patellar, hamstring",Instrumental laxity
"Gifstad, 2013","patellar, hamstring","Tegner, Lysholm, Instrumental laxity, Lachman"
"Gobbi, Francisco, 2006","patellar, hamstring","IKDC, Tegner, Lysholm, Instrumental laxity"
"Guglielmetti, 2021","patellar, hamstring","IKDC, Lysholm, Pivot shift, Lachman"
"Harilainen, 2006","patellar, hamstring","IKDC, Tegner, Lysholm, Instrumental laxity, Pivot shift"
"Heijne, Werner, 2010","patellar, hamstring","Tegner, Instrumental laxity, Pivot shift"
"Holm, 2010","patellar, hamstring","Instrumental laxity, Tegner"
"Horstmann, 2022","hamstring, quadriceps","IKDC, Lysholm, Instrumental laxity"
"Ibrahim, 2005","patellar, hamstring","Lachman, Lysholm, Instrumental laxity, Pivot shift"
"Iliopoulos, 2017","patellar, hamstring","IKDC, Lysholm, Pivot shift, Lachman"
"Jansson, 2003","patellar, hamstring","Lachman, Pivot shift, Instrumental laxity, Lysholm, Tegner"
"Kautzner, 2015","patellar, hamstring","Lysholm, Instrumental laxity"
"Komzak, 2022","patellar, quadriceps","IKDC, Lysholm"
"Konrads, 2016","patellar, hamstring","Instrumental laxity, Pivot shift, Lachman, IKDC, Tegner, Lysholm"
"Laoruengthana, 2009","patellar, hamstring","Instrumental laxity, Pivot shift, IKDC, Lysholm"
"Lawhorn, 2012","hamstring, tibialis","IKDC, Instrumental laxity, Pivot shift"
"Laxdal, 2005","patellar, hamstring","IKDC, Tegner, Lysholm, Instrumental laxity"
"Leitgeb, 2014","patellar, hamstring","Lachman, Instrumental laxity"
"Li, 2015","hamstring, tibialis","Instrumental laxity, Pivot shift, Lachman, IKDC, Tegner, Lysholm"
"Lidén, 2007","patellar, hamstring","IKDC, Tegner, Lysholm, Instrumental laxity, Lachman"
"Lind, 2020","hamstring, quadriceps","IKDC, Tegner, Instrumental laxity, Pivot shift"
"Lucidi, 2025","patellar, hamstring","IKDC, Tegner, Lysholm, Instrumental laxity, Pivot shift, Graft rupture"
"Lui, 2012","patellar, hamstring","IKDC, Lysholm, Instrumental laxity, Lachman"
"Lund, 2014","patellar, quadriceps","Instrumental laxity, IKDC"
"Maletis, 2007","patellar, hamstring","IKDC, Tegner, Lysholm, Instrumental laxity"
"Malik, 2026","hamstring, peroneus","Instrumental laxity, Pivot shift, Lachman, IKDC, Lysholm, Tegner"
"Matsumoto, 2006","patellar, hamstring","IKDC, Instrumental laxity"
"Mohtadi, 2016B","patellar, hamstring","Instrumental laxity, Lachman, Graft rupture"
"Mohtadi, Chan, 2019","patellar, hamstring","IKDC, Pivot shift, Lachman, Instrumental laxity, Graft rupture"
"Moraiti, 2010","patellar, hamstring","IKDC, Tegner, Lysholm, Instrumental laxity, Lachman, Graft rupture"
"Noh, 2011","hamstring, Achilles","Lachman, IKDC, Tegner, Lysholm, Instrumental laxity, Pivot shift, Graft rupture"
"Oneill, 1996","patellar, hamstring","IKDC, Lysholm, Instrumental laxity"
"Papalia, 2015","patellar, hamstring","IKDC, Lysholm"
"Pinczewski, 2007","patellar, hamstring","IKDC, Lysholm, Lachman, Pivot shift, Instrumental laxity"
"Popovic, 2024","patellar, hamstring","Lysholm, Tegner, Instrumental laxity, Pivot shift, Lachman"
"Sajovic, 2018","patellar, hamstring","IKDC, Lysholm, Instrumental laxity, Pivot shift, Lachman"
"Sinding, 2020","hamstring, quadriceps",IKDC
"Smith, 2020","patellar, hamstring, quadriceps","IKDC, Instrumental laxity, Graft rupture"
"Sonnery-Cottet, 2020","patellar, hamstring","IKDC, Tegner, Lysholm, Instrumental laxity, Pivot shift, Lachman"
"Sonnery-Cottet, 2026","patellar, hamstring","IKDC, Tegner, Lysholm, Instrumental laxity, Pivot shift, Graft rupture"
"Tang, 2023","hamstring, quadriceps",IKDC
"Taylor, 2009","patellar, hamstring","IKDC, Tegner, Lysholm, Instrumental laxity, Pivot shift"
"Vilchez-Cavazos, 2020","patellar, quadriceps","IKDC, Tegner, Lysholm, Instrumental laxity"
"Webster, 2001","patellar, hamstring","IKDC, Instrumental laxity"
"Wipfler, 2011","patellar, hamstring","IKDC, Tegner, Lysholm, Instrumental laxity, Pivot shift, Lachman, Graft rupture"
"Yadav, 2025","hamstring, quadriceps","Lysholm, Instrumental laxity, Pivot shift, Lachman"
"Yoo, 2017","hamstring, tibialis","Tegner, Lysholm, Instrumental laxity, Pivot shift, Lachman"
"Zaffagnini, 2011","patellar, hamstring","IKDC, Instrumental laxity"
