,id,study,subgroup,outcome,ni,xi,sdi
0,1,ageberg_2009,hamstring,tegner,,,
1,1,ageberg_2009,patellar,instrumental laxity,,,
2,2,aglietti_2004,hamstring,lachman,,,
3,2,aglietti_2004,hamstring,pivot shift,,,
4,2,aglietti_2004,hamstring,instrumental laxity,,,
5,2,aglietti_2004,patellar,lachman,,,
6,2,aglietti_2004,patellar,pivot shift,,,
7,2,aglietti_2004,patellar,instrumental laxity,,,
8,3,ahldén_2009,hamstring,lachman,,,
9,3,ahldén_2009,hamstring,lysholm,,,
10,3,ahldén_2009,hamstring,tegner,,,
11,3,ahldén_2009,hamstring,instrumental laxity,,,
12,3,ahldén_2009,patellar,lachman,,,
13,3,ahldén_2009,patellar,lysholm,,,
14,3,ahldén_2009,patellar,tegner,,,
15,3,ahldén_2009,patellar,instrumental laxity,,,
16,4,akelman_2016,hamstring,instrumental laxity,,,
17,4,akelman_2016,patellar,ikdc,,,
18,5,anderson_2001,hamstring,instrumental laxity,,,
19,5,anderson_2001,hamstring,pivot shift,,,
20,5,anderson_2001,hamstring,ikdc,,,
21,5,anderson_2001,patellar,instrumental laxity,,,
22,5,anderson_2001,patellar,pivot shift,,,
23,5,anderson_2001,patellar,graft rupture,,,
24,6,anz_2023,hamstring,graft rupture,,,
25,6,anz_2023,patellar,instrumental laxity,,,
26,7,aune_2001,hamstring,instrumental laxity,,,
27,7,aune_2001,patellar,ikdc,,,
28,9,barenius_2014,hamstring,instrumental laxity,,,
29,9,barenius_2014,hamstring,lachman,,,
30,9,barenius_2014,hamstring,lysholm,,,
31,9,barenius_2014,hamstring,pivot shift,,,
32,9,barenius_2014,hamstring,ikdc,,,
33,9,barenius_2014,patellar,instrumental laxity,,,
34,9,barenius_2014,patellar,lachman,,,
35,9,barenius_2014,patellar,lysholm,,,
36,9,barenius_2014,patellar,pivot shift,,,
37,9,barenius_2014,patellar,graft rupture,,,
38,10,barié_2020,patellar,ikdc,,,
39,10,barié_2020,patellar,instrumental laxity,,,
40,10,barié_2020,patellar,lysholm,,,
41,10,barié_2020,patellar,tegner,,,
42,10,barié_2020,patellar,graft rupture,,,
43,10,barié_2020,quadriceps,ikdc,,,
44,10,barié_2020,quadriceps,instrumental laxity,,,
45,10,barié_2020,quadriceps,lysholm,,,
46,10,barié_2020,quadriceps,tegner,,,
47,10,barié_2020,quadriceps,ikdc,,,
48,11,beynnon_2002,hamstring,instrumental laxity,,,
49,11,beynnon_2002,hamstring,lachman,,,
50,11,beynnon_2002,hamstring,pivot shift,,,
51,11,beynnon_2002,hamstring,tegner,,,
52,11,beynnon_2002,hamstring,ikdc,,,
53,11,beynnon_2002,patellar,instrumental laxity,,,
54,11,beynnon_2002,patellar,lachman,,,
55,11,beynnon_2002,patellar,pivot shift,,,
56,11,beynnon_2002,patellar,tegner,,,
57,11,beynnon_2002,patellar,graft rupture,,,
58,12,bi_2018,hamstring,ikdc,,,
59,12,bi_2018,hamstring,instrumental laxity,,,
60,12,bi_2018,hamstring,pivot shift,,,
61,12,bi_2018,hamstring,graft rupture,,,
62,12,bi_2018,peroneus,ikdc,,,
63,12,bi_2018,peroneus,instrumental laxity,,,
64,12,bi_2018,peroneus,pivot shift,,,
65,12,bi_2018,peroneus,ikdc,,,
66,13,björnsson_2016,hamstring,instrumental laxity,,,
67,13,björnsson_2016,hamstring,lysholm,,,
68,13,björnsson_2016,hamstring,tegner,,,
69,13,björnsson_2016,hamstring,ikdc,,,
70,13,björnsson_2016,patellar,instrumental laxity,,,
71,13,björnsson_2016,patellar,lysholm,,,
72,13,björnsson_2016,patellar,tegner,,,
73,13,björnsson_2016,patellar,ikdc,,,
74,14,bottoni_2015,hamstring,tegner,,,
75,14,bottoni_2015,hamstring,ikdc,,,
76,14,bottoni_2015,tibialis,tegner,,,
77,14,bottoni_2015,tibialis,instrumental laxity,,,
78,16,breker_2025,hamstring,instrumental laxity,,,
79,16,breker_2025,patellar,ikdc,,,
80,18,butt_2024,hamstring,lachman,,,
81,18,butt_2024,hamstring,lysholm,,,
82,18,butt_2024,hamstring,pivot shift,,,
83,18,butt_2024,hamstring,ikdc,,,
84,18,butt_2024,peroneus,lachman,,,
85,18,butt_2024,peroneus,lysholm,,,
86,18,butt_2024,peroneus,pivot shift,,,
87,18,butt_2024,peroneus,ikdc,,,
88,19,calvert_2025,hamstring,instrumental laxity,,,
89,19,calvert_2025,hamstring,ikdc,,,
90,19,calvert_2025,quadriceps,instrumental laxity,,,
91,19,calvert_2025,quadriceps,graft rupture,,,
92,22,cruz_2022,hamstring,graft rupture,,,
93,22,cruz_2022,tibialis,instrumental laxity,,,
94,23,ejerhed_2003,hamstring,lachman,,,
95,23,ejerhed_2003,hamstring,lysholm,,,
96,23,ejerhed_2003,hamstring,tegner,,,
97,23,ejerhed_2003,hamstring,instrumental laxity,,,
98,23,ejerhed_2003,patellar,lachman,,,
99,23,ejerhed_2003,patellar,lysholm,,,
100,23,ejerhed_2003,patellar,tegner,,,
101,23,ejerhed_2003,patellar,instrumental laxity,,,
102,25,eriksson_2006,hamstring,pivot shift,,,
103,25,eriksson_2006,hamstring,instrumental laxity,,,
104,25,eriksson_2006,patellar,pivot shift,,,
105,25,eriksson_2006,patellar,ikdc,,,
106,26,feller_webster_2003,hamstring,instrumental laxity,,,
107,26,feller_webster_2003,hamstring,lachman,,,
108,26,feller_webster_2003,hamstring,pivot shift,,,
109,26,feller_webster_2003,hamstring,ikdc,,,
110,26,feller_webster_2003,patellar,instrumental laxity,,,
111,26,feller_webster_2003,patellar,lachman,,,
112,26,feller_webster_2003,patellar,pivot shift,,,
113,26,feller_webster_2003,patellar,instrumental laxity,,,
114,28,gerber_2007,hamstring,instrumental laxity,,,
115,28,gerber_2007,patellar,instrumental laxity,,,
116,30,gifstad_2013,hamstring,lachman,,,
117,30,gifstad_2013,hamstring,lysholm,,,
118,30,gifstad_2013,hamstring,tegner,,,
119,30,gifstad_2013,hamstring,instrumental laxity,,,
120,30,gifstad_2013,patellar,lachman,,,
121,30,gifstad_2013,patellar,lysholm,,,
122,30,gifstad_2013,patellar,tegner,,,
123,30,gifstad_2013,patellar,ikdc,,,
124,31,gobbi_francisco_2006,hamstring,instrumental laxity,,,
125,31,gobbi_francisco_2006,hamstring,lysholm,,,
126,31,gobbi_francisco_2006,hamstring,tegner,,,
127,31,gobbi_francisco_2006,hamstring,ikdc,,,
128,31,gobbi_francisco_2006,patellar,instrumental laxity,,,
129,31,gobbi_francisco_2006,patellar,lysholm,,,
130,31,gobbi_francisco_2006,patellar,tegner,,,
131,31,gobbi_francisco_2006,patellar,ikdc,,,
132,32,guglielmetti_2021,hamstring,lachman,,,
133,32,guglielmetti_2021,hamstring,lysholm,,,
134,32,guglielmetti_2021,hamstring,pivot shift,,,
135,32,guglielmetti_2021,hamstring,ikdc,,,
136,32,guglielmetti_2021,patellar,lachman,,,
137,32,guglielmetti_2021,patellar,lysholm,,,
138,32,guglielmetti_2021,patellar,pivot shift,,,
139,32,guglielmetti_2021,patellar,ikdc,,,
140,33,harilainen_2006,hamstring,instrumental laxity,,,
141,33,harilainen_2006,hamstring,lysholm,,,
142,33,harilainen_2006,hamstring,pivot shift,,,
143,33,harilainen_2006,hamstring,tegner,,,
144,33,harilainen_2006,hamstring,ikdc,,,
145,33,harilainen_2006,patellar,instrumental laxity,,,
146,33,harilainen_2006,patellar,lysholm,,,
147,33,harilainen_2006,patellar,pivot shift,,,
148,33,harilainen_2006,patellar,tegner,,,
149,33,harilainen_2006,patellar,instrumental laxity,,,
150,34,heijne_werner_2010,hamstring,pivot shift,,,
151,34,heijne_werner_2010,hamstring,tegner,,,
152,34,heijne_werner_2010,hamstring,instrumental laxity,,,
153,34,heijne_werner_2010,patellar,pivot shift,,,
154,34,heijne_werner_2010,patellar,tegner,,,
155,34,heijne_werner_2010,patellar,instrumental laxity,,,
156,35,holm_2010,hamstring,tegner,,,
157,35,holm_2010,hamstring,instrumental laxity,,,
158,35,holm_2010,patellar,tegner,,,
159,35,holm_2010,patellar,ikdc,,,
160,36,horstmann_2022,hamstring,instrumental laxity,,,
161,36,horstmann_2022,hamstring,lysholm,,,
162,36,horstmann_2022,hamstring,ikdc,,,
163,36,horstmann_2022,quadriceps,instrumental laxity,,,
164,36,horstmann_2022,quadriceps,lysholm,,,
165,36,horstmann_2022,quadriceps,instrumental laxity,,,
166,37,ibrahim_2005,hamstring,lachman,,,
167,37,ibrahim_2005,hamstring,lysholm,,,
168,37,ibrahim_2005,hamstring,pivot shift,,,
169,37,ibrahim_2005,hamstring,instrumental laxity,,,
170,37,ibrahim_2005,patellar,lachman,,,
171,37,ibrahim_2005,patellar,lysholm,,,
172,37,ibrahim_2005,patellar,pivot shift,,,
173,37,ibrahim_2005,patellar,ikdc,,,
174,38,iliopoulos_2017,hamstring,lachman,,,
175,38,iliopoulos_2017,hamstring,lysholm,,,
176,38,iliopoulos_2017,hamstring,pivot shift,,,
177,38,iliopoulos_2017,hamstring,ikdc,,,
178,38,iliopoulos_2017,patellar,lachman,,,
179,38,iliopoulos_2017,patellar,lysholm,,,
180,38,iliopoulos_2017,patellar,pivot shift,,,
181,38,iliopoulos_2017,patellar,instrumental laxity,,,
182,41,jansson_2003,hamstring,lachman,,,
183,41,jansson_2003,hamstring,lysholm,,,
184,41,jansson_2003,hamstring,pivot shift,,,
185,41,jansson_2003,hamstring,tegner,,,
186,41,jansson_2003,hamstring,instrumental laxity,,,
187,41,jansson_2003,patellar,lachman,,,
188,41,jansson_2003,patellar,lysholm,,,
189,41,jansson_2003,patellar,pivot shift,,,
190,41,jansson_2003,patellar,tegner,,,
191,41,jansson_2003,patellar,instrumental laxity,,,
192,43,kautzner_2015,hamstring,lysholm,,,
193,43,kautzner_2015,hamstring,instrumental laxity,,,
194,43,kautzner_2015,patellar,lysholm,,,
195,43,kautzner_2015,patellar,ikdc,,,
196,44,komzak_2022,patellar,lysholm,,,
197,44,komzak_2022,patellar,ikdc,,,
198,44,komzak_2022,quadriceps,lysholm,,,
199,44,komzak_2022,quadriceps,ikdc,,,
200,45,konrads_2016,hamstring,instrumental laxity,,,
201,45,konrads_2016,hamstring,lachman,,,
202,45,konrads_2016,hamstring,lysholm,,,
203,45,konrads_2016,hamstring,pivot shift,,,
204,45,konrads_2016,hamstring,tegner,,,
205,45,konrads_2016,hamstring,ikdc,,,
206,45,konrads_2016,patellar,instrumental laxity,,,
207,45,konrads_2016,patellar,lachman,,,
208,45,konrads_2016,patellar,lysholm,,,
209,45,konrads_2016,patellar,pivot shift,,,
210,45,konrads_2016,patellar,tegner,,,
211,45,konrads_2016,patellar,ikdc,,,
212,46,laoruengthana_2009,hamstring,instrumental laxity,,,
213,46,laoruengthana_2009,hamstring,lysholm,,,
214,46,laoruengthana_2009,hamstring,pivot shift,,,
215,46,laoruengthana_2009,hamstring,ikdc,,,
216,46,laoruengthana_2009,patellar,instrumental laxity,,,
217,46,laoruengthana_2009,patellar,lysholm,,,
218,46,laoruengthana_2009,patellar,pivot shift,,,
219,46,laoruengthana_2009,patellar,ikdc,,,
220,47,lawhorn_2012,hamstring,instrumental laxity,,,
221,47,lawhorn_2012,hamstring,pivot shift,,,
222,47,lawhorn_2012,hamstring,ikdc,,,
223,47,lawhorn_2012,tibialis,instrumental laxity,,,
224,47,lawhorn_2012,tibialis,pivot shift,,,
225,47,lawhorn_2012,tibialis,ikdc,,,
226,49,laxdal_2005,hamstring,instrumental laxity,,,
227,49,laxdal_2005,hamstring,lysholm,,,
228,49,laxdal_2005,hamstring,tegner,,,
229,49,laxdal_2005,hamstring,ikdc,,,
230,49,laxdal_2005,patellar,instrumental laxity,,,
231,49,laxdal_2005,patellar,lysholm,,,
232,49,laxdal_2005,patellar,tegner,,,
233,49,laxdal_2005,patellar,instrumental laxity,,,
234,50,leitgeb_2014,hamstring,lachman,,,
235,50,leitgeb_2014,hamstring,instrumental laxity,,,
236,50,leitgeb_2014,patellar,lachman,,,
237,50,leitgeb_2014,patellar,ikdc,,,
238,51,li_2015,hamstring,instrumental laxity,,,
239,51,li_2015,hamstring,lachman,,,
240,51,li_2015,hamstring,lysholm,,,
241,51,li_2015,hamstring,pivot shift,,,
242,51,li_2015,hamstring,tegner,,,
243,51,li_2015,hamstring,ikdc,,,
244,51,li_2015,tibialis,instrumental laxity,,,
245,51,li_2015,tibialis,lachman,,,
246,51,li_2015,tibialis,lysholm,,,
247,51,li_2015,tibialis,pivot shift,,,
248,51,li_2015,tibialis,tegner,,,
249,51,li_2015,tibialis,ikdc,,,
250,52,lidén_2007,hamstring,instrumental laxity,,,
251,52,lidén_2007,hamstring,lachman,,,
252,52,lidén_2007,hamstring,lysholm,,,
253,52,lidén_2007,hamstring,tegner,,,
254,52,lidén_2007,hamstring,ikdc,,,
255,52,lidén_2007,patellar,instrumental laxity,,,
256,52,lidén_2007,patellar,lachman,,,
257,52,lidén_2007,patellar,lysholm,,,
258,52,lidén_2007,patellar,tegner,,,
259,52,lidén_2007,patellar,ikdc,,,
260,53,lind_2020,hamstring,instrumental laxity,,,
261,53,lind_2020,hamstring,pivot shift,,,
262,53,lind_2020,hamstring,tegner,,,
263,53,lind_2020,hamstring,ikdc,,,
264,53,lind_2020,quadriceps,instrumental laxity,,,
265,53,lind_2020,quadriceps,pivot shift,,,
266,53,lind_2020,quadriceps,tegner,,,
267,53,lind_2020,quadriceps,graft rupture,,,
268,54,lucidi_2025,hamstring,ikdc,,,
269,54,lucidi_2025,hamstring,instrumental laxity,,,
270,54,lucidi_2025,hamstring,lysholm,,,
271,54,lucidi_2025,hamstring,pivot shift,,,
272,54,lucidi_2025,hamstring,tegner,,,
273,54,lucidi_2025,hamstring,graft rupture,,,
274,54,lucidi_2025,patellar,ikdc,,,
275,54,lucidi_2025,patellar,instrumental laxity,,,
276,54,lucidi_2025,patellar,lysholm,,,
277,54,lucidi_2025,patellar,pivot shift,,,
278,54,lucidi_2025,patellar,tegner,,,
279,54,lucidi_2025,patellar,ikdc,,,
280,55,lui_2012,hamstring,instrumental laxity,,,
281,55,lui_2012,hamstring,lachman,,,
282,55,lui_2012,hamstring,lysholm,,,
283,55,lui_2012,hamstring,ikdc,,,
284,55,lui_2012,patellar,instrumental laxity,,,
285,55,lui_2012,patellar,lachman,,,
286,55,lui_2012,patellar,lysholm,,,
287,55,lui_2012,patellar,ikdc,,,
288,56,lund_2014,patellar,instrumental laxity,,,
289,56,lund_2014,patellar,ikdc,,,
290,56,lund_2014,quadriceps,instrumental laxity,,,
291,56,lund_2014,quadriceps,ikdc,,,
292,57,maletis_2007,hamstring,instrumental laxity,,,
293,57,maletis_2007,hamstring,lysholm,,,
294,57,maletis_2007,hamstring,tegner,,,
295,57,maletis_2007,hamstring,ikdc,,,
296,57,maletis_2007,patellar,instrumental laxity,,,
297,57,maletis_2007,patellar,lysholm,,,
298,57,maletis_2007,patellar,tegner,,,
299,57,maletis_2007,patellar,ikdc,,,
300,58,malik_2026,hamstring,instrumental laxity,,,
301,58,malik_2026,hamstring,lachman,,,
302,58,malik_2026,hamstring,lysholm,,,
303,58,malik_2026,hamstring,pivot shift,,,
304,58,malik_2026,hamstring,tegner,,,
305,58,malik_2026,hamstring,ikdc,,,
306,58,malik_2026,peroneus,instrumental laxity,,,
307,58,malik_2026,peroneus,lachman,,,
308,58,malik_2026,peroneus,lysholm,,,
309,58,malik_2026,peroneus,pivot shift,,,
310,58,malik_2026,peroneus,tegner,,,
311,58,malik_2026,peroneus,ikdc,,,
312,62,matsumoto_2006,hamstring,instrumental laxity,,,
313,62,matsumoto_2006,hamstring,ikdc,,,
314,62,matsumoto_2006,patellar,instrumental laxity,,,
315,62,matsumoto_2006,patellar,graft rupture,,,
316,66,mohtadi_2016b,hamstring,instrumental laxity,,,
317,66,mohtadi_2016b,hamstring,lachman,,,
318,66,mohtadi_2016b,hamstring,graft rupture,,,
319,66,mohtadi_2016b,patellar,instrumental laxity,,,
320,66,mohtadi_2016b,patellar,lachman,,,
321,66,mohtadi_2016b,patellar,graft rupture,,,
322,67,mohtadi_chan_2019,hamstring,ikdc,,,
323,67,mohtadi_chan_2019,hamstring,instrumental laxity,,,
324,67,mohtadi_chan_2019,hamstring,lachman,,,
325,67,mohtadi_chan_2019,hamstring,pivot shift,,,
326,67,mohtadi_chan_2019,hamstring,graft rupture,,,
327,67,mohtadi_chan_2019,patellar,ikdc,,,
328,67,mohtadi_chan_2019,patellar,instrumental laxity,,,
329,67,mohtadi_chan_2019,patellar,lachman,,,
330,67,mohtadi_chan_2019,patellar,pivot shift,,,
331,67,mohtadi_chan_2019,patellar,graft rupture,,,
332,68,moraiti_2010,hamstring,ikdc,,,
333,68,moraiti_2010,hamstring,instrumental laxity,,,
334,68,moraiti_2010,hamstring,lachman,,,
335,68,moraiti_2010,hamstring,lysholm,,,
336,68,moraiti_2010,hamstring,tegner,,,
337,68,moraiti_2010,hamstring,graft rupture,,,
338,68,moraiti_2010,patellar,ikdc,,,
339,68,moraiti_2010,patellar,instrumental laxity,,,
340,68,moraiti_2010,patellar,lachman,,,
341,68,moraiti_2010,patellar,lysholm,,,
342,68,moraiti_2010,patellar,tegner,,,
343,68,moraiti_2010,patellar,graft rupture,,,
344,70,noh_2011,Achilles,ikdc,,,
345,70,noh_2011,Achilles,instrumental laxity,,,
346,70,noh_2011,Achilles,lachman,,,
347,70,noh_2011,Achilles,lysholm,,,
348,70,noh_2011,Achilles,pivot shift,,,
349,70,noh_2011,Achilles,tegner,,,
350,70,noh_2011,Achilles,graft rupture,,,
351,70,noh_2011,hamstring,ikdc,,,
352,70,noh_2011,hamstring,instrumental laxity,,,
353,70,noh_2011,hamstring,lachman,,,
354,70,noh_2011,hamstring,lysholm,,,
355,70,noh_2011,hamstring,pivot shift,,,
356,70,noh_2011,hamstring,tegner,,,
357,70,noh_2011,hamstring,ikdc,,,
358,72,oneill_1996,hamstring,instrumental laxity,,,
359,72,oneill_1996,hamstring,lysholm,,,
360,72,oneill_1996,hamstring,ikdc,,,
361,72,oneill_1996,patellar,instrumental laxity,,,
362,72,oneill_1996,patellar,lysholm,,,
363,72,oneill_1996,patellar,ikdc,,,
364,73,papalia_2015,hamstring,lysholm,,,
365,73,papalia_2015,hamstring,ikdc,,,
366,73,papalia_2015,patellar,lysholm,,,
367,73,papalia_2015,patellar,ikdc,,,
368,76,pinczewski_2007,hamstring,instrumental laxity,,,
369,76,pinczewski_2007,hamstring,lachman,,,
370,76,pinczewski_2007,hamstring,lysholm,,,
371,76,pinczewski_2007,hamstring,pivot shift,,,
372,76,pinczewski_2007,hamstring,ikdc,,,
373,76,pinczewski_2007,patellar,instrumental laxity,,,
374,76,pinczewski_2007,patellar,lachman,,,
375,76,pinczewski_2007,patellar,lysholm,,,
376,76,pinczewski_2007,patellar,pivot shift,,,
377,76,pinczewski_2007,patellar,instrumental laxity,,,
378,77,popovic_2024,hamstring,lachman,,,
379,77,popovic_2024,hamstring,lysholm,,,
380,77,popovic_2024,hamstring,pivot shift,,,
381,77,popovic_2024,hamstring,tegner,,,
382,77,popovic_2024,hamstring,instrumental laxity,,,
383,77,popovic_2024,patellar,lachman,,,
384,77,popovic_2024,patellar,lysholm,,,
385,77,popovic_2024,patellar,pivot shift,,,
386,77,popovic_2024,patellar,tegner,,,
387,77,popovic_2024,patellar,ikdc,,,
388,82,sajovic_2018,hamstring,instrumental laxity,,,
389,82,sajovic_2018,hamstring,lachman,,,
390,82,sajovic_2018,hamstring,lysholm,,,
391,82,sajovic_2018,hamstring,pivot shift,,,
392,82,sajovic_2018,hamstring,ikdc,,,
393,82,sajovic_2018,patellar,instrumental laxity,,,
394,82,sajovic_2018,patellar,lachman,,,
395,82,sajovic_2018,patellar,lysholm,,,
396,82,sajovic_2018,patellar,pivot shift,,,
397,82,sajovic_2018,patellar,ikdc,,,
398,84,sinding_2020,hamstring,ikdc,,,
399,84,sinding_2020,quadriceps,graft rupture,,,
400,85,smith_2020,hamstring,ikdc,,,
401,85,smith_2020,hamstring,instrumental laxity,,,
402,85,smith_2020,hamstring,graft rupture,,,
403,85,smith_2020,patellar,ikdc,,,
404,85,smith_2020,patellar,instrumental laxity,,,
405,85,smith_2020,patellar,graft rupture,,,
406,85,smith_2020,quadriceps,ikdc,,,
407,85,smith_2020,quadriceps,instrumental laxity,,,
408,85,smith_2020,quadriceps,ikdc,,,
409,86,sonnery-cottet_2020,hamstring,instrumental laxity,,,
410,86,sonnery-cottet_2020,hamstring,lachman,,,
411,86,sonnery-cottet_2020,hamstring,lysholm,,,
412,86,sonnery-cottet_2020,hamstring,pivot shift,,,
413,86,sonnery-cottet_2020,hamstring,tegner,,,
414,86,sonnery-cottet_2020,hamstring,ikdc,,,
415,86,sonnery-cottet_2020,patellar,instrumental laxity,,,
416,86,sonnery-cottet_2020,patellar,lachman,,,
417,86,sonnery-cottet_2020,patellar,lysholm,,,
418,86,sonnery-cottet_2020,patellar,pivot shift,,,
419,86,sonnery-cottet_2020,patellar,tegner,,,
420,86,sonnery-cottet_2020,patellar,graft rupture,,,
421,87,sonnery-cottet_2026,hamstring,ikdc,,,
422,87,sonnery-cottet_2026,hamstring,instrumental laxity,,,
423,87,sonnery-cottet_2026,hamstring,lysholm,,,
424,87,sonnery-cottet_2026,hamstring,pivot shift,,,
425,87,sonnery-cottet_2026,hamstring,tegner,,,
426,87,sonnery-cottet_2026,hamstring,graft rupture,,,
427,87,sonnery-cottet_2026,patellar,ikdc,,,
428,87,sonnery-cottet_2026,patellar,instrumental laxity,,,
429,87,sonnery-cottet_2026,patellar,lysholm,,,
430,87,sonnery-cottet_2026,patellar,pivot shift,,,
431,87,sonnery-cottet_2026,patellar,tegner,,,
432,87,sonnery-cottet_2026,patellar,ikdc,,,
433,89,tang_2023,hamstring,ikdc,,,
434,89,tang_2023,quadriceps,ikdc,,,
435,90,taylor_2009,hamstring,instrumental laxity,,,
436,90,taylor_2009,hamstring,lysholm,,,
437,90,taylor_2009,hamstring,pivot shift,,,
438,90,taylor_2009,hamstring,tegner,,,
439,90,taylor_2009,hamstring,ikdc,,,
440,90,taylor_2009,patellar,instrumental laxity,,,
441,90,taylor_2009,patellar,lysholm,,,
442,90,taylor_2009,patellar,pivot shift,,,
443,90,taylor_2009,patellar,tegner,,,
444,90,taylor_2009,patellar,ikdc,,,
445,93,vilchez-cavazos_2020,patellar,instrumental laxity,,,
446,93,vilchez-cavazos_2020,patellar,lysholm,,,
447,93,vilchez-cavazos_2020,patellar,tegner,,,
448,93,vilchez-cavazos_2020,patellar,ikdc,,,
449,93,vilchez-cavazos_2020,quadriceps,instrumental laxity,,,
450,93,vilchez-cavazos_2020,quadriceps,lysholm,,,
451,93,vilchez-cavazos_2020,quadriceps,tegner,,,
452,93,vilchez-cavazos_2020,quadriceps,ikdc,,,
453,95,webster_2001,hamstring,instrumental laxity,,,
454,95,webster_2001,hamstring,ikdc,,,
455,95,webster_2001,patellar,instrumental laxity,,,
456,95,webster_2001,patellar,graft rupture,,,
457,96,wipfler_2011,hamstring,ikdc,,,
458,96,wipfler_2011,hamstring,instrumental laxity,,,
459,96,wipfler_2011,hamstring,lachman,,,
460,96,wipfler_2011,hamstring,lysholm,,,
461,96,wipfler_2011,hamstring,pivot shift,,,
462,96,wipfler_2011,hamstring,tegner,,,
463,96,wipfler_2011,hamstring,graft rupture,,,
464,96,wipfler_2011,patellar,ikdc,,,
465,96,wipfler_2011,patellar,instrumental laxity,,,
466,96,wipfler_2011,patellar,lachman,,,
467,96,wipfler_2011,patellar,lysholm,,,
468,96,wipfler_2011,patellar,pivot shift,,,
469,96,wipfler_2011,patellar,tegner,,,
470,96,wipfler_2011,patellar,instrumental laxity,,,
471,97,yadav_2025,hamstring,lachman,,,
472,97,yadav_2025,hamstring,lysholm,,,
473,97,yadav_2025,hamstring,pivot shift,,,
474,97,yadav_2025,hamstring,instrumental laxity,,,
475,97,yadav_2025,quadriceps,lachman,,,
476,97,yadav_2025,quadriceps,lysholm,,,
477,97,yadav_2025,quadriceps,pivot shift,,,
478,97,yadav_2025,quadriceps,instrumental laxity,,,
479,98,yoo_2017,hamstring,lachman,,,
480,98,yoo_2017,hamstring,lysholm,,,
481,98,yoo_2017,hamstring,pivot shift,,,
482,98,yoo_2017,hamstring,tegner,,,
483,98,yoo_2017,hamstring,instrumental laxity,,,
484,98,yoo_2017,tibialis,lachman,,,
485,98,yoo_2017,tibialis,lysholm,,,
486,98,yoo_2017,tibialis,pivot shift,,,
487,98,yoo_2017,tibialis,tegner,,,
488,98,yoo_2017,tibialis,ikdc,,,
489,100,zaffagnini_2011,hamstring,instrumental laxity,,,
490,100,zaffagnini_2011,hamstring,ikdc,,,
491,100,zaffagnini_2011,patellar,instrumental laxity,,,
492,100,zaffagnini_2011,patellar,Instrumental laxity,,,
