,id,study,subgroup,outcome,composite_key,data_type,ni,yi,sdi,min,q1,median,q3,max,screening,age_mean,age_sd,male,female,follow-up_mo,follow-up_yr
0,6,"Anz et al., 2023",BPTB,graft_failure,"6, Anz et al., 2023, BPTB, graft_failure",dichotomous,8.0,0.0,0.18,,,,,,Included,29.4,7.34,4.0,6.0,12.0,1.0
1,6,"Anz et al., 2023",HT,graft_failure,"6, Anz et al., 2023, HT, graft_failure",dichotomous,8.0,0.0,0.18,,,,,,Included,29.4,7.34,4.0,6.0,12.0,1.0
6,43,"Kautzner et al., 2015",BPTB,graft_failure,"43, Kautzner et al., 2015, BPTB, graft_failure",dichotomous,74.0,0.0,0.06,,,,,,Included,26.0,6.28,0.0,74.0,24.0,2.0
7,43,"Kautzner et al., 2015",HT,graft_failure,"43, Kautzner et al., 2015, HT, graft_failure",dichotomous,73.0,2.0,0.3,,,,,,Included,26.0,6.28,0.0,74.0,24.0,2.0
8,49,"Laxdal et al., 2005",BPTB,graft_failure,"49, Laxdal et al., 2005, BPTB, graft_failure",dichotomous,40.0,1.0,0.24,,,,,,Included,28.0,8.35,,,26.0,2.2
9,49,"Laxdal et al., 2005",HT,graft_failure,"49, Laxdal et al., 2005, HT, graft_failure",dichotomous,78.0,2.0,0.42,,,,,,Included,28.0,8.35,,,26.0,2.2
10,54,"Lucidi et al., 2025",BPTB,graft_failure,"54, Lucidi et al., 2025, BPTB, graft_failure",dichotomous,19.0,7.0,2.72,,,,,,Included,52.8,7.3,,,240.0,20.0
11,54,"Lucidi et al., 2025",HT,graft_failure,"54, Lucidi et al., 2025, HT, graft_failure",dichotomous,20.0,3.0,0.92,,,,,,Included,52.8,7.3,,,240.0,20.0
12,66,"Mohtadi et al., 2016",BPTB,graft_failure,"66, Mohtadi et al., 2016, BPTB, graft_failure",dichotomous,110.0,19.0,2.25,,,,,,Included,28.7,9.9,63.0,47.0,24.0,2.0
13,66,"Mohtadi et al., 2016",HT,graft_failure,"66, Mohtadi et al., 2016, HT, graft_failure",dichotomous,110.0,24.0,2.99,,,,,,Included,28.7,9.9,63.0,47.0,24.0,2.0
20,76,"Pinczewski et al., 2007",BPTB,graft_failure,"76, Pinczewski et al., 2007, BPTB, graft_failure",dichotomous,90.0,7.0,0.86,,,,,,Included,25.0,5.49,48.0,42.0,120.0,10.0
21,76,"Pinczewski et al., 2007",HT,graft_failure,"76, Pinczewski et al., 2007, HT, graft_failure",dichotomous,90.0,12.0,1.52,,,,,,Included,25.0,5.49,48.0,42.0,120.0,10.0
22,77,"Popovic et al., 2024",BPTB,graft_failure,"77, Popovic et al., 2024, BPTB, graft_failure",dichotomous,38.0,3.0,0.62,,,,,,Included,27.0,6.82,,,228.0,19.0
23,77,"Popovic et al., 2024",HT,graft_failure,"77, Popovic et al., 2024, HT, graft_failure",dichotomous,33.0,4.0,0.89,,,,,,Included,27.0,6.82,,,228.0,19.0
24,85,"Smith et al., 2020",BPTB,graft_failure,"85, Smith et al., 2020, BPTB, graft_failure",dichotomous,32.0,0.0,0.09,,,,,,Included,17.7,2.4,15.0,17.0,24.0,2.0
25,85,"Smith et al., 2020",HT,graft_failure,"85, Smith et al., 2020, HT, graft_failure",dichotomous,32.0,2.0,0.47,,,,,,Included,17.7,2.4,15.0,17.0,24.0,2.0
26,87,"Sonnery-cottet et al., 2026",BPTB,graft_failure,"87, Sonnery-cottet et al., 2026, BPTB, graft_failure",dichotomous,273.0,12.0,0.79,,,,,,Included,24.8,4.4,214.0,69.0,61.5,5.1
27,87,"Sonnery-cottet et al., 2026",HT,graft_failure,"87, Sonnery-cottet et al., 2026, HT, graft_failure",dichotomous,283.0,12.0,0.78,,,,,,Included,24.8,4.4,214.0,69.0,61.5,5.1
28,90,"Taylor et al., 2009",BPTB,graft_failure,"90, Taylor et al., 2009, BPTB, graft_failure",dichotomous,32.0,3.0,0.68,,,,,,Included,21.7,4.6,25.0,7.0,32.4,2.7
29,90,"Taylor et al., 2009",HT,graft_failure,"90, Taylor et al., 2009, HT, graft_failure",dichotomous,32.0,4.0,0.91,,,,,,Included,21.7,4.6,25.0,7.0,32.4,2.7
30,96,"Wipfler et al., 2011",BPTB,graft_failure,"96, Wipfler et al., 2011, BPTB, graft_failure",dichotomous,29.0,3.0,0.72,,,,,,Included,29.87,7.3,19.0,12.0,108.0,9.0
31,96,"Wipfler et al., 2011",HT,graft_failure,"96, Wipfler et al., 2011, HT, graft_failure",dichotomous,25.0,3.0,0.8,,,,,,Included,29.87,7.3,19.0,12.0,108.0,9.0
32,97,"Yadav et al., 2025",HT,graft_failure,"97, Yadav et al., 2025, HT, graft_failure",dichotomous,36.0,1.0,0.26,,,,,,Included,30.06,8.87,32.0,4.0,12.0,1.0
33,97,"Yadav et al., 2025",QT,graft_failure,"97, Yadav et al., 2025, QT, graft_failure",dichotomous,33.0,0.0,0.09,,,,,,Included,30.06,8.87,32.0,4.0,12.0,1.0
72,10,"Barié et al., 2020",BPTB,ikdc_subjective,"10, Barié et al., 2020, BPTB, ikdc_subjective",continuous,43.0,91.0,7.3,,,,,,Included,30.6,7.5,17.0,13.0,122.4,10.2
73,10,"Barié et al., 2020",QT,ikdc_subjective,"10, Barié et al., 2020, QT, ikdc_subjective",continuous,43.0,92.0,11.5,,,,,,Included,30.6,7.5,17.0,13.0,122.4,10.2
74,12,"Bi et al., 2018",HT,ikdc_subjective,"12, Bi et al., 2018, HT, ikdc_subjective",continuous,62.0,90.4,7.1,,,,,,Included,27.9,6.7,31.0,31.0,30.3,2.5
75,12,"Bi et al., 2018",PLT,ikdc_subjective,"12, Bi et al., 2018, PLT, ikdc_subjective",continuous,62.0,89.3,8.4,,,,,,Included,27.9,6.7,31.0,31.0,30.3,2.5
76,13,"Björnsson et al., 2016",BPTB,ikdc_subjective,"13, Björnsson et al., 2016, BPTB, ikdc_subjective",continuous,61.0,67.3,20.8,,,,,,Included,28.2,9.1,42.0,19.0,202.6,16.9
77,13,"Björnsson et al., 2016",HT,ikdc_subjective,"13, Björnsson et al., 2016, HT, ikdc_subjective",continuous,86.0,74.0,18.8,,,,,,Included,28.2,9.1,42.0,19.0,202.6,16.9
78,14,"Bottoni et al., 2015",HT,ikdc_subjective,"14, Bottoni et al., 2015, HT, ikdc_subjective",continuous,44.0,79.5,24.7,,,,,,Included,28.9,5.8,41.0,7.0,120.0,10.0
79,14,"Bottoni et al., 2015",TA,ikdc_subjective,"14, Bottoni et al., 2015, TA, ikdc_subjective",continuous,36.0,81.1,23.1,,,,,,Included,28.9,5.8,41.0,7.0,120.0,10.0
80,18,"Butt et al., 2024",HT,ikdc_subjective,"18, Butt et al., 2024, HT, ikdc_subjective",continuous,30.0,89.7,5.7,,,,,,Included,29.17,5.03,29.0,1.0,60.0,5.0
81,18,"Butt et al., 2024",PLT,ikdc_subjective,"18, Butt et al., 2024, PLT, ikdc_subjective",continuous,30.0,89.9,9.8,,,,,,Included,29.17,5.03,29.0,1.0,60.0,5.0
82,19,"Calvert et al., 2025",HT,ikdc_subjective,"19, Calvert et al., 2025, HT, ikdc_subjective",continuous,92.0,92.0,8.0,,,,,,Included,29.4,7.7,28.0,27.0,24.0,2.0
83,19,"Calvert et al., 2025",QT,ikdc_subjective,"19, Calvert et al., 2025, QT, ikdc_subjective",continuous,89.0,89.0,10.0,,,,,,Included,29.4,7.7,28.0,27.0,24.0,2.0
84,32,"Guglielmetti et al., 2021",BPTB,ikdc_subjective,"32, Guglielmetti et al., 2021, BPTB, ikdc_subjective",continuous,31.0,88.75,9.27,,,,,,Included,25.2,5.48,23.0,8.0,24.0,2.0
85,32,"Guglielmetti et al., 2021",HT,ikdc_subjective,"32, Guglielmetti et al., 2021, HT, ikdc_subjective",continuous,31.0,91.0,9.07,,,,,,Included,25.2,5.48,23.0,8.0,24.0,2.0
86,36,"Horstmann et al., 2022",HT,ikdc_subjective,"36, Horstmann et al., 2022, HT, ikdc_subjective",continuous,26.0,83.7,12.7,,,,,,Included,32.7,11.4,12.0,15.0,24.0,2.0
87,36,"Horstmann et al., 2022",QT,ikdc_subjective,"36, Horstmann et al., 2022, QT, ikdc_subjective",continuous,23.0,89.3,12.2,,,,,,Included,32.7,11.4,12.0,15.0,24.0,2.0
88,38,"Iliopoulos et al., 2017",BPTB,ikdc_subjective,"38, Iliopoulos et al., 2017, BPTB, ikdc_subjective",continuous,45.0,83.2,2.8,,,,,,Included,24.8,5.0,10.0,0.0,9.0,0.8
89,38,"Iliopoulos et al., 2017",HT,ikdc_subjective,"38, Iliopoulos et al., 2017, HT, ikdc_subjective",continuous,45.0,82.78,2.8,,,,,,Included,24.8,5.0,10.0,0.0,9.0,0.8
90,44,"Komzak et al., 2022",BPTB,ikdc_subjective,"44, Komzak et al., 2022, BPTB, ikdc_subjective",continuous,36.0,74.2,10.2,,,,,,Included,31.0,9.46,23.0,17.0,28.0,2.3
91,44,"Komzak et al., 2022",QT,ikdc_subjective,"44, Komzak et al., 2022, QT, ikdc_subjective",continuous,36.0,78.3,10.5,,,,,,Included,31.0,9.46,23.0,17.0,28.0,2.3
92,51,"Li et al., 2015",HT,ikdc_subjective,"51, Li et al., 2015, HT, ikdc_subjective",continuous,32.0,87.5,3.2,,,,,,Included,29.8,7.9,17.0,15.0,69.6,5.8
93,51,"Li et al., 2015",TA,ikdc_subjective,"51, Li et al., 2015, TA, ikdc_subjective",continuous,32.0,83.8,6.9,,,,,,Included,29.8,7.9,17.0,15.0,69.6,5.8
94,53,"Lind et al., 2020",HT,ikdc_subjective,"53, Lind et al., 2020, HT, ikdc_subjective",continuous,49.0,78.0,18.0,,,,,,Included,27.1,6.1,25.0,24.0,24.0,2.0
95,53,"Lind et al., 2020",QT,ikdc_subjective,"53, Lind et al., 2020, QT, ikdc_subjective",continuous,47.0,82.0,14.0,,,,,,Included,27.1,6.1,25.0,24.0,24.0,2.0
96,54,"Lucidi et al., 2025",BPTB,ikdc_subjective,"54, Lucidi et al., 2025, BPTB, ikdc_subjective",continuous,19.0,78.4,13.7,,,,,,Included,52.8,7.3,,,240.0,20.0
97,54,"Lucidi et al., 2025",HT,ikdc_subjective,"54, Lucidi et al., 2025, HT, ikdc_subjective",continuous,20.0,81.6,11.9,,,,,,Included,52.8,7.3,,,240.0,20.0
98,55,"Lui et al., 2012",BPTB,ikdc_subjective,"55, Lui et al., 2012, BPTB, ikdc_subjective",continuous,14.0,71.9,15.2,,,,,,Included,26.5,5.0,14.0,0.0,12.0,1.0
99,55,"Lui et al., 2012",HT,ikdc_subjective,"55, Lui et al., 2012, HT, ikdc_subjective",continuous,17.0,73.1,12.3,,,,,,Included,26.5,5.0,14.0,0.0,12.0,1.0
100,56,"Lund et al., 2014",BPTB,ikdc_subjective,"56, Lund et al., 2014, BPTB, ikdc_subjective",continuous,18.0,75.0,13.0,,,,,,Included,31.0,8.0,15.0,3.0,24.0,2.0
101,56,"Lund et al., 2014",QT,ikdc_subjective,"56, Lund et al., 2014, QT, ikdc_subjective",continuous,21.0,76.0,16.0,,,,,,Included,31.0,8.0,15.0,3.0,24.0,2.0
102,58,"Malik et al., 2026",HT,ikdc_subjective,"58, Malik et al., 2026, HT, ikdc_subjective",continuous,25.0,78.9,7.4,,,,,,Included,28.12,5.21,18.0,7.0,6.0,0.5
103,58,"Malik et al., 2026",PLT,ikdc_subjective,"58, Malik et al., 2026, PLT, ikdc_subjective",continuous,25.0,82.6,6.3,,,,,,Included,28.12,5.21,18.0,7.0,6.0,0.5
104,62,"Matsumoto et al., 2006",BPTB,ikdc_subjective,"62, Matsumoto et al., 2006, BPTB, ikdc_subjective",continuous,37.0,84.3,11.0,,,,,,Included,23.7,7.7,21.0,16.0,87.0,7.3
105,62,"Matsumoto et al., 2006",HT,ikdc_subjective,"62, Matsumoto et al., 2006, HT, ikdc_subjective",continuous,35.0,86.8,8.3,,,,,,Included,23.7,7.7,21.0,16.0,87.0,7.3
106,68,"Moraiti et al., 2010",BPTB,ikdc_subjective,"68, Moraiti et al., 2010, BPTB, ikdc_subjective",continuous,6.0,92.0,7.0,,,,,,Included,23.0,2.0,6.0,0.0,21.0,1.8
107,68,"Moraiti et al., 2010",HT,ikdc_subjective,"68, Moraiti et al., 2010, HT, ikdc_subjective",continuous,6.0,90.0,10.0,,,,,,Included,23.0,2.0,6.0,0.0,21.0,1.8
108,73,"Papalia et al., 2015",BPTB,ikdc_subjective,"73, Papalia et al., 2015, BPTB, ikdc_subjective",continuous,20.0,86.9,11.7,,,,,,Included,24.7,,0.0,20.0,6.0,0.5
109,73,"Papalia et al., 2015",HT,ikdc_subjective,"73, Papalia et al., 2015, HT, ikdc_subjective",continuous,20.0,90.97,5.1,,,,,,Included,24.7,,0.0,20.0,6.0,0.5
110,84,"Sinding et al., 2020",HT,ikdc_subjective,"84, Sinding et al., 2020, HT, ikdc_subjective",continuous,43.0,76.0,15.0,,,,,,Included,28.3,6.2,23.0,20.0,12.5,1.0
111,84,"Sinding et al., 2020",QT,ikdc_subjective,"84, Sinding et al., 2020, QT, ikdc_subjective",continuous,42.0,76.0,17.0,,,,,,Included,28.3,6.2,23.0,20.0,12.5,1.0
112,85,"Smith et al., 2020",BPTB,ikdc_subjective,"85, Smith et al., 2020, BPTB, ikdc_subjective",continuous,32.0,89.4,9.2,,,,,,Included,17.7,2.4,15.0,17.0,24.0,2.0
113,85,"Smith et al., 2020",HT,ikdc_subjective,"85, Smith et al., 2020, HT, ikdc_subjective",continuous,32.0,94.8,6.4,,,,,,Included,17.7,2.4,15.0,17.0,24.0,2.0
114,87,"Sonnery-cottet et al., 2026",BPTB,ikdc_subjective,"87, Sonnery-cottet et al., 2026, BPTB, ikdc_subjective",continuous,296.0,89.4,10.9,,,,,,Included,24.8,4.4,214.0,69.0,61.5,5.1
115,87,"Sonnery-cottet et al., 2026",HT,ikdc_subjective,"87, Sonnery-cottet et al., 2026, HT, ikdc_subjective",continuous,297.0,91.0,10.3,,,,,,Included,24.8,4.4,214.0,69.0,61.5,5.1
116,89,"Tang et al., 2023",HT,ikdc_subjective,"89, Tang et al., 2023, HT, ikdc_subjective",continuous,16.0,90.13,6.99,,,92.5,,,Included,28.31,8.55,13.0,3.0,24.0,2.0
117,89,"Tang et al., 2023",QT,ikdc_subjective,"89, Tang et al., 2023, QT, ikdc_subjective",continuous,17.0,87.12,6.61,,,90.0,,,Included,28.31,8.55,13.0,3.0,24.0,2.0
118,93,"Vilchez-Cavazos et al., 2020",HT,ikdc_subjective,"93, Vilchez-Cavazos et al., 2020, HT, ikdc_subjective",continuous,14.0,90.0,1.76,,87.0,90.0,93.0,,Included,24.46,8.24,12.0,3.0,12.0,1.0
119,93,"Vilchez-Cavazos et al., 2020",QT,ikdc_subjective,"93, Vilchez-Cavazos et al., 2020, QT, ikdc_subjective",continuous,14.0,88.17,2.49,,83.0,90.0,91.5,,Included,24.46,8.24,12.0,3.0,12.0,1.0
120,96,"Wipfler et al., 2011",BPTB,ikdc_subjective,"96, Wipfler et al., 2011, BPTB, ikdc_subjective",continuous,29.0,86.72,2.27,,,,,,Included,29.87,7.3,19.0,12.0,108.0,9.0
121,96,"Wipfler et al., 2011",HT,ikdc_subjective,"96, Wipfler et al., 2011, HT, ikdc_subjective",continuous,25.0,92.95,1.99,,,,,,Included,29.87,7.3,19.0,12.0,108.0,9.0
122,100,"Zaffagnini et al., 2011",BPTB,ikdc_subjective,"100, Zaffagnini et al., 2011, BPTB, ikdc_subjective",continuous,40.0,82.0,20.0,,,,,,Included,26.0,9.5,20.0,19.0,103.2,8.6
123,100,"Zaffagnini et al., 2011",HT,ikdc_subjective,"100, Zaffagnini et al., 2011, HT, ikdc_subjective",continuous,39.0,88.0,9.0,,,,,,Included,26.0,9.5,20.0,19.0,103.2,8.6
124,2,"Aglietti et al., 2004",BPTB,instrumented_laxity,"2, Aglietti et al., 2004, BPTB, instrumented_laxity",continuous,60.0,2.2,1.08,0.0,,,,5.0,Included,25.0,4.97,46.0,14.0,24.0,2.0
125,2,"Aglietti et al., 2004",HT,instrumented_laxity,"2, Aglietti et al., 2004, HT, instrumented_laxity",continuous,60.0,1.95,1.3,-1.0,,,,5.0,Included,25.0,4.97,46.0,14.0,24.0,2.0
126,3,"Ahldén et al., 2009",BPTB,instrumented_laxity,"3, Ahldén et al., 2009, BPTB, instrumented_laxity",continuous,25.0,2.6,3.3,,,,,,Included,27.41,8.9,14.0,8.0,90.27134752,7.5
127,3,"Ahldén et al., 2009",HT,instrumented_laxity,"3, Ahldén et al., 2009, HT, instrumented_laxity",continuous,22.0,1.4,2.6,,,,,,Included,27.41,8.9,14.0,8.0,90.27134752,7.5
130,5,"Anderson et al., 2001",BPTB,instrumented_laxity,"5, Anderson et al., 2001, BPTB, instrumented_laxity",continuous,35.0,2.1,2.0,,,,,,Included,23.6,7.13,23.0,12.0,34.6,2.9
131,5,"Anderson et al., 2001",HT,instrumented_laxity,"5, Anderson et al., 2001, HT, instrumented_laxity",continuous,33.0,3.1,2.3,,,,,,Included,23.6,7.13,23.0,12.0,34.6,2.9
132,7,"Aune et al., 2001",BPTB,instrumented_laxity,"7, Aune et al., 2001, BPTB, instrumented_laxity",continuous,32.0,3.3,2.6,,,,,,Included,25.0,7.0,19.0,16.0,24.0,2.0
133,7,"Aune et al., 2001",HT,instrumented_laxity,"7, Aune et al., 2001, HT, instrumented_laxity",continuous,29.0,2.9,2.4,,,,,,Included,25.0,7.0,19.0,16.0,24.0,2.0
136,10,"Barié et al., 2020",BPTB,instrumented_laxity,"10, Barié et al., 2020, BPTB, instrumented_laxity",continuous,43.0,1.05,1.36,,,,,,Included,30.6,7.5,17.0,13.0,122.4,10.2
137,10,"Barié et al., 2020",QT,instrumented_laxity,"10, Barié et al., 2020, QT, instrumented_laxity",continuous,43.0,1.0,1.1,,,,,,Included,30.6,7.5,17.0,13.0,122.4,10.2
140,12,"Bi et al., 2018",HT,instrumented_laxity,"12, Bi et al., 2018, HT, instrumented_laxity",continuous,62.0,1.71,0.57,,,,,,Included,27.9,6.7,31.0,31.0,30.3,2.5
141,12,"Bi et al., 2018",PLT,instrumented_laxity,"12, Bi et al., 2018, PLT, instrumented_laxity",continuous,62.0,1.85,0.77,,,,,,Included,27.9,6.7,31.0,31.0,30.3,2.5
146,23,"Ejerhed et al., 2003",BPTB,instrumented_laxity,"23, Ejerhed et al., 2003, BPTB, instrumented_laxity",continuous,32.0,2.29,3.99,-5.0,,2.0,,11.5,Included,27.26,8.47,21.0,11.0,24.0,2.0
147,23,"Ejerhed et al., 2003",HT,instrumented_laxity,"23, Ejerhed et al., 2003, HT, instrumented_laxity",continuous,34.0,2.47,3.47,-4.0,,2.25,,10.5,Included,27.26,8.47,21.0,11.0,24.0,2.0
148,25,"Eriksson et al., 2001",BPTB,instrumented_laxity,"25, Eriksson et al., 2001, BPTB, instrumented_laxity",continuous,42.0,0.95,0.91,,,,,,Included,27.0,6.0,,,6.7,0.6
149,25,"Eriksson et al., 2001",HT,instrumented_laxity,"25, Eriksson et al., 2001, HT, instrumented_laxity",continuous,47.0,1.1,0.95,,,,,,Included,27.0,6.0,,,6.7,0.6
150,26,"Feller & Webster, 2003",BPTB,instrumented_laxity,"26, Feller & Webster, 2003, BPTB, instrumented_laxity",continuous,27.0,0.5,1.0,,,,,,Included,25.8,6.0,23.0,8.0,36.0,3.0
151,26,"Feller & Webster, 2003",HT,instrumented_laxity,"26, Feller & Webster, 2003, HT, instrumented_laxity",continuous,21.0,1.1,1.2,,,,,,Included,25.8,6.0,23.0,8.0,36.0,3.0
154,30,"Gifstad et al., 2013",BPTB,instrumented_laxity,"30, Gifstad et al., 2013, BPTB, instrumented_laxity",continuous,41.0,1.4,1.8,,,,,,Included,27.0,6.74,,,84.0,7.0
155,30,"Gifstad et al., 2013",HT,instrumented_laxity,"30, Gifstad et al., 2013, HT, instrumented_laxity",continuous,36.0,1.4,1.4,,,,,,Included,27.0,6.74,,,84.0,7.0
158,33,"Harilainen et al., 2006",BPTB,instrumented_laxity,"33, Harilainen et al., 2006, BPTB, instrumented_laxity",continuous,37.0,1.5,3.0,,,,,,Included,,,,,60.6,5.1
159,33,"Harilainen et al., 2006",HT,instrumented_laxity,"33, Harilainen et al., 2006, HT, instrumented_laxity",continuous,37.0,1.2,3.9,,,,,,Included,,,,,60.6,5.1
162,35,"Holm et al., 2010",BPTB,instrumented_laxity,"35, Holm et al., 2010, BPTB, instrumented_laxity",continuous,28.0,3.0,3.2,,,,,,Included,33.9,6.2,18.0,10.0,10.2,0.9
163,35,"Holm et al., 2010",HT,instrumented_laxity,"35, Holm et al., 2010, HT, instrumented_laxity",continuous,29.0,2.0,3.5,,,,,,Included,33.9,6.2,18.0,10.0,10.2,0.9
164,36,"Horstmann et al., 2022",HT,instrumented_laxity,"36, Horstmann et al., 2022, HT, instrumented_laxity",continuous,26.0,0.2,2.2,,,,,,Included,32.7,11.4,12.0,15.0,24.0,2.0
165,36,"Horstmann et al., 2022",QT,instrumented_laxity,"36, Horstmann et al., 2022, QT, instrumented_laxity",continuous,23.0,0.7,1.1,,,,,,Included,32.7,11.4,12.0,15.0,24.0,2.0
168,41,"Jansson et al., 2003",BPTB,instrumented_laxity,"41, Jansson et al., 2003, BPTB, instrumented_laxity",continuous,43.0,1.7,2.63,-3.7,,,,7.8,Included,,,,,24.0,2.0
169,41,"Jansson et al., 2003",HT,instrumented_laxity,"41, Jansson et al., 2003, HT, instrumented_laxity",continuous,46.0,1.2,2.65,-4.3,,,,7.4,Included,,,,,24.0,2.0
170,43,"Kautzner et al., 2015",BPTB,instrumented_laxity,"43, Kautzner et al., 2015, BPTB, instrumented_laxity",continuous,74.0,0.6,0.21,0.0,,,,1.0,Included,26.0,6.28,0.0,74.0,24.0,2.0
171,43,"Kautzner et al., 2015",HT,instrumented_laxity,"43, Kautzner et al., 2015, HT, instrumented_laxity",continuous,73.0,0.5,0.42,0.0,,,,2.0,Included,26.0,6.28,0.0,74.0,24.0,2.0
172,45,"Konrads et al., 2016",BPTB,instrumented_laxity,"45, Konrads et al., 2016, BPTB, instrumented_laxity",continuous,24.0,1.8,0.51,1.0,,,,3.0,Included,29.8,6.33,22.0,9.0,120.0,10.0
173,45,"Konrads et al., 2016",HT,instrumented_laxity,"45, Konrads et al., 2016, HT, instrumented_laxity",continuous,23.0,2.2,0.78,1.0,,,,4.0,Included,29.8,6.33,22.0,9.0,120.0,10.0
174,46,"Laoruengthana et al., 2009",BPTB,instrumented_laxity,"46, Laoruengthana et al., 2009, BPTB, instrumented_laxity",continuous,15.0,1.22,0.69,0.3,,,,2.7,Included,29.93,8.91,,,19.0,1.6
175,46,"Laoruengthana et al., 2009",HT,instrumented_laxity,"46, Laoruengthana et al., 2009, HT, instrumented_laxity",continuous,13.0,0.96,0.42,0.2,,,,1.6,Included,29.93,8.91,,,19.0,1.6
178,49,"Laxdal et al., 2005",BPTB,instrumented_laxity,"49, Laxdal et al., 2005, BPTB, instrumented_laxity",continuous,40.0,1.0,3.01,-5.0,,,,8.0,Included,28.0,8.35,,,26.0,2.2
179,49,"Laxdal et al., 2005",HT,instrumented_laxity,"49, Laxdal et al., 2005, HT, instrumented_laxity",continuous,78.0,1.5,3.12,,,,,,Included,28.0,8.35,,,26.0,2.2
182,51,"Li et al., 2015",HT,instrumented_laxity,"51, Li et al., 2015, HT, instrumented_laxity",continuous,32.0,2.1,1.6,,,,,,Included,29.8,7.9,17.0,15.0,69.6,5.8
183,51,"Li et al., 2015",TA,instrumented_laxity,"51, Li et al., 2015, TA, instrumented_laxity",continuous,32.0,3.5,1.2,,,,,,Included,29.8,7.9,17.0,15.0,69.6,5.8
184,52,"Lidén et al., 2007",BPTB,instrumented_laxity,"52, Lidén et al., 2007, BPTB, instrumented_laxity",continuous,30.0,2.3,3.06,-3.5,,,,9.0,Included,28.0,8.37,23.0,11.0,87.10618173,7.3
185,52,"Lidén et al., 2007",HT,instrumented_laxity,"52, Lidén et al., 2007, HT, instrumented_laxity",continuous,32.0,2.7,3.39,-4.5,,,,9.5,Included,28.0,8.37,23.0,11.0,87.10618173,7.3
186,53,"Lind et al., 2020",HT,instrumented_laxity,"53, Lind et al., 2020, HT, instrumented_laxity",continuous,49.0,1.9,1.7,,,,,,Included,27.1,6.1,25.0,24.0,24.0,2.0
187,53,"Lind et al., 2020",QT,instrumented_laxity,"53, Lind et al., 2020, QT, instrumented_laxity",continuous,47.0,1.8,1.0,,,,,,Included,27.1,6.1,25.0,24.0,24.0,2.0
188,54,"Lucidi et al., 2025",BPTB,instrumented_laxity,"54, Lucidi et al., 2025, BPTB, instrumented_laxity",continuous,19.0,-0.1,1.6,,,,,,Included,52.8,7.3,,,240.0,20.0
189,54,"Lucidi et al., 2025",HT,instrumented_laxity,"54, Lucidi et al., 2025, HT, instrumented_laxity",continuous,20.0,1.5,1.2,,,,,,Included,52.8,7.3,,,240.0,20.0
190,55,"Lui et al., 2012",BPTB,instrumented_laxity,"55, Lui et al., 2012, BPTB, instrumented_laxity",continuous,14.0,3.7,1.4,,,,,,Included,26.5,5.0,14.0,0.0,12.0,1.0
191,55,"Lui et al., 2012",HT,instrumented_laxity,"55, Lui et al., 2012, HT, instrumented_laxity",continuous,17.0,3.1,1.6,,,,,,Included,26.5,5.0,14.0,0.0,12.0,1.0
192,56,"Lund et al., 2014",BPTB,instrumented_laxity,"56, Lund et al., 2014, BPTB, instrumented_laxity",continuous,18.0,1.1,1.4,,,,,,Included,31.0,8.0,15.0,3.0,24.0,2.0
193,56,"Lund et al., 2014",QT,instrumented_laxity,"56, Lund et al., 2014, QT, instrumented_laxity",continuous,21.0,0.8,1.7,,,,,,Included,31.0,8.0,15.0,3.0,24.0,2.0
196,58,"Malik et al., 2026",HT,instrumented_laxity,"58, Malik et al., 2026, HT, instrumented_laxity",continuous,25.0,2.1,1.0,,,,,,Included,28.12,5.21,18.0,7.0,6.0,0.5
197,58,"Malik et al., 2026",PLT,instrumented_laxity,"58, Malik et al., 2026, PLT, instrumented_laxity",continuous,25.0,1.8,0.9,,,,,,Included,28.12,5.21,18.0,7.0,6.0,0.5
198,62,"Matsumoto et al., 2006",BPTB,instrumented_laxity,"62, Matsumoto et al., 2006, BPTB, instrumented_laxity",continuous,37.0,1.2,2.1,,,,,,Included,23.7,7.7,21.0,16.0,87.0,7.3
199,62,"Matsumoto et al., 2006",HT,instrumented_laxity,"62, Matsumoto et al., 2006, HT, instrumented_laxity",continuous,35.0,1.7,1.4,,,,,,Included,23.7,7.7,21.0,16.0,87.0,7.3
210,76,"Pinczewski et al., 2007",BPTB,instrumented_laxity,"76, Pinczewski et al., 2007, BPTB, instrumented_laxity",continuous,54.0,1.2,1.69,,,,,,Included,25.0,5.49,48.0,42.0,120.0,10.0
211,76,"Pinczewski et al., 2007",HT,instrumented_laxity,"76, Pinczewski et al., 2007, HT, instrumented_laxity",continuous,58.0,1.6,1.55,,,,,,Included,25.0,5.49,48.0,42.0,120.0,10.0
212,77,"Popovic et al., 2024",BPTB,instrumented_laxity,"77, Popovic et al., 2024, BPTB, instrumented_laxity",continuous,38.0,1.3,2.2,-3.0,,,,5.0,Included,27.0,6.82,,,228.0,19.0
213,77,"Popovic et al., 2024",HT,instrumented_laxity,"77, Popovic et al., 2024, HT, instrumented_laxity",continuous,33.0,1.5,3.3,-3.0,,,,12.0,Included,27.0,6.82,,,228.0,19.0
214,85,"Smith et al., 2020",BPTB,instrumented_laxity,"85, Smith et al., 2020, BPTB, instrumented_laxity",continuous,32.0,0.0,0.8,,,,,,Included,17.7,2.4,15.0,17.0,24.0,2.0
215,85,"Smith et al., 2020",HT,instrumented_laxity,"85, Smith et al., 2020, HT, instrumented_laxity",continuous,32.0,0.3,0.7,,,,,,Included,17.7,2.4,15.0,17.0,24.0,2.0
216,87,"Sonnery-cottet et al., 2026",BPTB,instrumented_laxity,"87, Sonnery-cottet et al., 2026, BPTB, instrumented_laxity",continuous,296.0,1.2,1.4,,,,,,Included,24.8,4.4,214.0,69.0,61.5,5.1
217,87,"Sonnery-cottet et al., 2026",HT,instrumented_laxity,"87, Sonnery-cottet et al., 2026, HT, instrumented_laxity",continuous,297.0,0.9,1.0,,,,,,Included,24.8,4.4,214.0,69.0,61.5,5.1
224,95,"Webster et al., 2001",BPTB,instrumented_laxity,"95, Webster et al., 2001, BPTB, instrumented_laxity",continuous,23.0,1.1,0.65,1.0,,,,3.5,Included,26.0,6.3,20.0,8.0,24.0,2.0
225,95,"Webster et al., 2001",HT,instrumented_laxity,"95, Webster et al., 2001, HT, instrumented_laxity",continuous,31.0,1.7,0.97,0.0,,,,4.0,Included,26.0,6.3,20.0,8.0,24.0,2.0
226,96,"Wipfler et al., 2011",BPTB,instrumented_laxity,"96, Wipfler et al., 2011, BPTB, instrumented_laxity",continuous,29.0,0.9,0.27,,,,,,Included,29.87,7.3,19.0,12.0,108.0,9.0
227,96,"Wipfler et al., 2011",HT,instrumented_laxity,"96, Wipfler et al., 2011, HT, instrumented_laxity",continuous,25.0,0.64,0.36,,,,,,Included,29.87,7.3,19.0,12.0,108.0,9.0
228,97,"Yadav et al., 2025",HT,instrumented_laxity,"97, Yadav et al., 2025, HT, instrumented_laxity",continuous,36.0,3.77,2.01,,,,,,Included,30.06,8.87,32.0,4.0,12.0,1.0
229,97,"Yadav et al., 2025",QT,instrumented_laxity,"97, Yadav et al., 2025, QT, instrumented_laxity",continuous,33.0,2.73,1.64,,,,,,Included,30.06,8.87,32.0,4.0,12.0,1.0
232,100,"Zaffagnini et al., 2011",BPTB,instrumented_laxity,"100, Zaffagnini et al., 2011, BPTB, instrumented_laxity",continuous,40.0,0.4,0.6,,,,,,Included,26.0,9.5,20.0,19.0,103.2,8.6
233,100,"Zaffagnini et al., 2011",HT,instrumented_laxity,"100, Zaffagnini et al., 2011, HT, instrumented_laxity",continuous,39.0,1.1,1.9,,,,,,Included,26.0,9.5,20.0,19.0,103.2,8.6
234,2,"Aglietti et al., 2004",BPTB,lachman_1,"2, Aglietti et al., 2004, BPTB, lachman_1",dichotomous,60.0,0.0,0.06,,,,,,Included,25.0,4.97,46.0,14.0,24.0,2.0
235,2,"Aglietti et al., 2004",HT,lachman_1,"2, Aglietti et al., 2004, HT, lachman_1",dichotomous,60.0,0.0,0.06,,,,,,Included,25.0,4.97,46.0,14.0,24.0,2.0
238,11,"Beynnon et al., 2002",BPTB,lachman_1,"11, Beynnon et al., 2002, BPTB, lachman_1",dichotomous,22.0,13.0,0.586,,,,,,Included,28.5,6.96,18.0,10.0,36.0,3.0
239,11,"Beynnon et al., 2002",HT,lachman_1,"11, Beynnon et al., 2002, HT, lachman_1",dichotomous,22.0,20.0,7.036,,,,,,Included,28.5,6.96,18.0,10.0,36.0,3.0
240,13,"Björnsson et al., 2016",BPTB,lachman_1,"13, Björnsson et al., 2016, BPTB, lachman_1",dichotomous,61.0,31.0,1.085,,,,,,Included,28.2,9.1,42.0,19.0,202.6,16.9
241,13,"Björnsson et al., 2016",HT,lachman_1,"13, Björnsson et al., 2016, HT, lachman_1",dichotomous,86.0,68.0,2.88,,,,,,Included,28.2,9.1,42.0,19.0,202.6,16.9
244,23,"Ejerhed et al., 2003",BPTB,lachman_1,"23, Ejerhed et al., 2003, BPTB, lachman_1",dichotomous,32.0,14.0,5.158,,,,,,Included,27.26,8.47,21.0,11.0,24.0,2.0
245,23,"Ejerhed et al., 2003",HT,lachman_1,"23, Ejerhed et al., 2003, HT, lachman_1",dichotomous,34.0,18.0,4.227,,,,,,Included,27.26,8.47,21.0,11.0,24.0,2.0
246,26,"Feller & Webster, 2003",BPTB,lachman_1,"26, Feller & Webster, 2003, BPTB, lachman_1",dichotomous,27.0,6.0,0.3,,,,,,Included,25.8,6.0,23.0,8.0,36.0,3.0
247,26,"Feller & Webster, 2003",HT,lachman_1,"26, Feller & Webster, 2003, HT, lachman_1",dichotomous,21.0,19.0,0.109,,,,,,Included,25.8,6.0,23.0,8.0,36.0,3.0
248,30,"Gifstad et al., 2013",BPTB,lachman_1,"30, Gifstad et al., 2013, BPTB, lachman_1",dichotomous,41.0,16.0,0.24,,,,,,Included,27.0,6.74,,,84.0,7.0
249,30,"Gifstad et al., 2013",HT,lachman_1,"30, Gifstad et al., 2013, HT, lachman_1",dichotomous,36.0,13.0,0.257,,,,,,Included,27.0,6.74,,,84.0,7.0
250,32,"Guglielmetti et al., 2021",BPTB,lachman_1,"32, Guglielmetti et al., 2021, BPTB, lachman_1",dichotomous,31.0,9.0,0.48,,,,,,Included,25.2,5.48,23.0,8.0,24.0,2.0
251,32,"Guglielmetti et al., 2021",HT,lachman_1,"32, Guglielmetti et al., 2021, HT, lachman_1",dichotomous,31.0,9.0,0.696,,,,,,Included,25.2,5.48,23.0,8.0,24.0,2.0
252,33,"Harilainen et al., 2006",BPTB,lachman_1,"33, Harilainen et al., 2006, BPTB, lachman_1",dichotomous,37.0,8.0,0.082,,,,,,Included,,,,,60.6,5.1
253,33,"Harilainen et al., 2006",HT,lachman_1,"33, Harilainen et al., 2006, HT, lachman_1",dichotomous,37.0,6.0,0.253,,,,,,Included,,,,,60.6,5.1
254,37,"Ibrahim et al., 2005",BPTB,lachman_1,"37, Ibrahim et al., 2005, BPTB, lachman_1",dichotomous,40.0,5.0,0.994,,,,,,Included,22.3,3.94,40.0,0.0,81.0,6.8
255,37,"Ibrahim et al., 2005",HT,lachman_1,"37, Ibrahim et al., 2005, HT, lachman_1",dichotomous,46.0,7.0,1.304,,,,,,Included,22.3,3.94,40.0,0.0,81.0,6.8
258,41,"Jansson et al., 2003",BPTB,lachman_1,"41, Jansson et al., 2003, BPTB, lachman_1",dichotomous,43.0,8.0,1.593,,,,,,Included,,,,,24.0,2.0
259,41,"Jansson et al., 2003",HT,lachman_1,"41, Jansson et al., 2003, HT, lachman_1",dichotomous,46.0,8.0,1.517,,,,,,Included,,,,,24.0,2.0
260,45,"Konrads et al., 2016",BPTB,lachman_1,"45, Konrads et al., 2016, BPTB, lachman_1",dichotomous,24.0,8.0,2.603,,,,,,Included,29.8,6.33,22.0,9.0,120.0,10.0
261,45,"Konrads et al., 2016",HT,lachman_1,"45, Konrads et al., 2016, HT, lachman_1",dichotomous,23.0,11.0,4.596,,,,,,Included,29.8,6.33,22.0,9.0,120.0,10.0
264,51,"Li et al., 2015",HT,lachman_1,"51, Li et al., 2015, HT, lachman_1",dichotomous,32.0,6.0,1.414,,,,,,Included,29.8,7.9,17.0,15.0,69.6,5.8
265,51,"Li et al., 2015",TA,lachman_1,"51, Li et al., 2015, TA, lachman_1",dichotomous,32.0,13.0,4.019,,,,,,Included,29.8,7.9,17.0,15.0,69.6,5.8
266,52,"Lidén et al., 2007",BPTB,lachman_1,"52, Lidén et al., 2007, BPTB, lachman_1",dichotomous,30.0,23.0,15.405,,,,,,Included,28.0,8.37,23.0,11.0,87.10618173,7.3
267,52,"Lidén et al., 2007",HT,lachman_1,"52, Lidén et al., 2007, HT, lachman_1",dichotomous,32.0,26.0,20.607,,,,,,Included,28.0,8.37,23.0,11.0,87.10618173,7.3
268,55,"Lui et al., 2012",BPTB,lachman_1,"55, Lui et al., 2012, BPTB, lachman_1",dichotomous,14.0,4.0,1.684,,,,,,Included,26.5,5.0,14.0,0.0,12.0,1.0
269,55,"Lui et al., 2012",HT,lachman_1,"55, Lui et al., 2012, HT, lachman_1",dichotomous,17.0,6.0,1.031,,,,,,Included,26.5,5.0,14.0,0.0,12.0,1.0
270,58,"Malik et al., 2026",HT,lachman_1,"58, Malik et al., 2026, HT, lachman_1",dichotomous,25.0,3.0,0.8,,,,,,Included,28.12,5.21,18.0,7.0,6.0,0.5
271,58,"Malik et al., 2026",PLT,lachman_1,"58, Malik et al., 2026, PLT, lachman_1",dichotomous,25.0,2.0,0.54,,,,,,Included,28.12,5.21,18.0,7.0,6.0,0.5
278,70,"Noh et al., 2011",HT,lachman_1,"70, Noh et al., 2011, HT, lachman_1",dichotomous,33.0,6.0,1.383,,,,,,Included,25.81,7.46,30.0,3.0,28.1,2.3
279,70,"Noh et al., 2011",AT,lachman_1,"70, Noh et al., 2011, AT, lachman_1",dichotomous,32.0,6.0,3.098,,,,,,Included,25.81,7.46,30.0,3.0,28.1,2.3
280,76,"Pinczewski et al., 2007",BPTB,lachman_1,"76, Pinczewski et al., 2007, BPTB, lachman_1",dichotomous,53.0,10.0,1.778,,,,,,Included,25.0,5.49,48.0,42.0,120.0,10.0
281,76,"Pinczewski et al., 2007",HT,lachman_1,"76, Pinczewski et al., 2007, HT, lachman_1",dichotomous,58.0,12.0,2.07,,,,,,Included,25.0,5.49,48.0,42.0,120.0,10.0
282,77,"Popovic et al., 2024",BPTB,lachman_1,"77, Popovic et al., 2024, BPTB, lachman_1",dichotomous,38.0,0.0,0.081,,,,,,Included,27.0,6.82,,,228.0,19.0
283,77,"Popovic et al., 2024",HT,lachman_1,"77, Popovic et al., 2024, HT, lachman_1",dichotomous,33.0,5.0,0.087,,,,,,Included,27.0,6.82,,,228.0,19.0
284,82,"Sajovic et al., 2018",BPTB,lachman_1,"82, Sajovic et al., 2018, BPTB, lachman_1",dichotomous,24.0,5.0,1.418,,,,,,Included,45.5,8.7,15.0,9.0,204.0,17.0
285,82,"Sajovic et al., 2018",HT,lachman_1,"82, Sajovic et al., 2018, HT, lachman_1",dichotomous,24.0,5.0,1.418,,,,,,Included,45.5,8.7,15.0,9.0,204.0,17.0
288,98,"Yoo et al., 2017",HT,lachman_1,"98, Yoo et al., 2017, HT, lachman_1",dichotomous,68.0,36.0,0.58,,,,,,Included,30.0,9.96,61.0,7.0,32.8,2.7
289,98,"Yoo et al., 2017",TA,lachman_1,"98, Yoo et al., 2017, TA, lachman_1",dichotomous,64.0,35.0,0.897,,,,,,Included,30.0,9.96,61.0,7.0,32.8,2.7
290,3,"Ahldén et al., 2009",BPTB,lysholm,"3, Ahldén et al., 2009, BPTB, lysholm",continuous,25.0,80.7,21.64,15.0,,89.0,,100.0,Included,27.41,8.9,14.0,8.0,90.27134752,7.5
291,3,"Ahldén et al., 2009",HT,lysholm,"3, Ahldén et al., 2009, HT, lysholm",continuous,22.0,79.16,13.35,49.0,,81.0,,100.0,Included,27.41,8.9,14.0,8.0,90.27134752,7.5
292,9,"Barenius et al., 2010",BPTB,lysholm,"9, Barenius et al., 2010, BPTB, lysholm",continuous,78.0,85.82,11.83,43.0,,88.0,,100.0,Included,33.0,6.3,38.0,40.0,96.0,8.0
293,9,"Barenius et al., 2010",HT,lysholm,"9, Barenius et al., 2010, HT, lysholm",continuous,75.0,86.42,12.53,40.0,,89.0,,100.0,Included,33.0,6.3,38.0,40.0,96.0,8.0
294,10,"Barié et al., 2020",BPTB,lysholm,"10, Barié et al., 2020, BPTB, lysholm",continuous,43.0,95.2,6.6,,,,,,Included,30.6,7.5,17.0,13.0,122.4,10.2
295,10,"Barié et al., 2020",QT,lysholm,"10, Barié et al., 2020, QT, lysholm",continuous,43.0,95.6,7.8,,,,,,Included,30.6,7.5,17.0,13.0,122.4,10.2
296,13,"Björnsson et al., 2016",BPTB,lysholm,"13, Björnsson et al., 2016, BPTB, lysholm",continuous,61.0,79.4,16.9,,,,,,Included,28.2,9.1,42.0,19.0,202.6,16.9
297,13,"Björnsson et al., 2016",HT,lysholm,"13, Björnsson et al., 2016, HT, lysholm",continuous,86.0,80.7,15.3,,,,,,Included,28.2,9.1,42.0,19.0,202.6,16.9
298,18,"Butt et al., 2024",HT,lysholm,"18, Butt et al., 2024, HT, lysholm",continuous,30.0,95.1,5.2,,,,,,Included,29.17,5.03,29.0,1.0,60.0,5.0
299,18,"Butt et al., 2024",PLT,lysholm,"18, Butt et al., 2024, PLT, lysholm",continuous,30.0,94.5,6.4,,,,,,Included,29.17,5.03,29.0,1.0,60.0,5.0
300,19,"Calvert et al., 2025",HT,lysholm,"19, Calvert et al., 2025, HT, lysholm",continuous,92.0,94.0,7.0,,,,,,Included,29.4,7.7,28.0,27.0,24.0,2.0
301,19,"Calvert et al., 2025",QT,lysholm,"19, Calvert et al., 2025, QT, lysholm",continuous,89.0,93.0,8.0,,,,,,Included,29.4,7.7,28.0,27.0,24.0,2.0
302,23,"Ejerhed et al., 2003",BPTB,lysholm,"23, Ejerhed et al., 2003, BPTB, lysholm",continuous,32.0,89.96,13.06,46.0,,95.0,,100.0,Included,27.26,8.47,21.0,11.0,24.0,2.0
303,23,"Ejerhed et al., 2003",HT,lysholm,"23, Ejerhed et al., 2003, HT, lysholm",continuous,34.0,86.79,11.72,51.0,,90.0,,100.0,Included,27.26,8.47,21.0,11.0,24.0,2.0
308,32,"Guglielmetti et al., 2021",BPTB,lysholm,"32, Guglielmetti et al., 2021, BPTB, lysholm",continuous,31.0,89.87,9.17,,,,,,Included,25.2,5.48,23.0,8.0,24.0,2.0
309,32,"Guglielmetti et al., 2021",HT,lysholm,"32, Guglielmetti et al., 2021, HT, lysholm",continuous,31.0,91.26,9.36,,,,,,Included,25.2,5.48,23.0,8.0,24.0,2.0
310,33,"Harilainen et al., 2006",BPTB,lysholm,"33, Harilainen et al., 2006, BPTB, lysholm",continuous,37.0,89.11,15.53,34.0,,95.0,,100.0,Included,,,,,60.6,5.1
311,33,"Harilainen et al., 2006",HT,lysholm,"33, Harilainen et al., 2006, HT, lysholm",continuous,37.0,95.0,15.53,34.0,,95.0,,100.0,Included,,,,,60.6,5.1
312,35,"Holm et al., 2010",BPTB,lysholm,"35, Holm et al., 2010, BPTB, lysholm",continuous,28.0,84.2,15.4,,,,,,Included,33.9,6.2,18.0,10.0,10.2,0.9
313,35,"Holm et al., 2010",HT,lysholm,"35, Holm et al., 2010, HT, lysholm",continuous,29.0,86.1,15.1,,,,,,Included,33.9,6.2,18.0,10.0,10.2,0.9
314,36,"Horstmann et al., 2022",HT,lysholm,"36, Horstmann et al., 2022, HT, lysholm",continuous,26.0,83.5,17.4,,,,,,Included,32.7,11.4,12.0,15.0,24.0,2.0
315,36,"Horstmann et al., 2022",QT,lysholm,"36, Horstmann et al., 2022, QT, lysholm",continuous,23.0,90.4,11.9,,,,,,Included,32.7,11.4,12.0,15.0,24.0,2.0
316,37,"Ibrahim et al., 2005",BPTB,lysholm,"37, Ibrahim et al., 2005, BPTB, lysholm",continuous,40.0,91.6,3.94,79.0,,,,96.0,Included,22.3,3.94,40.0,0.0,81.0,6.8
317,37,"Ibrahim et al., 2005",HT,lysholm,"37, Ibrahim et al., 2005, HT, lysholm",continuous,46.0,92.7,3.62,81.0,,,,97.0,Included,22.3,3.94,40.0,0.0,81.0,6.8
318,38,"Iliopoulos et al., 2017",BPTB,lysholm,"38, Iliopoulos et al., 2017, BPTB, lysholm",continuous,45.0,95.8,2.4,,,,,,Included,24.8,5.0,10.0,0.0,9.0,0.8
319,38,"Iliopoulos et al., 2017",HT,lysholm,"38, Iliopoulos et al., 2017, HT, lysholm",continuous,45.0,94.0,3.6,,,,,,Included,24.8,5.0,10.0,0.0,9.0,0.8
322,43,"Kautzner et al., 2015",BPTB,lysholm,"43, Kautzner et al., 2015, BPTB, lysholm",continuous,74.0,88.0,7.5,,,,,,Included,26.0,6.28,0.0,74.0,24.0,2.0
323,43,"Kautzner et al., 2015",HT,lysholm,"43, Kautzner et al., 2015, HT, lysholm",continuous,73.0,90.0,7.6,,,,,,Included,26.0,6.28,0.0,74.0,24.0,2.0
324,44,"Komzak et al., 2022",BPTB,lysholm,"44, Komzak et al., 2022, BPTB, lysholm",continuous,36.0,93.4,9.6,,,,,,Included,31.0,9.46,23.0,17.0,28.0,2.3
325,44,"Komzak et al., 2022",QT,lysholm,"44, Komzak et al., 2022, QT, lysholm",continuous,36.0,90.1,6.7,,,,,,Included,31.0,9.46,23.0,17.0,28.0,2.3
326,45,"Konrads et al., 2016",BPTB,lysholm,"45, Konrads et al., 2016, BPTB, lysholm",continuous,24.0,92.0,8.99,63.0,,,,98.0,Included,29.8,6.33,22.0,9.0,120.0,10.0
327,45,"Konrads et al., 2016",HT,lysholm,"45, Konrads et al., 2016, HT, lysholm",continuous,23.0,91.8,9.33,62.0,,,,98.0,Included,29.8,6.33,22.0,9.0,120.0,10.0
330,49,"Laxdal et al., 2005",BPTB,lysholm,"49, Laxdal et al., 2005, BPTB, lysholm",continuous,40.0,94.0,18.09,22.0,,,,100.0,Included,28.0,8.35,,,26.0,2.2
331,49,"Laxdal et al., 2005",HT,lysholm,"49, Laxdal et al., 2005, HT, lysholm",continuous,78.0,92.0,13.4,,,,,,Included,28.0,8.35,,,26.0,2.2
332,51,"Li et al., 2015",HT,lysholm,"51, Li et al., 2015, HT, lysholm",continuous,32.0,91.3,11.5,,,,,,Included,29.8,7.9,17.0,15.0,69.6,5.8
333,51,"Li et al., 2015",TA,lysholm,"51, Li et al., 2015, TA, lysholm",continuous,32.0,88.7,8.6,,,,,,Included,29.8,7.9,17.0,15.0,69.6,5.8
334,52,"Lidén et al., 2007",BPTB,lysholm,"52, Lidén et al., 2007, BPTB, lysholm",continuous,30.0,81.0,18.38,25.0,,,,100.0,Included,28.0,8.37,23.0,11.0,87.10618173,7.3
335,52,"Lidén et al., 2007",HT,lysholm,"52, Lidén et al., 2007, HT, lysholm",continuous,32.0,90.0,12.1,50.0,,,,100.0,Included,28.0,8.37,23.0,11.0,87.10618173,7.3
336,54,"Lucidi et al., 2025",BPTB,lysholm,"54, Lucidi et al., 2025, BPTB, lysholm",continuous,19.0,84.8,10.3,,,,,,Included,52.8,7.3,,,240.0,20.0
337,54,"Lucidi et al., 2025",HT,lysholm,"54, Lucidi et al., 2025, HT, lysholm",continuous,20.0,88.6,8.3,,,,,,Included,52.8,7.3,,,240.0,20.0
338,55,"Lui et al., 2012",BPTB,lysholm,"55, Lui et al., 2012, BPTB, lysholm",continuous,14.0,84.0,13.47,54.0,,,,100.0,Included,26.5,5.0,14.0,0.0,12.0,1.0
339,55,"Lui et al., 2012",HT,lysholm,"55, Lui et al., 2012, HT, lysholm",continuous,17.0,80.0,15.59,43.0,,,,99.0,Included,26.5,5.0,14.0,0.0,12.0,1.0
342,58,"Malik et al., 2026",HT,lysholm,"58, Malik et al., 2026, HT, lysholm",continuous,25.0,85.1,6.4,,,,,,Included,28.12,5.21,18.0,7.0,6.0,0.5
343,58,"Malik et al., 2026",PLT,lysholm,"58, Malik et al., 2026, PLT, lysholm",continuous,25.0,89.4,5.8,,,,,,Included,28.12,5.21,18.0,7.0,6.0,0.5
344,68,"Moraiti et al., 2010",BPTB,lysholm,"68, Moraiti et al., 2010, BPTB, lysholm",continuous,6.0,96.0,3.0,,,,,,Included,23.0,2.0,6.0,0.0,21.0,1.8
345,68,"Moraiti et al., 2010",HT,lysholm,"68, Moraiti et al., 2010, HT, lysholm",continuous,6.0,95.0,5.0,,,,,,Included,23.0,2.0,6.0,0.0,21.0,1.8
346,70,"Noh et al., 2011",HT,lysholm,"70, Noh et al., 2011, HT, lysholm",continuous,33.0,98.0,3.61,85.0,,,,100.0,Included,25.81,7.46,30.0,3.0,28.1,2.3
347,70,"Noh et al., 2011",AT,lysholm,"70, Noh et al., 2011, AT, lysholm",continuous,32.0,99.0,3.63,85.0,,,,100.0,Included,25.81,7.46,30.0,3.0,28.1,2.3
350,73,"Papalia et al., 2015",BPTB,lysholm,"73, Papalia et al., 2015, BPTB, lysholm",continuous,20.0,87.4,13.8,,,,,,Included,24.7,,0.0,20.0,6.0,0.5
351,73,"Papalia et al., 2015",HT,lysholm,"73, Papalia et al., 2015, HT, lysholm",continuous,20.0,93.17,10.3,,,,,,Included,24.7,,0.0,20.0,6.0,0.5
354,77,"Popovic et al., 2024",BPTB,lysholm,"77, Popovic et al., 2024, BPTB, lysholm",continuous,38.0,82.0,15.45,34.0,,,,100.0,Included,27.0,6.82,,,228.0,19.0
355,77,"Popovic et al., 2024",HT,lysholm,"77, Popovic et al., 2024, HT, lysholm",continuous,33.0,85.0,14.67,39.0,,,,100.0,Included,27.0,6.82,,,228.0,19.0
356,87,"Sonnery-cottet et al., 2026",BPTB,lysholm,"87, Sonnery-cottet et al., 2026, BPTB, lysholm",continuous,296.0,89.0,12.4,,,,,,Included,24.8,4.4,214.0,69.0,61.5,5.1
357,87,"Sonnery-cottet et al., 2026",HT,lysholm,"87, Sonnery-cottet et al., 2026, HT, lysholm",continuous,297.0,91.1,11.9,,,,,,Included,24.8,4.4,214.0,69.0,61.5,5.1
358,89,"Tang et al., 2023",HT,lysholm,"89, Tang et al., 2023, HT, lysholm",continuous,16.0,90.06,7.33,,,,,,Included,28.31,8.55,13.0,3.0,24.0,2.0
359,89,"Tang et al., 2023",QT,lysholm,"89, Tang et al., 2023, QT, lysholm",continuous,17.0,90.0,4.26,,,,,,Included,28.31,8.55,13.0,3.0,24.0,2.0
360,90,"Taylor et al., 2009",BPTB,lysholm,"90, Taylor et al., 2009, BPTB, lysholm",continuous,21.0,90.3,12.19,,,,,,Included,21.7,4.6,25.0,7.0,32.4,2.7
361,90,"Taylor et al., 2009",HT,lysholm,"90, Taylor et al., 2009, HT, lysholm",continuous,23.0,90.4,12.75,,,,,,Included,21.7,4.6,25.0,7.0,32.4,2.7
362,93,"Vilchez-cavazos et al., 2020",BPTB,lysholm,"93, Vilchez-cavazos et al., 2020, BPTB, lysholm",continuous,14.0,96.0,2.93,,90.0,98.0,100.0,,Included,24.46,8.24,12.0,3.0,12.0,1.0
363,93,"Vilchez-cavazos et al., 2020",QT,lysholm,"93, Vilchez-cavazos et al., 2020, QT, lysholm",continuous,14.0,95.33,2.64,,91.0,95.0,100.0,,Included,24.46,8.24,12.0,3.0,12.0,1.0
364,96,"Wipfler et al., 2011",BPTB,lysholm,"96, Wipfler et al., 2011, BPTB, lysholm",continuous,29.0,87.28,1.76,,,,,,Included,29.87,7.3,19.0,12.0,108.0,9.0
365,96,"Wipfler et al., 2011",HT,lysholm,"96, Wipfler et al., 2011, HT, lysholm",continuous,25.0,91.82,1.71,,,,,,Included,29.87,7.3,19.0,12.0,108.0,9.0
366,97,"Yadav et al., 2025",HT,lysholm,"97, Yadav et al., 2025, HT, lysholm",continuous,36.0,92.4,0.0,,,,,,Included,30.06,8.87,32.0,4.0,12.0,1.0
367,97,"Yadav et al., 2025",QT,lysholm,"97, Yadav et al., 2025, QT, lysholm",continuous,33.0,88.2,0.0,,,,,,Included,30.06,8.87,32.0,4.0,12.0,1.0
368,98,"Yoo et al., 2017",HT,lysholm,"98, Yoo et al., 2017, HT, lysholm",continuous,68.0,96.0,6.99,67.0,,,,100.0,Included,30.0,9.96,61.0,7.0,32.8,2.7
369,98,"Yoo et al., 2017",TA,lysholm,"98, Yoo et al., 2017, TA, lysholm",continuous,64.0,93.0,5.78,73.0,,,,100.0,Included,30.0,9.96,61.0,7.0,32.8,2.7
370,2,"Aglietti et al., 2004",BPTB,pivot_shift_1,"2, Aglietti et al., 2004, BPTB, pivot_shift_1",dichotomous,60.0,10.0,0.065,,,,,,Included,25.0,4.97,46.0,14.0,24.0,2.0
371,2,"Aglietti et al., 2004",HT,pivot_shift_1,"2, Aglietti et al., 2004, HT, pivot_shift_1",dichotomous,60.0,11.0,0.065,,,,,,Included,25.0,4.97,46.0,14.0,24.0,2.0
372,5,"Anderson et al., 2001",BPTB,pivot_shift_1,"5, Anderson et al., 2001, BPTB, pivot_shift_1",dichotomous,35.0,18.0,1.585,,,,,,Included,23.6,7.13,23.0,12.0,34.6,2.9
373,5,"Anderson et al., 2001",HT,pivot_shift_1,"5, Anderson et al., 2001, HT, pivot_shift_1",dichotomous,33.0,36.0,1.953,,,,,,Included,23.6,7.13,23.0,12.0,34.6,2.9
376,11,"Beynnon et al., 2002",BPTB,pivot_shift_1,"11, Beynnon et al., 2002, BPTB, pivot_shift_1",dichotomous,22.0,3.0,0.107,,,,,,Included,28.5,6.96,18.0,10.0,36.0,3.0
377,11,"Beynnon et al., 2002",HT,pivot_shift_1,"11, Beynnon et al., 2002, HT, pivot_shift_1",dichotomous,22.0,9.0,1.905,,,,,,Included,28.5,6.96,18.0,10.0,36.0,3.0
378,12,"Bi et al., 2018",HT,pivot_shift_1,"12, Bi et al., 2018, HT, pivot_shift_1",dichotomous,62.0,4.0,0.064,,,,,,Included,27.9,6.7,31.0,31.0,30.3,2.5
379,12,"Bi et al., 2018",PLT,pivot_shift_1,"12, Bi et al., 2018, PLT, pivot_shift_1",dichotomous,62.0,5.0,0.064,,,,,,Included,27.9,6.7,31.0,31.0,30.3,2.5
380,13,"Björnsson et al., 2016",BPTB,pivot_shift_1,"13, Björnsson et al., 2016, BPTB, pivot_shift_1",dichotomous,61.0,26.0,1.992,,,,,,Included,28.2,9.1,42.0,19.0,202.6,16.9
381,13,"Björnsson et al., 2016",HT,pivot_shift_1,"13, Björnsson et al., 2016, HT, pivot_shift_1",dichotomous,86.0,28.0,1.715,,,,,,Included,28.2,9.1,42.0,19.0,202.6,16.9
384,25,"Eriksson et al., 2001",BPTB,pivot_shift_1,"25, Eriksson et al., 2001, BPTB, pivot_shift_1",dichotomous,42.0,6.0,0.405,,,,,,Included,27.0,6.0,,,6.7,0.6
385,25,"Eriksson et al., 2001",HT,pivot_shift_1,"25, Eriksson et al., 2001, HT, pivot_shift_1",dichotomous,47.0,19.0,1.714,,,,,,Included,27.0,6.0,,,6.7,0.6
386,26,"Feller & Webster, 2003",BPTB,pivot_shift_1,"26, Feller & Webster, 2003, BPTB, pivot_shift_1",dichotomous,27.0,2.0,0.096,,,,,,Included,25.8,6.0,23.0,8.0,36.0,3.0
387,26,"Feller & Webster, 2003",HT,pivot_shift_1,"26, Feller & Webster, 2003, HT, pivot_shift_1",dichotomous,21.0,9.0,1.575,,,,,,Included,25.8,6.0,23.0,8.0,36.0,3.0
388,32,"Guglielmetti et al., 2021",BPTB,pivot_shift_1,"32, Guglielmetti et al., 2021, BPTB, pivot_shift_1",dichotomous,31.0,7.0,0.48,,,,,,Included,25.2,5.48,23.0,8.0,24.0,2.0
389,32,"Guglielmetti et al., 2021",HT,pivot_shift_1,"32, Guglielmetti et al., 2021, HT, pivot_shift_1",dichotomous,31.0,10.0,0.696,,,,,,Included,25.2,5.48,23.0,8.0,24.0,2.0
390,33,"Harilainen et al., 2006",BPTB,pivot_shift_1,"33, Harilainen et al., 2006, BPTB, pivot_shift_1",dichotomous,37.0,4.0,0.082,,,,,,Included,,,,,60.6,5.1
391,33,"Harilainen et al., 2006",HT,pivot_shift_1,"33, Harilainen et al., 2006, HT, pivot_shift_1",dichotomous,37.0,4.0,0.253,,,,,,Included,,,,,60.6,5.1
392,34,"Heijne & Werner, 2010",BPTB,pivot_shift_1,"34, Heijne & Werner, 2010, BPTB, pivot_shift_1",dichotomous,30.0,13.0,0.71,,,,,,Included,29.0,7.0,22.0,12.0,24.7,2.1
393,34,"Heijne & Werner, 2010",HT,pivot_shift_1,"34, Heijne & Werner, 2010, HT, pivot_shift_1",dichotomous,29.0,22.0,2.18,,,,,,Included,29.0,7.0,22.0,12.0,24.7,2.1
394,36,"Horstmann et al., 2022",HT,pivot_shift_1,"36, Horstmann et al., 2022, HT, pivot_shift_1",dichotomous,26.0,0.0,0.098,,,,,,Included,32.7,11.4,12.0,15.0,24.0,2.0
395,36,"Horstmann et al., 2022",QT,pivot_shift_1,"36, Horstmann et al., 2022, QT, pivot_shift_1",dichotomous,23.0,0.0,0.104,,,,,,Included,32.7,11.4,12.0,15.0,24.0,2.0
396,37,"Ibrahim et al., 2005",BPTB,pivot_shift_1,"37, Ibrahim et al., 2005, BPTB, pivot_shift_1",dichotomous,40.0,5.0,0.994,,,,,,Included,22.3,3.94,40.0,0.0,81.0,6.8
397,37,"Ibrahim et al., 2005",HT,pivot_shift_1,"37, Ibrahim et al., 2005, HT, pivot_shift_1",dichotomous,45.0,8.0,1.541,,,,,,Included,22.3,3.94,40.0,0.0,81.0,6.8
400,41,"Jansson et al., 2003",BPTB,pivot_shift_1,"41, Jansson et al., 2003, BPTB, pivot_shift_1",dichotomous,43.0,3.0,0.574,,,,,,Included,,,,,24.0,2.0
401,41,"Jansson et al., 2003",HT,pivot_shift_1,"41, Jansson et al., 2003, HT, pivot_shift_1",dichotomous,46.0,3.0,0.552,,,,,,Included,,,,,24.0,2.0
404,46,"Laoruengthana et al., 2009",BPTB,pivot_shift_1,"46, Laoruengthana et al., 2009, BPTB, pivot_shift_1",dichotomous,15.0,2.0,0.745,,,,,,Included,29.93,8.91,,,19.0,1.6
405,46,"Laoruengthana et al., 2009",HT,pivot_shift_1,"46, Laoruengthana et al., 2009, HT, pivot_shift_1",dichotomous,13.0,2.0,0.819,,,,,,Included,29.93,8.91,,,19.0,1.6
406,47,"Lawhorn et al., 2012",HT,pivot_shift_1,"47, Lawhorn et al., 2012, HT, pivot_shift_1",dichotomous,44.0,6.0,1.072,,,,,,Included,32.0,8.43,32.0,22.0,24.0,2.0
407,47,"Lawhorn et al., 2012",TA,pivot_shift_1,"47, Lawhorn et al., 2012, TA, pivot_shift_1",dichotomous,48.0,4.0,0.746,,,,,,Included,32.0,8.43,32.0,22.0,24.0,2.0
408,51,"Li et al., 2015",HT,pivot_shift_1,"51, Li et al., 2015, HT, pivot_shift_1",dichotomous,32.0,4.0,0.909,,,,,,Included,29.8,7.9,17.0,15.0,69.6,5.8
409,51,"Li et al., 2015",TA,pivot_shift_1,"51, Li et al., 2015, TA, pivot_shift_1",dichotomous,32.0,9.0,2.337,,,,,,Included,29.8,7.9,17.0,15.0,69.6,5.8
410,53,"Lind et al., 2020",HT,pivot_shift_1,"53, Lind et al., 2020, HT, pivot_shift_1",dichotomous,49.0,11.0,2.118,,,,,,Included,27.1,6.1,25.0,24.0,24.0,2.0
411,53,"Lind et al., 2020",QT,pivot_shift_1,"53, Lind et al., 2020, QT, pivot_shift_1",dichotomous,47.0,8.0,1.494,,,,,,Included,27.1,6.1,25.0,24.0,24.0,2.0
412,54,"Lucidi et al., 2025",BPTB,pivot_shift_1,"54, Lucidi et al., 2025, BPTB, pivot_shift_1",dichotomous,19.0,7.0,2.72,,,,,,Included,52.8,7.3,,,240.0,20.0
413,54,"Lucidi et al., 2025",HT,pivot_shift_1,"54, Lucidi et al., 2025, HT, pivot_shift_1",dichotomous,20.0,5.0,1.64,,,,,,Included,52.8,7.3,,,240.0,20.0
414,56,"Lund et al., 2014",BPTB,pivot_shift_1,"56, Lund et al., 2014, BPTB, pivot_shift_1",dichotomous,18.0,3.0,0.99,,,,,,Included,31.0,8.0,15.0,3.0,24.0,2.0
415,56,"Lund et al., 2014",QT,pivot_shift_1,"56, Lund et al., 2014, QT, pivot_shift_1",dichotomous,21.0,8.0,3.0,,,,,,Included,31.0,8.0,15.0,3.0,24.0,2.0
416,58,"Malik et al., 2026",HT,pivot_shift_1,"58, Malik et al., 2026, HT, pivot_shift_1",dichotomous,25.0,4.0,1.07,,,,,,Included,28.12,5.21,18.0,7.0,6.0,0.5
417,58,"Malik et al., 2026",PLT,pivot_shift_1,"58, Malik et al., 2026, PLT, pivot_shift_1",dichotomous,25.0,3.0,0.8,,,,,,Included,28.12,5.21,18.0,7.0,6.0,0.5
420,70,"Noh et al., 2011",HT,pivot_shift_1,"70, Noh et al., 2011, HT, pivot_shift_1",dichotomous,33.0,6.0,1.383,,,,,,Included,25.81,7.46,30.0,3.0,28.1,2.3
421,70,"Noh et al., 2011",AT,pivot_shift_1,"70, Noh et al., 2011, AT, pivot_shift_1",dichotomous,32.0,11.0,1.414,,,,,,Included,25.81,7.46,30.0,3.0,28.1,2.3
422,76,"Pinczewski et al., 2007",BPTB,pivot_shift_1,"76, Pinczewski et al., 2007, BPTB, pivot_shift_1",dichotomous,53.0,5.0,0.834,,,,,,Included,25.0,5.49,48.0,42.0,120.0,10.0
423,76,"Pinczewski et al., 2007",HT,pivot_shift_1,"76, Pinczewski et al., 2007, HT, pivot_shift_1",dichotomous,58.0,8.0,1.295,,,,,,Included,25.0,5.49,48.0,42.0,120.0,10.0
424,77,"Popovic et al., 2024",BPTB,pivot_shift_1,"77, Popovic et al., 2024, BPTB, pivot_shift_1",dichotomous,38.0,1.0,0.616,,,,,,Included,27.0,6.82,,,228.0,19.0
425,77,"Popovic et al., 2024",HT,pivot_shift_1,"77, Popovic et al., 2024, HT, pivot_shift_1",dichotomous,33.0,3.0,0.087,,,,,,Included,27.0,6.82,,,228.0,19.0
426,82,"Sajovic et al., 2018",BPTB,pivot_shift_1,"82, Sajovic et al., 2018, BPTB, pivot_shift_1",dichotomous,24.0,5.0,1.769,,,,,,Included,45.5,8.7,15.0,9.0,204.0,17.0
427,82,"Sajovic et al., 2018",HT,pivot_shift_1,"82, Sajovic et al., 2018, HT, pivot_shift_1",dichotomous,24.0,6.0,1.418,,,,,,Included,45.5,8.7,15.0,9.0,204.0,17.0
430,97,"Yadav et al., 2025",HT,pivot_shift_1,"97, Yadav et al., 2025, HT, pivot_shift_1",dichotomous,36.0,5.0,1.065,,,,,,Included,30.06,8.87,32.0,4.0,12.0,1.0
431,97,"Yadav et al., 2025",QT,pivot_shift_1,"97, Yadav et al., 2025, QT, pivot_shift_1",dichotomous,33.0,0.0,0.087,,,,,,Included,30.06,8.87,32.0,4.0,12.0,1.0
432,98,"Yoo et al., 2017",HT,pivot_shift_1,"98, Yoo et al., 2017, HT, pivot_shift_1",dichotomous,68.0,26.0,0.312,,,,,,Included,30.0,9.96,61.0,7.0,32.8,2.7
433,98,"Yoo et al., 2017",TA,pivot_shift_1,"98, Yoo et al., 2017, TA, pivot_shift_1",dichotomous,64.0,33.0,0.459,,,,,,Included,30.0,9.96,61.0,7.0,32.8,2.7
434,1,"Ageberg et al., 2009",BPTB,tegner,"1, Ageberg et al., 2009, BPTB, tegner",continuous,16.0,4.17,1.41,2.0,,4.0,,7.0,Included,32.0,5.0,15.0,5.0,36.0,3.0
435,1,"Ageberg et al., 2009",HT,tegner,"1, Ageberg et al., 2009, HT, tegner",continuous,20.0,3.15,1.34,1.0,,3.0,,6.0,Included,32.0,5.0,15.0,5.0,36.0,3.0
436,3,"Ahldén et al., 2009",BPTB,tegner,"3, Ahldén et al., 2009, BPTB, tegner",continuous,25.0,4.87,2.29,0.0,,5.0,,9.0,Included,27.41,8.9,14.0,8.0,90.27134752,7.5
437,3,"Ahldén et al., 2009",HT,tegner,"3, Ahldén et al., 2009, HT, tegner",continuous,22.0,4.86,1.31,2.0,,5.0,,7.0,Included,27.41,8.9,14.0,8.0,90.27134752,7.5
438,9,"Barenius et al., 2010",BPTB,tegner,"9, Barenius et al., 2010, BPTB, tegner",continuous,78.0,5.8,1.87,0.0,,6.0,,9.0,Included,33.0,6.3,38.0,40.0,96.0,8.0
439,9,"Barenius et al., 2010",HT,tegner,"9, Barenius et al., 2010, HT, tegner",continuous,75.0,4.07,1.88,0.0,,4.0,,9.0,Included,33.0,6.3,38.0,40.0,96.0,8.0
440,10,"Barié et al., 2020",BPTB,tegner,"10, Barié et al., 2020, BPTB, tegner",continuous,43.0,6.1,1.14,4.0,,6.0,,9.0,Included,30.6,7.5,17.0,13.0,122.4,10.2
441,10,"Barié et al., 2020",QT,tegner,"10, Barié et al., 2020, QT, tegner",continuous,43.0,6.1,1.14,4.0,,6.0,,9.0,Included,30.6,7.5,17.0,13.0,122.4,10.2
444,13,"Björnsson et al., 2016",BPTB,tegner,"13, Björnsson et al., 2016, BPTB, tegner",continuous,61.0,4.1,1.7,,,,,,Included,28.2,9.1,42.0,19.0,202.6,16.9
445,13,"Björnsson et al., 2016",HT,tegner,"13, Björnsson et al., 2016, HT, tegner",continuous,86.0,4.0,1.7,,,,,,Included,28.2,9.1,42.0,19.0,202.6,16.9
446,14,"Bottoni et al., 2015",HT,tegner,"14, Bottoni et al., 2015, HT, tegner",continuous,44.0,5.1,2.2,,,,,,Included,28.9,5.8,41.0,7.0,120.0,10.0
447,14,"Bottoni et al., 2015",TA,tegner,"14, Bottoni et al., 2015, TA, tegner",continuous,36.0,5.1,2.0,,,,,,Included,28.9,5.8,41.0,7.0,120.0,10.0
448,23,"Ejerhed et al., 2003",BPTB,tegner,"23, Ejerhed et al., 2003, BPTB, tegner",continuous,32.0,5.77,1.94,1.0,,6.0,,9.0,Included,27.26,8.47,21.0,11.0,24.0,2.0
449,23,"Ejerhed et al., 2003",HT,tegner,"23, Ejerhed et al., 2003, HT, tegner",continuous,34.0,6.39,1.43,3.0,,6.5,,9.0,Included,27.26,8.47,21.0,11.0,24.0,2.0
454,33,"Harilainen et al., 2006",BPTB,tegner,"33, Harilainen et al., 2006, BPTB, tegner",continuous,37.0,5.89,2.12,1.0,,6.0,,10.0,Included,,,,,60.6,5.1
455,33,"Harilainen et al., 2006",HT,tegner,"33, Harilainen et al., 2006, HT, tegner",continuous,37.0,6.0,1.41,3.0,,6.0,,9.0,Included,,,,,60.6,5.1
456,34,"Heijne & Werner, 2010",BPTB,tegner,"34, Heijne & Werner, 2010, BPTB, tegner",continuous,30.0,6.64,2.21,1.0,,7.0,,10.0,Included,29.0,7.0,22.0,12.0,24.7,2.1
457,34,"Heijne & Werner, 2010",HT,tegner,"34, Heijne & Werner, 2010, HT, tegner",continuous,29.0,5.0,1.48,2.0,,5.0,,8.0,Included,29.0,7.0,22.0,12.0,24.7,2.1
458,41,"Jansson et al., 2003",BPTB,tegner,"41, Jansson et al., 2003, BPTB, tegner",continuous,43.0,5.98,1.6,2.0,,6.1,,9.0,Included,,,,,24.0,2.0
459,41,"Jansson et al., 2003",HT,tegner,"41, Jansson et al., 2003, HT, tegner",continuous,46.0,5.82,2.26,0.0,,6.0,,10.0,Included,,,,,24.0,2.0
460,45,"Konrads et al., 2016",BPTB,tegner,"45, Konrads et al., 2016, BPTB, tegner",continuous,24.0,5.9,1.28,4.0,,,,9.0,Included,29.8,6.33,22.0,9.0,120.0,10.0
461,45,"Konrads et al., 2016",HT,tegner,"45, Konrads et al., 2016, HT, tegner",continuous,23.0,5.1,1.04,3.0,,,,7.0,Included,29.8,6.33,22.0,9.0,120.0,10.0
462,49,"Laxdal et al., 2005",BPTB,tegner,"49, Laxdal et al., 2005, BPTB, tegner",continuous,40.0,6.0,1.86,2.0,,,,10.0,Included,28.0,8.35,,,26.0,2.2
463,49,"Laxdal et al., 2005",HT,tegner,"49, Laxdal et al., 2005, HT, tegner",continuous,78.0,4.0,1.64,,,,,,Included,28.0,8.35,,,26.0,2.2
464,51,"Li et al., 2015",HT,tegner,"51, Li et al., 2015, HT, tegner",continuous,32.0,7.3,1.3,,,,,,Included,29.8,7.9,17.0,15.0,69.6,5.8
465,51,"Li et al., 2015",TA,tegner,"51, Li et al., 2015, TA, tegner",continuous,32.0,7.0,2.1,,,,,,Included,29.8,7.9,17.0,15.0,69.6,5.8
466,52,"Lidén et al., 2007",BPTB,tegner,"52, Lidén et al., 2007, BPTB, tegner",continuous,30.0,5.0,1.72,0.0,,,,7.0,Included,28.0,8.37,23.0,11.0,87.10618173,7.3
467,52,"Lidén et al., 2007",HT,tegner,"52, Lidén et al., 2007, HT, tegner",continuous,32.0,6.0,1.69,2.0,,,,9.0,Included,28.0,8.37,23.0,11.0,87.10618173,7.3
468,53,"Lind et al., 2020",HT,tegner,"53, Lind et al., 2020, HT, tegner",continuous,49.0,5.9,1.3,,,,,,Included,27.1,6.1,25.0,24.0,24.0,2.0
469,53,"Lind et al., 2020",QT,tegner,"53, Lind et al., 2020, QT, tegner",continuous,47.0,6.0,1.5,,,,,,Included,27.1,6.1,25.0,24.0,24.0,2.0
470,54,"Lucidi et al., 2025",BPTB,tegner,"54, Lucidi et al., 2025, BPTB, tegner",continuous,19.0,3.0,1.08,1.0,,,,5.0,Included,52.8,7.3,,,240.0,20.0
471,54,"Lucidi et al., 2025",HT,tegner,"54, Lucidi et al., 2025, HT, tegner",continuous,20.0,4.0,0.8,3.0,,,,6.0,Included,52.8,7.3,,,240.0,20.0
474,58,"Malik et al., 2026",HT,tegner,"58, Malik et al., 2026, HT, tegner",continuous,25.0,5.1,1.0,,,,,,Included,28.12,5.21,18.0,7.0,6.0,0.5
475,58,"Malik et al., 2026",PLT,tegner,"58, Malik et al., 2026, PLT, tegner",continuous,25.0,5.6,0.9,,,,,,Included,28.12,5.21,18.0,7.0,6.0,0.5
478,70,"Noh et al., 2011",HT,tegner,"70, Noh et al., 2011, HT, tegner",continuous,33.0,6.0,0.96,5.0,,,,9.0,Included,25.81,7.46,30.0,3.0,28.1,2.3
479,70,"Noh et al., 2011",AT,tegner,"70, Noh et al., 2011, AT, tegner",continuous,32.0,6.0,1.21,4.0,,,,9.0,Included,25.81,7.46,30.0,3.0,28.1,2.3
480,77,"Popovic et al., 2024",BPTB,tegner,"77, Popovic et al., 2024, BPTB, tegner",continuous,38.0,4.0,1.64,0.0,,,,7.0,Included,27.0,6.82,,,228.0,19.0
481,77,"Popovic et al., 2024",HT,tegner,"77, Popovic et al., 2024, HT, tegner",continuous,33.0,5.0,2.16,0.0,,,,9.0,Included,27.0,6.82,,,228.0,19.0
482,87,"Sonnery-cottet et al., 2026",BPTB,tegner,"87, Sonnery-cottet et al., 2026, BPTB, tegner",continuous,296.0,6.6,1.6,,,,,,Included,24.8,4.4,214.0,69.0,61.5,5.1
483,87,"Sonnery-cottet et al., 2026",HT,tegner,"87, Sonnery-cottet et al., 2026, HT, tegner",continuous,297.0,6.7,1.7,,,,,,Included,24.8,4.4,214.0,69.0,61.5,5.1
484,90,"Taylor et al., 2009",BPTB,tegner,"90, Taylor et al., 2009, BPTB, tegner",continuous,20.0,6.8,3.27,,,,,,Included,21.7,4.6,25.0,7.0,32.4,2.7
485,90,"Taylor et al., 2009",HT,tegner,"90, Taylor et al., 2009, HT, tegner",continuous,24.0,5.3,3.58,,,,,,Included,21.7,4.6,25.0,7.0,32.4,2.7
488,96,"Wipfler et al., 2011",BPTB,tegner,"96, Wipfler et al., 2011, BPTB, tegner",continuous,29.0,6.2,0.35,,,,,,Included,29.87,7.3,19.0,12.0,108.0,9.0
489,96,"Wipfler et al., 2011",HT,tegner,"96, Wipfler et al., 2011, HT, tegner",continuous,25.0,6.14,0.37,,,,,,Included,29.87,7.3,19.0,12.0,108.0,9.0
490,98,"Yoo et al., 2017",HT,tegner,"98, Yoo et al., 2017, HT, tegner",continuous,68.0,5.0,1.48,2.0,,,,9.0,Included,30.0,9.96,61.0,7.0,32.8,2.7
491,98,"Yoo et al., 2017",TA,tegner,"98, Yoo et al., 2017, TA, tegner",continuous,64.0,5.0,1.07,3.0,,,,8.0,Included,30.0,9.96,61.0,7.0,32.8,2.7
492,2,"Aglietti et al., 2004",BPTB,lachman_2,"2, Aglietti et al., 2004, BPTB, lachman_2",dichotomous,60.0,0.0,0.06,,,,,,Included,25.0,4.97,46.0,14.0,24.0,2.0
493,2,"Aglietti et al., 2004",HT,lachman_2,"2, Aglietti et al., 2004, HT, lachman_2",dichotomous,60.0,0.0,0.06,,,,,,Included,25.0,4.97,46.0,14.0,24.0,2.0
496,11,"Beynnon et al., 2002",BPTB,lachman_2,"11, Beynnon et al., 2002, BPTB, lachman_2",dichotomous,22.0,13.0,0.586,,,,,,Included,28.5,6.96,18.0,10.0,36.0,3.0
497,11,"Beynnon et al., 2002",HT,lachman_2,"11, Beynnon et al., 2002, HT, lachman_2",dichotomous,22.0,7.0,7.036,,,,,,Included,28.5,6.96,18.0,10.0,36.0,3.0
498,13,"Björnsson et al., 2016",BPTB,lachman_2,"13, Björnsson et al., 2016, BPTB, lachman_2",dichotomous,61.0,7.0,1.085,,,,,,Included,28.2,9.1,42.0,19.0,202.6,16.9
499,13,"Björnsson et al., 2016",HT,lachman_2,"13, Björnsson et al., 2016, HT, lachman_2",dichotomous,86.0,21.0,2.88,,,,,,Included,28.2,9.1,42.0,19.0,202.6,16.9
502,23,"Ejerhed et al., 2003",BPTB,lachman_2,"23, Ejerhed et al., 2003, BPTB, lachman_2",dichotomous,32.0,2.0,5.158,,,,,,Included,27.26,8.47,21.0,11.0,24.0,2.0
503,23,"Ejerhed et al., 2003",HT,lachman_2,"23, Ejerhed et al., 2003, HT, lachman_2",dichotomous,34.0,0.0,4.227,,,,,,Included,27.26,8.47,21.0,11.0,24.0,2.0
504,26,"Feller & Webster, 2003",BPTB,lachman_2,"26, Feller & Webster, 2003, BPTB, lachman_2",dichotomous,27.0,0.0,0.3,,,,,,Included,25.8,6.0,23.0,8.0,36.0,3.0
505,26,"Feller & Webster, 2003",HT,lachman_2,"26, Feller & Webster, 2003, HT, lachman_2",dichotomous,21.0,0.0,0.109,,,,,,Included,25.8,6.0,23.0,8.0,36.0,3.0
506,30,"Gifstad et al., 2013",BPTB,lachman_2,"30, Gifstad et al., 2013, BPTB, lachman_2",dichotomous,41.0,1.0,0.24,,,,,,Included,27.0,6.74,,,84.0,7.0
507,30,"Gifstad et al., 2013",HT,lachman_2,"30, Gifstad et al., 2013, HT, lachman_2",dichotomous,36.0,1.0,0.257,,,,,,Included,27.0,6.74,,,84.0,7.0
508,32,"Guglielmetti et al., 2021",BPTB,lachman_2,"32, Guglielmetti et al., 2021, BPTB, lachman_2",dichotomous,31.0,2.0,0.48,,,,,,Included,25.2,5.48,23.0,8.0,24.0,2.0
509,32,"Guglielmetti et al., 2021",HT,lachman_2,"32, Guglielmetti et al., 2021, HT, lachman_2",dichotomous,31.0,3.0,0.696,,,,,,Included,25.2,5.48,23.0,8.0,24.0,2.0
510,33,"Harilainen et al., 2006",BPTB,lachman_2,"33, Harilainen et al., 2006, BPTB, lachman_2",dichotomous,37.0,0.0,0.082,,,,,,Included,,,,,60.6,5.1
511,33,"Harilainen et al., 2006",HT,lachman_2,"33, Harilainen et al., 2006, HT, lachman_2",dichotomous,37.0,1.0,0.253,,,,,,Included,,,,,60.6,5.1
512,37,"Ibrahim et al., 2005",BPTB,lachman_2,"37, Ibrahim et al., 2005, BPTB, lachman_2",dichotomous,40.0,0.0,0.994,,,,,,Included,22.3,3.94,40.0,0.0,81.0,6.8
513,37,"Ibrahim et al., 2005",HT,lachman_2,"37, Ibrahim et al., 2005, HT, lachman_2",dichotomous,46.0,0.0,1.304,,,,,,Included,22.3,3.94,40.0,0.0,81.0,6.8
516,41,"Jansson et al., 2003",BPTB,lachman_2,"41, Jansson et al., 2003, BPTB, lachman_2",dichotomous,43.0,0.0,1.593,,,,,,Included,,,,,24.0,2.0
517,41,"Jansson et al., 2003",HT,lachman_2,"41, Jansson et al., 2003, HT, lachman_2",dichotomous,46.0,0.0,1.517,,,,,,Included,,,,,24.0,2.0
518,45,"Konrads et al., 2016",BPTB,lachman_2,"45, Konrads et al., 2016, BPTB, lachman_2",dichotomous,24.0,0.0,2.603,,,,,,Included,29.8,6.33,22.0,9.0,120.0,10.0
519,45,"Konrads et al., 2016",HT,lachman_2,"45, Konrads et al., 2016, HT, lachman_2",dichotomous,23.0,2.0,4.596,,,,,,Included,29.8,6.33,22.0,9.0,120.0,10.0
522,51,"Li et al., 2015",HT,lachman_2,"51, Li et al., 2015, HT, lachman_2",dichotomous,32.0,2.0,1.414,,,,,,Included,29.8,7.9,17.0,15.0,69.6,5.8
523,51,"Li et al., 2015",TA,lachman_2,"51, Li et al., 2015, TA, lachman_2",dichotomous,32.0,4.0,4.019,,,,,,Included,29.8,7.9,17.0,15.0,69.6,5.8
524,52,"Lidén et al., 2007",BPTB,lachman_2,"52, Lidén et al., 2007, BPTB, lachman_2",dichotomous,30.0,1.0,15.405,,,,,,Included,28.0,8.37,23.0,11.0,87.10618173,7.3
525,52,"Lidén et al., 2007",HT,lachman_2,"52, Lidén et al., 2007, HT, lachman_2",dichotomous,32.0,2.0,20.607,,,,,,Included,28.0,8.37,23.0,11.0,87.10618173,7.3
526,55,"Lui et al., 2012",BPTB,lachman_2,"55, Lui et al., 2012, BPTB, lachman_2",dichotomous,14.0,0.0,1.684,,,,,,Included,26.5,5.0,14.0,0.0,12.0,1.0
527,55,"Lui et al., 2012",HT,lachman_2,"55, Lui et al., 2012, HT, lachman_2",dichotomous,17.0,0.0,1.031,,,,,,Included,26.5,5.0,14.0,0.0,12.0,1.0
528,58,"Malik et al., 2026",HT,lachman_2,"58, Malik et al., 2026, HT, lachman_2",dichotomous,25.0,3.0,0.8,,,,,,Included,28.12,5.21,18.0,7.0,6.0,0.5
529,58,"Malik et al., 2026",PLT,lachman_2,"58, Malik et al., 2026, PLT, lachman_2",dichotomous,25.0,2.0,0.54,,,,,,Included,28.12,5.21,18.0,7.0,6.0,0.5
536,70,"Noh et al., 2011",HT,lachman_2,"70, Noh et al., 2011, HT, lachman_2",dichotomous,33.0,1.0,1.383,,,,,,Included,25.81,7.46,30.0,3.0,28.1,2.3
537,70,"Noh et al., 2011",AT,lachman_2,"70, Noh et al., 2011, AT, lachman_2",dichotomous,32.0,3.0,3.098,,,,,,Included,25.81,7.46,30.0,3.0,28.1,2.3
538,76,"Pinczewski et al., 2007",BPTB,lachman_2,"76, Pinczewski et al., 2007, BPTB, lachman_2",dichotomous,53.0,0.0,1.778,,,,,,Included,25.0,5.49,48.0,42.0,120.0,10.0
539,76,"Pinczewski et al., 2007",HT,lachman_2,"76, Pinczewski et al., 2007, HT, lachman_2",dichotomous,58.0,1.0,2.07,,,,,,Included,25.0,5.49,48.0,42.0,120.0,10.0
540,77,"Popovic et al., 2024",BPTB,lachman_2,"77, Popovic et al., 2024, BPTB, lachman_2",dichotomous,38.0,9.0,0.081,,,,,,Included,27.0,6.82,,,228.0,19.0
541,77,"Popovic et al., 2024",HT,lachman_2,"77, Popovic et al., 2024, HT, lachman_2",dichotomous,33.0,5.0,0.087,,,,,,Included,27.0,6.82,,,228.0,19.0
542,82,"Sajovic et al., 2018",BPTB,lachman_2,"82, Sajovic et al., 2018, BPTB, lachman_2",dichotomous,24.0,0.0,1.418,,,,,,Included,45.5,8.7,15.0,9.0,204.0,17.0
543,82,"Sajovic et al., 2018",HT,lachman_2,"82, Sajovic et al., 2018, HT, lachman_2",dichotomous,24.0,0.0,1.418,,,,,,Included,45.5,8.7,15.0,9.0,204.0,17.0
546,98,"Yoo et al., 2017",HT,lachman_2,"98, Yoo et al., 2017, HT, lachman_2",dichotomous,68.0,4.0,0.58,,,,,,Included,30.0,9.96,61.0,7.0,32.8,2.7
547,98,"Yoo et al., 2017",TA,lachman_2,"98, Yoo et al., 2017, TA, lachman_2",dichotomous,64.0,6.0,0.897,,,,,,Included,30.0,9.96,61.0,7.0,32.8,2.7
548,2,"Aglietti et al., 2004",BPTB,pivot_shift_2,"2, Aglietti et al., 2004, BPTB, pivot_shift_2",dichotomous,60.0,0.0,0.065,,,,,,Included,25.0,4.97,46.0,14.0,24.0,2.0
549,2,"Aglietti et al., 2004",HT,pivot_shift_2,"2, Aglietti et al., 2004, HT, pivot_shift_2",dichotomous,60.0,0.0,0.065,,,,,,Included,25.0,4.97,46.0,14.0,24.0,2.0
550,5,"Anderson et al., 2001",BPTB,pivot_shift_2,"5, Anderson et al., 2001, BPTB, pivot_shift_2",dichotomous,35.0,15.0,1.585,,,,,,Included,23.6,7.13,23.0,12.0,34.6,2.9
551,5,"Anderson et al., 2001",HT,pivot_shift_2,"5, Anderson et al., 2001, HT, pivot_shift_2",dichotomous,33.0,27.0,1.953,,,,,,Included,23.6,7.13,23.0,12.0,34.6,2.9
554,11,"Beynnon et al., 2002",BPTB,pivot_shift_2,"11, Beynnon et al., 2002, BPTB, pivot_shift_2",dichotomous,22.0,6.0,0.107,,,,,,Included,28.5,6.96,18.0,10.0,36.0,3.0
555,11,"Beynnon et al., 2002",HT,pivot_shift_2,"11, Beynnon et al., 2002, HT, pivot_shift_2",dichotomous,22.0,1.0,1.905,,,,,,Included,28.5,6.96,18.0,10.0,36.0,3.0
556,12,"Bi et al., 2018",HT,pivot_shift_2,"12, Bi et al., 2018, HT, pivot_shift_2",dichotomous,62.0,1.0,0.064,,,,,,Included,27.9,6.7,31.0,31.0,30.3,2.5
557,12,"Bi et al., 2018",PLT,pivot_shift_2,"12, Bi et al., 2018, PLT, pivot_shift_2",dichotomous,62.0,0.0,0.064,,,,,,Included,27.9,6.7,31.0,31.0,30.3,2.5
558,13,"Björnsson et al., 2016",BPTB,pivot_shift_2,"13, Björnsson et al., 2016, BPTB, pivot_shift_2",dichotomous,61.0,12.0,1.992,,,,,,Included,28.2,9.1,42.0,19.0,202.6,16.9
559,13,"Björnsson et al., 2016",HT,pivot_shift_2,"13, Björnsson et al., 2016, HT, pivot_shift_2",dichotomous,86.0,13.0,1.715,,,,,,Included,28.2,9.1,42.0,19.0,202.6,16.9
562,25,"Eriksson et al., 2001",BPTB,pivot_shift_2,"25, Eriksson et al., 2001, BPTB, pivot_shift_2",dichotomous,42.0,0.0,0.405,,,,,,Included,27.0,6.0,,,6.7,0.6
563,25,"Eriksson et al., 2001",HT,pivot_shift_2,"25, Eriksson et al., 2001, HT, pivot_shift_2",dichotomous,47.0,0.0,1.714,,,,,,Included,27.0,6.0,,,6.7,0.6
564,26,"Feller & Webster, 2003",BPTB,pivot_shift_2,"26, Feller & Webster, 2003, BPTB, pivot_shift_2",dichotomous,27.0,0.0,0.096,,,,,,Included,25.8,6.0,23.0,8.0,36.0,3.0
565,26,"Feller & Webster, 2003",HT,pivot_shift_2,"26, Feller & Webster, 2003, HT, pivot_shift_2",dichotomous,21.0,0.0,1.575,,,,,,Included,25.8,6.0,23.0,8.0,36.0,3.0
566,32,"Guglielmetti et al., 2021",BPTB,pivot_shift_2,"32, Guglielmetti et al., 2021, BPTB, pivot_shift_2",dichotomous,31.0,2.0,0.48,,,,,,Included,25.2,5.48,23.0,8.0,24.0,2.0
567,32,"Guglielmetti et al., 2021",HT,pivot_shift_2,"32, Guglielmetti et al., 2021, HT, pivot_shift_2",dichotomous,31.0,1.0,0.696,,,,,,Included,25.2,5.48,23.0,8.0,24.0,2.0
568,33,"Harilainen et al., 2006",BPTB,pivot_shift_2,"33, Harilainen et al., 2006, BPTB, pivot_shift_2",dichotomous,37.0,0.0,0.082,,,,,,Included,,,,,60.6,5.1
569,33,"Harilainen et al., 2006",HT,pivot_shift_2,"33, Harilainen et al., 2006, HT, pivot_shift_2",dichotomous,37.0,1.0,0.253,,,,,,Included,,,,,60.6,5.1
570,34,"Heijne & Werner, 2010",BPTB,pivot_shift_2,"34, Heijne & Werner, 2010, BPTB, pivot_shift_2",dichotomous,30.0,3.0,0.71,,,,,,Included,29.0,7.0,22.0,12.0,24.7,2.1
571,34,"Heijne & Werner, 2010",HT,pivot_shift_2,"34, Heijne & Werner, 2010, HT, pivot_shift_2",dichotomous,29.0,8.0,2.18,,,,,,Included,29.0,7.0,22.0,12.0,24.7,2.1
572,36,"Horstmann et al., 2022",HT,pivot_shift_2,"36, Horstmann et al., 2022, HT, pivot_shift_2",dichotomous,26.0,0.0,0.098,,,,,,Included,32.7,11.4,12.0,15.0,24.0,2.0
573,36,"Horstmann et al., 2022",QT,pivot_shift_2,"36, Horstmann et al., 2022, QT, pivot_shift_2",dichotomous,23.0,0.0,0.104,,,,,,Included,32.7,11.4,12.0,15.0,24.0,2.0
574,37,"Ibrahim et al., 2005",BPTB,pivot_shift_2,"37, Ibrahim et al., 2005, BPTB, pivot_shift_2",dichotomous,40.0,0.0,0.994,,,,,,Included,22.3,3.94,40.0,0.0,81.0,6.8
575,37,"Ibrahim et al., 2005",HT,pivot_shift_2,"37, Ibrahim et al., 2005, HT, pivot_shift_2",dichotomous,45.0,0.0,1.541,,,,,,Included,22.3,3.94,40.0,0.0,81.0,6.8
578,41,"Jansson et al., 2003",BPTB,pivot_shift_2,"41, Jansson et al., 2003, BPTB, pivot_shift_2",dichotomous,43.0,0.0,0.574,,,,,,Included,,,,,24.0,2.0
579,41,"Jansson et al., 2003",HT,pivot_shift_2,"41, Jansson et al., 2003, HT, pivot_shift_2",dichotomous,46.0,0.0,0.552,,,,,,Included,,,,,24.0,2.0
582,46,"Laoruengthana et al., 2009",BPTB,pivot_shift_2,"46, Laoruengthana et al., 2009, BPTB, pivot_shift_2",dichotomous,15.0,0.0,0.745,,,,,,Included,29.93,8.91,,,19.0,1.6
583,46,"Laoruengthana et al., 2009",HT,pivot_shift_2,"46, Laoruengthana et al., 2009, HT, pivot_shift_2",dichotomous,13.0,0.0,0.819,,,,,,Included,29.93,8.91,,,19.0,1.6
584,47,"Lawhorn et al., 2012",HT,pivot_shift_2,"47, Lawhorn et al., 2012, HT, pivot_shift_2",dichotomous,44.0,1.0,1.072,,,,,,Included,32.0,8.43,32.0,22.0,24.0,2.0
585,47,"Lawhorn et al., 2012",TA,pivot_shift_2,"47, Lawhorn et al., 2012, TA, pivot_shift_2",dichotomous,48.0,0.0,0.746,,,,,,Included,32.0,8.43,32.0,22.0,24.0,2.0
586,51,"Li et al., 2015",HT,pivot_shift_2,"51, Li et al., 2015, HT, pivot_shift_2",dichotomous,32.0,0.0,0.909,,,,,,Included,29.8,7.9,17.0,15.0,69.6,5.8
587,51,"Li et al., 2015",TA,pivot_shift_2,"51, Li et al., 2015, TA, pivot_shift_2",dichotomous,32.0,1.0,2.337,,,,,,Included,29.8,7.9,17.0,15.0,69.6,5.8
588,53,"Lind et al., 2020",HT,pivot_shift_2,"53, Lind et al., 2020, HT, pivot_shift_2",dichotomous,49.0,0.0,2.118,,,,,,Included,27.1,6.1,25.0,24.0,24.0,2.0
589,53,"Lind et al., 2020",QT,pivot_shift_2,"53, Lind et al., 2020, QT, pivot_shift_2",dichotomous,47.0,0.0,1.494,,,,,,Included,27.1,6.1,25.0,24.0,24.0,2.0
590,54,"Lucidi et al., 2025",BPTB,pivot_shift_2,"54, Lucidi et al., 2025, BPTB, pivot_shift_2",dichotomous,19.0,7.0,2.72,,,,,,Included,52.8,7.3,,,240.0,20.0
591,54,"Lucidi et al., 2025",HT,pivot_shift_2,"54, Lucidi et al., 2025, HT, pivot_shift_2",dichotomous,20.0,5.0,1.64,,,,,,Included,52.8,7.3,,,240.0,20.0
592,56,"Lund et al., 2014",BPTB,pivot_shift_2,"56, Lund et al., 2014, BPTB, pivot_shift_2",dichotomous,18.0,3.0,0.99,,,,,,Included,31.0,8.0,15.0,3.0,24.0,2.0
593,56,"Lund et al., 2014",QT,pivot_shift_2,"56, Lund et al., 2014, QT, pivot_shift_2",dichotomous,21.0,8.0,3.0,,,,,,Included,31.0,8.0,15.0,3.0,24.0,2.0
594,58,"Malik et al., 2026",HT,pivot_shift_2,"58, Malik et al., 2026, HT, pivot_shift_2",dichotomous,25.0,4.0,1.07,,,,,,Included,28.12,5.21,18.0,7.0,6.0,0.5
595,58,"Malik et al., 2026",PLT,pivot_shift_2,"58, Malik et al., 2026, PLT, pivot_shift_2",dichotomous,25.0,3.0,0.8,,,,,,Included,28.12,5.21,18.0,7.0,6.0,0.5
598,70,"Noh et al., 2011",HT,pivot_shift_2,"70, Noh et al., 2011, HT, pivot_shift_2",dichotomous,33.0,1.0,1.383,,,,,,Included,25.81,7.46,30.0,3.0,28.1,2.3
599,70,"Noh et al., 2011",AT,pivot_shift_2,"70, Noh et al., 2011, AT, pivot_shift_2",dichotomous,32.0,3.0,1.414,,,,,,Included,25.81,7.46,30.0,3.0,28.1,2.3
600,76,"Pinczewski et al., 2007",BPTB,pivot_shift_2,"76, Pinczewski et al., 2007, BPTB, pivot_shift_2",dichotomous,53.0,0.0,0.834,,,,,,Included,25.0,5.49,48.0,42.0,120.0,10.0
601,76,"Pinczewski et al., 2007",HT,pivot_shift_2,"76, Pinczewski et al., 2007, HT, pivot_shift_2",dichotomous,58.0,0.0,1.295,,,,,,Included,25.0,5.49,48.0,42.0,120.0,10.0
602,77,"Popovic et al., 2024",BPTB,pivot_shift_2,"77, Popovic et al., 2024, BPTB, pivot_shift_2",dichotomous,38.0,1.0,0.616,,,,,,Included,27.0,6.82,,,228.0,19.0
603,77,"Popovic et al., 2024",HT,pivot_shift_2,"77, Popovic et al., 2024, HT, pivot_shift_2",dichotomous,33.0,3.0,0.087,,,,,,Included,27.0,6.82,,,228.0,19.0
604,82,"Sajovic et al., 2018",BPTB,pivot_shift_2,"82, Sajovic et al., 2018, BPTB, pivot_shift_2",dichotomous,24.0,0.0,1.769,,,,,,Included,45.5,8.7,15.0,9.0,204.0,17.0
605,82,"Sajovic et al., 2018",HT,pivot_shift_2,"82, Sajovic et al., 2018, HT, pivot_shift_2",dichotomous,24.0,0.0,1.418,,,,,,Included,45.5,8.7,15.0,9.0,204.0,17.0
608,97,"Yadav et al., 2025",HT,pivot_shift_2,"97, Yadav et al., 2025, HT, pivot_shift_2",dichotomous,36.0,1.0,1.065,,,,,,Included,30.06,8.87,32.0,4.0,12.0,1.0
609,97,"Yadav et al., 2025",QT,pivot_shift_2,"97, Yadav et al., 2025, QT, pivot_shift_2",dichotomous,33.0,0.0,0.087,,,,,,Included,30.06,8.87,32.0,4.0,12.0,1.0
610,98,"Yoo et al., 2017",HT,pivot_shift_2,"98, Yoo et al., 2017, HT, pivot_shift_2",dichotomous,68.0,2.0,0.312,,,,,,Included,30.0,9.96,61.0,7.0,32.8,2.7
611,98,"Yoo et al., 2017",TA,pivot_shift_2,"98, Yoo et al., 2017, TA, pivot_shift_2",dichotomous,64.0,3.0,0.459,,,,,,Included,30.0,9.96,61.0,7.0,32.8,2.7
